{
  "width": 0.24058184, 
  "rotation": -0.21735525, 
  "xCenter": 0.10115471, 
  "yCenter": 0.45440364, 
  "height": 0.42770103
}