{
  "width": 0.23403232, 
  "rotation": -1.1998085, 
  "xCenter": 0.42571044, 
  "yCenter": 0.81008095, 
  "height": 0.41605744
}