{
  "width": 0.35535917, 
  "rotation": -2.6711767, 
  "xCenter": 0.67653006, 
  "yCenter": 0.7381983, 
  "height": 0.63174963
}