{
  "width": 0.2852708, 
  "rotation": -0.26182103, 
  "xCenter": 0.44277573, 
  "yCenter": 0.28541943, 
  "height": 0.5071481
}