{
  "width": 0.25162196, 
  "rotation": -0.8048805, 
  "xCenter": 0.69105124, 
  "yCenter": 0.4288508, 
  "height": 0.44732794
}