{
  "width": 0.22001147, 
  "rotation": 1.0355, 
  "xCenter": 0.13917983, 
  "yCenter": 0.5038878, 
  "height": 0.39113152
}