{
  "width": 0.16759704, 
  "rotation": -0.8387059, 
  "xCenter": 0.34465364, 
  "yCenter": 0.7215309, 
  "height": 0.2979503
}