{
  "width": 0.32774928, 
  "rotation": -0.99652684, 
  "xCenter": 0.59210974, 
  "yCenter": 0.3921436, 
  "height": 0.5826654
}