{
  "width": 0.34014028, 
  "rotation": -2.5641243, 
  "xCenter": 0.6610258, 
  "yCenter": 0.7250222, 
  "height": 0.60469383
}