{
  "width": 0.22276019, 
  "rotation": -0.14233279, 
  "xCenter": 0.46867007, 
  "yCenter": 0.28046027, 
  "height": 0.39601812
}