{
  "width": 0.20349881, 
  "rotation": 0.7909874, 
  "xCenter": 0.24632706, 
  "yCenter": 0.3130656, 
  "height": 0.36177564
}