{
  "width": 0.1746057, 
  "rotation": -0.41994298, 
  "xCenter": 0.10042039, 
  "yCenter": 0.55153376, 
  "height": 0.3104101
}