{
  "width": 0.22567405, 
  "rotation": -0.21404803, 
  "xCenter": 0.28685084, 
  "yCenter": 0.46092868, 
  "height": 0.40119833
}