{
  "width": 0.24662723, 
  "rotation": -0.8802525, 
  "xCenter": 0.52386165, 
  "yCenter": 0.7721752, 
  "height": 0.43844837
}