{
  "width": 0.21312258, 
  "rotation": 0.8388775, 
  "xCenter": 0.12577969, 
  "yCenter": 0.525057, 
  "height": 0.37888455
}