{
  "width": 0.16922641, 
  "rotation": -0.25053787, 
  "xCenter": 0.35801712, 
  "yCenter": 0.36293402, 
  "height": 0.30084693
}