{
  "width": 0.18659396, 
  "rotation": -0.09522283, 
  "xCenter": 0.3208238, 
  "yCenter": 0.62790674, 
  "height": 0.3317226
}