{
  "width": 0.2865505, 
  "rotation": -0.39964163, 
  "xCenter": 0.56279683, 
  "yCenter": 0.7361459, 
  "height": 0.5094231
}