{
  "width": 0.23130186, 
  "rotation": -0.43502223, 
  "xCenter": 0.40494108, 
  "yCenter": 0.6346625, 
  "height": 0.41120332
}