{
  "width": 0.16153204, 
  "rotation": 0.48651624, 
  "xCenter": 0.41716555, 
  "yCenter": 0.400349, 
  "height": 0.28716806
}