{
  "width": 0.28090918, 
  "rotation": -1.0508438, 
  "xCenter": 0.6751954, 
  "yCenter": 0.519169, 
  "height": 0.49939412
}