{
  "width": 0.24841402, 
  "rotation": -0.46315968, 
  "xCenter": 0.28152257, 
  "yCenter": 0.5447063, 
  "height": 0.44162497
}