{
  "width": 0.2763854, 
  "rotation": -0.2699498, 
  "xCenter": 0.44420353, 
  "yCenter": 0.2914593, 
  "height": 0.4913518
}