{
  "width": 0.22769798, 
  "rotation": -0.42552328, 
  "xCenter": 0.50447375, 
  "yCenter": 0.3290032, 
  "height": 0.40479642
}