{
  "width": 0.18524665, 
  "rotation": -0.5269996, 
  "xCenter": 0.5179681, 
  "yCenter": 0.52260375, 
  "height": 0.32932734
}