{
  "width": 0.37423027, 
  "rotation": -0.32049537, 
  "xCenter": 0.23292474, 
  "yCenter": 0.68768996, 
  "height": 0.6652983
}