{
  "width": 0.2883164, 
  "rotation": 0.15642011, 
  "xCenter": 0.14369226, 
  "yCenter": 0.30958676, 
  "height": 0.51256245
}