{
  "width": 0.21278875, 
  "rotation": -0.8864871, 
  "xCenter": 0.50538087, 
  "yCenter": 0.63249576, 
  "height": 0.3782911
}