{
  "width": 0.27946624, 
  "rotation": -0.90058434, 
  "xCenter": 0.6736031, 
  "yCenter": 0.39375603, 
  "height": 0.49682888
}