{
  "width": 0.27558777, 
  "rotation": -0.9065119, 
  "xCenter": 0.67100847, 
  "yCenter": 0.32394966, 
  "height": 0.48993382
}