{
  "width": 0.2630511, 
  "rotation": -0.8109528, 
  "xCenter": 0.68564016, 
  "yCenter": 0.4449872, 
  "height": 0.46764636
}