{
  "width": 0.2359035, 
  "rotation": -0.34295058, 
  "xCenter": 0.51174676, 
  "yCenter": 0.48397964, 
  "height": 0.41938403
}