{
  "width": 0.2808838, 
  "rotation": 0.3513044, 
  "xCenter": 0.16733849, 
  "yCenter": 0.27742058, 
  "height": 0.49934894
}