{
  "width": 0.25087374, 
  "rotation": 0.18570542, 
  "xCenter": 0.077213265, 
  "yCenter": 0.40478268, 
  "height": 0.44599777
}