{
  "width": 0.056715515, 
  "rotation": -1.9556154, 
  "xCenter": 0.4086242, 
  "yCenter": 0.56967294, 
  "height": 0.10082758
}