{
  "width": 0.28162533, 
  "rotation": 0.10132527, 
  "xCenter": 0.14122185, 
  "yCenter": 0.28501862, 
  "height": 0.5006672
}