{
  "width": 0.21105917, 
  "rotation": -0.092030406, 
  "xCenter": 0.47665867, 
  "yCenter": 0.27829272, 
  "height": 0.37521634
}