{
  "width": 0.28070906, 
  "rotation": -1.908749, 
  "xCenter": 0.59760773, 
  "yCenter": 0.30659688, 
  "height": 0.49903834
}