{
  "width": 0.15398343, 
  "rotation": 0.8046518, 
  "xCenter": 0.26185033, 
  "yCenter": 0.36665154, 
  "height": 0.2737483
}