{
  "width": 0.28172404, 
  "rotation": -0.31995893, 
  "xCenter": 0.4269105, 
  "yCenter": 0.31097147, 
  "height": 0.50084275
}