{
  "width": 0.2724489, 
  "rotation": -0.2322458, 
  "xCenter": 0.43330505, 
  "yCenter": 0.3087908, 
  "height": 0.48435357
}