{
  "width": 0.27832556, 
  "rotation": 0.2018683, 
  "xCenter": 0.14955784, 
  "yCenter": 0.28431985, 
  "height": 0.49480098
}