{
  "width": 0.28713706, 
  "rotation": -0.5391089, 
  "xCenter": 0.73117656, 
  "yCenter": 0.73890036, 
  "height": 0.51046586
}