{
  "width": 0.275132, 
  "rotation": 0.18908775, 
  "xCenter": 0.09300856, 
  "yCenter": 0.57780033, 
  "height": 0.48912352
}