{
  "width": 0.24223839, 
  "rotation": -0.6053213, 
  "xCenter": 0.76905566, 
  "yCenter": 0.51040757, 
  "height": 0.43064603
}