{
  "width": 0.368863, 
  "rotation": -0.38648915, 
  "xCenter": 0.6904192, 
  "yCenter": 0.73101807, 
  "height": 0.6557564
}