{
  "width": 0.20213434, 
  "rotation": -0.2754134, 
  "xCenter": 0.2960036, 
  "yCenter": 0.44759634, 
  "height": 0.35934994
}