{
  "width": 0.20984133, 
  "rotation": 0.20620859, 
  "xCenter": 0.618502, 
  "yCenter": 0.47316596, 
  "height": 0.37305126
}