{
  "width": 0.2578656, 
  "rotation": -0.7875391, 
  "xCenter": 0.65360254, 
  "yCenter": 0.38607126, 
  "height": 0.45842776
}