{
  "width": 0.29816782, 
  "rotation": -0.8195032, 
  "xCenter": 0.65388066, 
  "yCenter": 0.33988422, 
  "height": 0.53007615
}