{
  "width": 0.1392419, 
  "rotation": -0.8192395, 
  "xCenter": 0.76493096, 
  "yCenter": 0.1856252, 
  "height": 0.24754116
}