{
  "width": 0.30127096, 
  "rotation": -1.5674993, 
  "xCenter": 0.44432423, 
  "yCenter": 0.62457323, 
  "height": 0.53559285
}