{
  "width": 0.17060581, 
  "rotation": -0.5068046, 
  "xCenter": 0.38988027, 
  "yCenter": 0.5668254, 
  "height": 0.30329922
}