{
  "width": 0.20260328, 
  "rotation": -0.4892267, 
  "xCenter": 0.08300855, 
  "yCenter": 0.46390507, 
  "height": 0.3601836
}