{
  "width": 0.2726715, 
  "rotation": 0.36060035, 
  "xCenter": 0.15768673, 
  "yCenter": 0.2870573, 
  "height": 0.48474935
}