{
  "width": 0.20492917, 
  "rotation": 0.7242659, 
  "xCenter": 0.11832032, 
  "yCenter": 0.41439274, 
  "height": 0.36431852
}