{
  "width": 0.19505854, 
  "rotation": -0.17221415, 
  "xCenter": 0.5537472, 
  "yCenter": 0.48273057, 
  "height": 0.34677073
}