{
  "width": 0.24488904, 
  "rotation": -0.5155555, 
  "xCenter": 0.28449467, 
  "yCenter": 0.54725593, 
  "height": 0.4353583
}