{
  "width": 0.23562604, 
  "rotation": -0.6590973, 
  "xCenter": 0.6848541, 
  "yCenter": 0.5217862, 
  "height": 0.41889074
}