{
  "width": 0.15489598, 
  "rotation": -0.15151095, 
  "xCenter": 0.39177835, 
  "yCenter": 0.5371473, 
  "height": 0.27537063
}