{
  "width": 0.29429087, 
  "rotation": -0.5546771, 
  "xCenter": 0.267402, 
  "yCenter": 0.80290216, 
  "height": 0.52318376
}