{
  "width": 0.25352827, 
  "rotation": -0.84829867, 
  "xCenter": 0.67415696, 
  "yCenter": 0.4437125, 
  "height": 0.45071688
}