{
  "width": 0.2831786, 
  "rotation": -0.26565564, 
  "xCenter": 0.43578476, 
  "yCenter": 0.3120309, 
  "height": 0.50342864
}