{
  "width": 0.22672167, 
  "rotation": 0.175735, 
  "xCenter": 0.15009598, 
  "yCenter": 0.48217404, 
  "height": 0.40306073
}