{
  "width": 0.21613769, 
  "rotation": -0.67890704, 
  "xCenter": 0.6027143, 
  "yCenter": 0.5363572, 
  "height": 0.38424477
}