{
  "width": 0.36870995, 
  "rotation": -0.3732977, 
  "xCenter": 0.18300444, 
  "yCenter": 0.74187905, 
  "height": 0.65548426
}