{
  "width": 0.2783121, 
  "rotation": -0.6152531, 
  "xCenter": 0.7101533, 
  "yCenter": 0.5009976, 
  "height": 0.49477705
}