{
  "width": 0.25814304, 
  "rotation": 0.30667043, 
  "xCenter": 0.08047557, 
  "yCenter": 0.3553571, 
  "height": 0.45892096
}