{
  "width": 0.14772435, 
  "rotation": -0.6910311, 
  "xCenter": 0.7637518, 
  "yCenter": 0.18101159, 
  "height": 0.26262105
}