{
  "width": 0.20112951, 
  "rotation": -0.29765713, 
  "xCenter": 0.3069172, 
  "yCenter": 0.8806639, 
  "height": 0.35756356
}