{
  "width": 0.20738502, 
  "rotation": 0.77363735, 
  "xCenter": 0.121573314, 
  "yCenter": 0.42154694, 
  "height": 0.36868447
}