{
  "width": 0.29374474, 
  "rotation": 0.15741563, 
  "xCenter": 0.15706603, 
  "yCenter": 0.24073902, 
  "height": 0.5222129
}