{
  "width": 0.17764634, 
  "rotation": -2.5854614, 
  "xCenter": 0.9407879, 
  "yCenter": 0.7678043, 
  "height": 0.31581572
}