{
  "width": 0.20860586, 
  "rotation": -0.6695639, 
  "xCenter": 0.7502764, 
  "yCenter": 0.22957905, 
  "height": 0.37085485
}