{
  "width": 0.35918632, 
  "rotation": -1.5295557, 
  "xCenter": 0.49173504, 
  "yCenter": 0.11190091, 
  "height": 0.63855344
}