{
  "width": 0.22408001, 
  "rotation": -0.48718083, 
  "xCenter": 0.5283225, 
  "yCenter": 0.62054825, 
  "height": 0.39836445
}