{
  "width": 0.14461188, 
  "rotation": -2.3003004, 
  "xCenter": 0.058682464, 
  "yCenter": 0.9127454, 
  "height": 0.25708777
}