{
  "width": 0.30416647, 
  "rotation": -0.65803444, 
  "xCenter": 0.70994973, 
  "yCenter": 0.50828874, 
  "height": 0.54074043
}