{
  "width": 0.35305536, 
  "rotation": -0.6136936, 
  "xCenter": 0.27545136, 
  "yCenter": 0.6922946, 
  "height": 0.62765396
}