{
  "width": 0.27622378, 
  "rotation": -0.24131894, 
  "xCenter": 0.4535016, 
  "yCenter": 0.33558285, 
  "height": 0.4910645
}