{
  "width": 0.28408566, 
  "rotation": -0.3318584, 
  "xCenter": 0.49269104, 
  "yCenter": 0.29560438, 
  "height": 0.5050412
}