{
  "width": 0.18800282, 
  "rotation": -0.46779358, 
  "xCenter": 0.28713056, 
  "yCenter": 0.5508133, 
  "height": 0.3342272
}