{
  "width": 0.18804389, 
  "rotation": -1.1505638, 
  "xCenter": 0.3238508, 
  "yCenter": 0.7262222, 
  "height": 0.33430025
}