{
  "width": 0.21026613, 
  "rotation": 0.6996135, 
  "xCenter": 0.11624746, 
  "yCenter": 0.3879668, 
  "height": 0.37380642
}