{
  "width": 0.2950256, 
  "rotation": -2.1388013, 
  "xCenter": 0.5562266, 
  "yCenter": 0.34728557, 
  "height": 0.52448994
}