{
  "width": 0.11701886, 
  "rotation": 0.048057795, 
  "xCenter": 0.37805402, 
  "yCenter": 0.30115166, 
  "height": 0.20803355
}