{
  "width": 0.18788256, 
  "rotation": 0.9631794, 
  "xCenter": 0.22342369, 
  "yCenter": 0.36981338, 
  "height": 0.33401343
}