{
  "width": 0.2844785, 
  "rotation": -1.9335159, 
  "xCenter": 0.41801253, 
  "yCenter": 0.74170214, 
  "height": 0.5057395
}