{
  "width": 0.26820707, 
  "rotation": -0.90214217, 
  "xCenter": 0.6684593, 
  "yCenter": 0.3070216, 
  "height": 0.47681257
}