{
  "width": 0.24875303, 
  "rotation": -1.0064121, 
  "xCenter": 0.66169554, 
  "yCenter": 0.2524889, 
  "height": 0.4422276
}