{
  "width": 0.19605274, 
  "rotation": 0.05607319, 
  "xCenter": 0.11744547, 
  "yCenter": 0.52682525, 
  "height": 0.34853822
}