{
  "width": 0.38472608, 
  "rotation": -0.2418772, 
  "xCenter": 0.23807321, 
  "yCenter": 0.6808701, 
  "height": 0.68395746
}