{
  "width": 0.17079782, 
  "rotation": 1.116108, 
  "xCenter": 0.23877244, 
  "yCenter": 0.45258906, 
  "height": 0.30364057
}