{
  "width": 0.24884214, 
  "rotation": -0.5298761, 
  "xCenter": 0.4702162, 
  "yCenter": 0.44856933, 
  "height": 0.44238603
}