{
  "width": 0.2727978, 
  "rotation": -0.35867417, 
  "xCenter": 0.47328982, 
  "yCenter": 0.2786797, 
  "height": 0.48497385
}