{
  "width": 0.24812827, 
  "rotation": 0.19861317, 
  "xCenter": 0.08296338, 
  "yCenter": 0.41497543, 
  "height": 0.44111693
}