{
  "width": 0.26618484, 
  "rotation": -2.4783947, 
  "xCenter": 0.2977595, 
  "yCenter": 0.7272901, 
  "height": 0.4732175
}