{
  "width": 0.21153735, 
  "rotation": -0.1998496, 
  "xCenter": 0.11591419, 
  "yCenter": 0.55862176, 
  "height": 0.3760664
}