{
  "width": 0.17998286, 
  "rotation": -0.6978401, 
  "xCenter": 0.35844764, 
  "yCenter": 0.62055147, 
  "height": 0.3199695
}