{
  "width": 0.16547483, 
  "rotation": 1.6070815, 
  "xCenter": 0.16669041, 
  "yCenter": 0.5820827, 
  "height": 0.2941775
}