{
  "width": 0.18809201, 
  "rotation": -0.18334603, 
  "xCenter": 0.37283942, 
  "yCenter": 0.5087793, 
  "height": 0.33438578
}