{
  "width": 0.319886, 
  "rotation": -1.547696, 
  "xCenter": 0.4755258, 
  "yCenter": 0.19073212, 
  "height": 0.5686862
}