{
  "width": 0.110599086, 
  "rotation": 0.3441733, 
  "xCenter": 0.39092207, 
  "yCenter": 0.51930016, 
  "height": 0.1966206
}