{
  "width": 0.12883484, 
  "rotation": -1.4662274, 
  "xCenter": 0.015872136, 
  "yCenter": 0.6585034, 
  "height": 0.22903973
}