{
  "width": 0.21805291, 
  "rotation": -0.16920996, 
  "xCenter": 0.30123675, 
  "yCenter": 0.43282828, 
  "height": 0.38764963
}