{
  "width": 0.1951041, 
  "rotation": -0.15380716, 
  "xCenter": 0.06990937, 
  "yCenter": 0.45869902, 
  "height": 0.34685174
}