{
  "width": 0.25119376, 
  "rotation": -0.37867653, 
  "xCenter": 0.30826494, 
  "yCenter": 0.514587, 
  "height": 0.4465667
}