{
  "width": 0.28168154, 
  "rotation": 0.19496024, 
  "xCenter": 0.12692192, 
  "yCenter": 0.6686908, 
  "height": 0.5007672
}