{
  "width": 0.23973717, 
  "rotation": -0.17108083, 
  "xCenter": 0.33172596, 
  "yCenter": 0.5827793, 
  "height": 0.42619938
}