{
  "width": 0.33564207, 
  "rotation": -2.648431, 
  "xCenter": 0.43203017, 
  "yCenter": 0.8477144, 
  "height": 0.59669703
}