{
  "width": 0.17921466, 
  "rotation": -0.4980694, 
  "xCenter": 0.38135812, 
  "yCenter": 0.54742235, 
  "height": 0.31860384
}