{
  "width": 0.26857197, 
  "rotation": -0.9625901, 
  "xCenter": 0.67315614, 
  "yCenter": 0.44416827, 
  "height": 0.47746128
}