{
  "width": 0.2190937, 
  "rotation": 0.55520034, 
  "xCenter": 0.11356066, 
  "yCenter": 0.33126992, 
  "height": 0.3894999
}