{
  "width": 0.3173712, 
  "rotation": -1.9175228, 
  "xCenter": 0.5521578, 
  "yCenter": 0.29867914, 
  "height": 0.5642154
}