{
  "width": 0.3200802, 
  "rotation": -2.6324246, 
  "xCenter": 0.44278187, 
  "yCenter": 0.8916817, 
  "height": 0.5690314
}