{
  "width": 0.2785344, 
  "rotation": -1.7111024, 
  "xCenter": 0.5327317, 
  "yCenter": 0.25235194, 
  "height": 0.49517226
}