{
  "width": 0.2810361, 
  "rotation": -1.0311967, 
  "xCenter": 0.43322504, 
  "yCenter": 0.7288089, 
  "height": 0.49961975
}