{
  "width": 0.4086708, 
  "rotation": -0.52914345, 
  "xCenter": 0.69165516, 
  "yCenter": 0.71744114, 
  "height": 0.7265259
}