{
  "width": 0.18129694, 
  "rotation": 0.9729446, 
  "xCenter": 0.2606059, 
  "yCenter": 0.4545468, 
  "height": 0.32230568
}