{
  "width": 0.19032586, 
  "rotation": -0.12707198, 
  "xCenter": 0.5786036, 
  "yCenter": 0.61901605, 
  "height": 0.33835706
}