{
  "width": 0.24728693, 
  "rotation": -1.1165854, 
  "xCenter": 0.31972498, 
  "yCenter": 0.63331217, 
  "height": 0.4396212
}