{
  "width": 0.19582978, 
  "rotation": -0.3309765, 
  "xCenter": 0.06948629, 
  "yCenter": 0.5270254, 
  "height": 0.34814182
}