{
  "width": 0.25627404, 
  "rotation": -0.9553336, 
  "xCenter": 0.6683349, 
  "yCenter": 0.39246655, 
  "height": 0.45559832
}