{
  "width": 0.301752, 
  "rotation": -0.7532562, 
  "xCenter": 0.71543986, 
  "yCenter": 0.28703025, 
  "height": 0.536448
}