{
  "width": 0.22388768, 
  "rotation": -0.43226063, 
  "xCenter": 0.53994393, 
  "yCenter": 0.59659535, 
  "height": 0.39802256
}