{
  "width": 0.1831825, 
  "rotation": 0.9260189, 
  "xCenter": 0.17976598, 
  "yCenter": 0.47388726, 
  "height": 0.32565776
}