{
  "width": 0.24251091, 
  "rotation": -1.2579027, 
  "xCenter": 0.324688, 
  "yCenter": 0.122773916, 
  "height": 0.43113053
}