{
  "width": 0.22163075, 
  "rotation": -2.1256983, 
  "xCenter": 0.47, 
  "yCenter": 0.5257862, 
  "height": 0.39401022
}