{
  "width": 0.30897945, 
  "rotation": -0.29790246, 
  "xCenter": 0.57979774, 
  "yCenter": 0.7063142, 
  "height": 0.5492968
}