{
  "width": 0.3291176, 
  "rotation": -0.97731936, 
  "xCenter": 0.64368236, 
  "yCenter": 0.38321084, 
  "height": 0.58509797
}