{
  "width": 0.30715853, 
  "rotation": -1.0035213, 
  "xCenter": 0.5891285, 
  "yCenter": 0.40161133, 
  "height": 0.5460596
}