{
  "width": 0.23297013, 
  "rotation": -0.7716094, 
  "xCenter": 0.6246652, 
  "yCenter": 0.45205855, 
  "height": 0.41416913
}