{
  "width": 0.24461956, 
  "rotation": -0.9691137, 
  "xCenter": 0.7627141, 
  "yCenter": 0.20920435, 
  "height": 0.4348792
}