{
  "width": 0.22262485, 
  "rotation": -0.63708484, 
  "xCenter": 0.18086681, 
  "yCenter": 0.4838977, 
  "height": 0.39577752
}