{
  "width": 0.1302654, 
  "rotation": -1.5011045, 
  "xCenter": 0.013282422, 
  "yCenter": 0.66006637, 
  "height": 0.23158294
}