{
  "width": 0.15780298, 
  "rotation": -0.14207399, 
  "xCenter": 0.16340604, 
  "yCenter": 0.42038476, 
  "height": 0.28053865
}