{
  "width": 0.17040217, 
  "rotation": 1.1402688, 
  "xCenter": 0.25011632, 
  "yCenter": 0.45179033, 
  "height": 0.3029372
}