{
  "width": 0.25608262, 
  "rotation": 0.3728634, 
  "xCenter": 0.09698679, 
  "yCenter": 0.29939738, 
  "height": 0.455258
}