{
  "width": 0.18151434, 
  "rotation": 1.5572994, 
  "xCenter": 0.1283179, 
  "yCenter": 0.57374513, 
  "height": 0.32269213
}