{
  "width": 0.21884738, 
  "rotation": -0.52466357, 
  "xCenter": 0.30828688, 
  "yCenter": 0.5146279, 
  "height": 0.389062
}