{
  "width": 0.26570535, 
  "rotation": 0.089512825, 
  "xCenter": 0.14148152, 
  "yCenter": 0.29290327, 
  "height": 0.47236505
}