{
  "width": 0.23486327, 
  "rotation": -0.17589617, 
  "xCenter": 0.051430173, 
  "yCenter": 0.48623782, 
  "height": 0.4175347
}