{
  "width": 0.18205379, 
  "rotation": -0.5543362, 
  "xCenter": 0.24950686, 
  "yCenter": 0.5999373, 
  "height": 0.3236512
}