{
  "width": 0.24866275, 
  "rotation": -0.19899821, 
  "xCenter": 0.56224686, 
  "yCenter": 0.56800306, 
  "height": 0.44206712
}