{
  "width": 0.27262712, 
  "rotation": -0.36203384, 
  "xCenter": 0.3990525, 
  "yCenter": 0.41780135, 
  "height": 0.48467043
}