{
  "width": 0.24041887, 
  "rotation": -0.27746308, 
  "xCenter": 0.34429055, 
  "yCenter": 0.47779968, 
  "height": 0.42741132
}