{
  "width": 0.24061537, 
  "rotation": -0.21813548, 
  "xCenter": 0.550137, 
  "yCenter": 0.55531883, 
  "height": 0.42776066
}