{
  "width": 0.37309015, 
  "rotation": -0.50574934, 
  "xCenter": 0.65541947, 
  "yCenter": 0.7542069, 
  "height": 0.66327137
}