{
  "width": 0.1643754, 
  "rotation": 0.91585696, 
  "xCenter": 0.24465533, 
  "yCenter": 0.41371992, 
  "height": 0.29222292
}