{
  "width": 0.16350569, 
  "rotation": 0.60063, 
  "xCenter": 0.19070986, 
  "yCenter": 0.33479738, 
  "height": 0.29067677
}