{
  "width": 0.16475375, 
  "rotation": 0.37997544, 
  "xCenter": 0.57061815, 
  "yCenter": 0.4486447, 
  "height": 0.29289556
}