{
  "width": 0.1502758, 
  "rotation": -2.3588955, 
  "xCenter": 0.05273403, 
  "yCenter": 0.911868, 
  "height": 0.26715696
}