{
  "width": 0.08992002, 
  "rotation": 0.0989877, 
  "xCenter": 0.36258602, 
  "yCenter": 0.70403457, 
  "height": 0.15985781
}