{
  "width": 0.19416025, 
  "rotation": -1.2507921, 
  "xCenter": 0.47731948, 
  "yCenter": 0.68523854, 
  "height": 0.34517378
}