{
  "width": 0.18468982, 
  "rotation": 0.33330834, 
  "xCenter": 0.19182391, 
  "yCenter": 0.2814994, 
  "height": 0.32833746
}