{
  "width": 0.23768525, 
  "rotation": 0.4286028, 
  "xCenter": 0.12073595, 
  "yCenter": 0.47605464, 
  "height": 0.42255157
}