{
  "width": 0.29502714, 
  "rotation": -0.42573893, 
  "xCenter": 0.39957643, 
  "yCenter": 0.8060482, 
  "height": 0.5244927
}