{
  "width": 0.24648191, 
  "rotation": -2.0747678, 
  "xCenter": 0.49905062, 
  "yCenter": 0.76417965, 
  "height": 0.43819007
}