{
  "width": 0.27155927, 
  "rotation": -0.6424614, 
  "xCenter": 0.663538, 
  "yCenter": 0.3941772, 
  "height": 0.48277202
}