{
  "width": 0.20565839, 
  "rotation": -0.5359436, 
  "xCenter": 0.37695378, 
  "yCenter": 0.5764715, 
  "height": 0.36561492
}