{
  "width": 0.256189, 
  "rotation": 0.51493895, 
  "xCenter": 0.20193338, 
  "yCenter": 0.2698894, 
  "height": 0.45544708
}