{
  "width": 0.29533586, 
  "rotation": -0.8492607, 
  "xCenter": 0.69688874, 
  "yCenter": 0.41326237, 
  "height": 0.5250415
}