{
  "width": 0.11045487, 
  "rotation": 0.549526, 
  "xCenter": 0.3996039, 
  "yCenter": 0.77363366, 
  "height": 0.19636421
}