{
  "width": 0.22304836, 
  "rotation": -0.3771001, 
  "xCenter": 0.5429696, 
  "yCenter": 0.55850697, 
  "height": 0.39653042
}