{
  "width": 0.29019493, 
  "rotation": -1.5242802, 
  "xCenter": 0.68392825, 
  "yCenter": 0.6119131, 
  "height": 0.5159021
}