{
  "width": 0.28897354, 
  "rotation": -0.8179518, 
  "xCenter": 0.69803363, 
  "yCenter": 0.39636886, 
  "height": 0.51373076
}