{
  "width": 0.31140134, 
  "rotation": -0.7378131, 
  "xCenter": 0.2763312, 
  "yCenter": 0.78900677, 
  "height": 0.5536024
}