{
  "width": 0.38362545, 
  "rotation": -0.65194666, 
  "xCenter": 0.67643714, 
  "yCenter": 0.7484225, 
  "height": 0.68200076
}