{
  "width": 0.22034572, 
  "rotation": -0.75223863, 
  "xCenter": 0.6264141, 
  "yCenter": 0.46393403, 
  "height": 0.39172572
}