{
  "width": 0.37026253, 
  "rotation": -0.6345562, 
  "xCenter": 0.8622375, 
  "yCenter": 0.6397211, 
  "height": 0.6582445
}