{
  "width": 0.25135037, 
  "rotation": -0.46223795, 
  "xCenter": 0.3013272, 
  "yCenter": 0.47618756, 
  "height": 0.44684508
}