{
  "width": 0.30715466, 
  "rotation": -1.1578022, 
  "xCenter": 0.63477093, 
  "yCenter": 0.5448582, 
  "height": 0.5460527
}