{
  "width": 0.34582868, 
  "rotation": -1.6642627, 
  "xCenter": 0.55070907, 
  "yCenter": 0.18155994, 
  "height": 0.61480653
}