{
  "width": 0.20782506, 
  "rotation": -0.3887831, 
  "xCenter": 0.50050986, 
  "yCenter": 0.49393922, 
  "height": 0.36946678
}