{
  "width": 0.194529, 
  "rotation": -0.5921978, 
  "xCenter": 0.072358906, 
  "yCenter": 0.51492035, 
  "height": 0.3458293
}