{
  "width": 0.13347341, 
  "rotation": 1.1788281, 
  "xCenter": 0.27216068, 
  "yCenter": 0.41200912, 
  "height": 0.23728606
}