{
  "width": 0.3472057, 
  "rotation": -0.73274624, 
  "xCenter": 0.80400956, 
  "yCenter": 0.6383867, 
  "height": 0.61725456
}