{
  "width": 0.2581154, 
  "rotation": 0.1467762, 
  "xCenter": 0.10591193, 
  "yCenter": 0.57893676, 
  "height": 0.45887184
}