{
  "width": 0.23832814, 
  "rotation": 0.07910442, 
  "xCenter": 0.080852725, 
  "yCenter": 0.55228096, 
  "height": 0.4236945
}