{
  "width": 0.22624047, 
  "rotation": -0.72454345, 
  "xCenter": 0.53556246, 
  "yCenter": 0.74858564, 
  "height": 0.4022053
}