{
  "width": 0.30595887, 
  "rotation": -0.7977396, 
  "xCenter": 0.7090026, 
  "yCenter": 0.32148373, 
  "height": 0.5439269
}