{
  "width": 0.25842524, 
  "rotation": -0.92274034, 
  "xCenter": 0.6170194, 
  "yCenter": 0.43046102, 
  "height": 0.45942262
}