{
  "width": 0.23222983, 
  "rotation": -0.4258951, 
  "xCenter": 0.4918872, 
  "yCenter": 0.35409346, 
  "height": 0.41285303
}