{
  "width": 0.22042064, 
  "rotation": -0.87849057, 
  "xCenter": 0.69701284, 
  "yCenter": 0.4850406, 
  "height": 0.39185894
}