{
  "width": 0.29556513, 
  "rotation": -2.0073102, 
  "xCenter": 0.50699884, 
  "yCenter": 0.104732126, 
  "height": 0.5254491
}