{
  "width": 0.20506689, 
  "rotation": -0.68462336, 
  "xCenter": 0.051091872, 
  "yCenter": 0.4312741, 
  "height": 0.36456335
}