{
  "width": 0.20820326, 
  "rotation": -0.4060657, 
  "xCenter": 0.07117875, 
  "yCenter": 0.39663962, 
  "height": 0.37013912
}