{
  "width": 0.15604688, 
  "rotation": 1.8935668, 
  "xCenter": 0.14587644, 
  "yCenter": 0.5379997, 
  "height": 0.27741668
}