{
  "width": 0.24009202, 
  "rotation": -0.8687283, 
  "xCenter": 0.6970607, 
  "yCenter": 0.47680572, 
  "height": 0.42683026
}