{
  "width": 0.1548536, 
  "rotation": -0.3616004, 
  "xCenter": 0.34993055, 
  "yCenter": 0.38773116, 
  "height": 0.2752953
}