{
  "width": 0.25475162, 
  "rotation": -0.6016747, 
  "xCenter": 0.41368943, 
  "yCenter": 0.71685195, 
  "height": 0.45289177
}