{
  "width": 0.25293875, 
  "rotation": -1.993059, 
  "xCenter": 0.49458617, 
  "yCenter": 0.741747, 
  "height": 0.44966888
}