{
  "width": 0.18896845, 
  "rotation": -1.7237018, 
  "xCenter": 0.3304909, 
  "yCenter": 0.7455574, 
  "height": 0.3359439
}