{
  "width": 0.27368796, 
  "rotation": 0.040054083, 
  "xCenter": 0.102084085, 
  "yCenter": 0.29615384, 
  "height": 0.48655635
}