{
  "width": 0.2063969, 
  "rotation": -0.54530823, 
  "xCenter": 0.6843229, 
  "yCenter": 0.4098839, 
  "height": 0.36692783
}