{
  "width": 0.28184274, 
  "rotation": -0.9539672, 
  "xCenter": 0.67436874, 
  "yCenter": 0.3581202, 
  "height": 0.50105375
}