{
  "width": 0.30284053, 
  "rotation": -0.2620921, 
  "xCenter": 0.5798206, 
  "yCenter": 0.7287326, 
  "height": 0.5383832
}