{
  "width": 0.21373951, 
  "rotation": 0.65727705, 
  "xCenter": 0.1134537, 
  "yCenter": 0.3286444, 
  "height": 0.37998137
}