{
  "width": 0.23978208, 
  "rotation": -0.88039386, 
  "xCenter": 0.5223492, 
  "yCenter": 0.7694227, 
  "height": 0.42627928
}