{
  "width": 0.31797263, 
  "rotation": -1.0858914, 
  "xCenter": 0.648486, 
  "yCenter": 0.48651826, 
  "height": 0.56528467
}