{
  "width": 0.38188744, 
  "rotation": -0.65193594, 
  "xCenter": 0.87248576, 
  "yCenter": 0.62145793, 
  "height": 0.67891103
}