{
  "width": 0.20775168, 
  "rotation": -2.2635906, 
  "xCenter": 0.5070366, 
  "yCenter": 0.5698991, 
  "height": 0.36933634
}