{
  "width": 0.3630653, 
  "rotation": -0.37902594, 
  "xCenter": 0.8649299, 
  "yCenter": 0.6405436, 
  "height": 0.64544946
}