{
  "width": 0.15996845, 
  "rotation": 1.2849308, 
  "xCenter": 0.12381151, 
  "yCenter": 0.43748593, 
  "height": 0.28438836
}