{
  "width": 0.24298225, 
  "rotation": -0.9017314, 
  "xCenter": 0.59951496, 
  "yCenter": 0.16410115, 
  "height": 0.43196845
}