{
  "width": 0.27218604, 
  "rotation": -2.0551875, 
  "xCenter": 0.54737765, 
  "yCenter": 0.32093975, 
  "height": 0.48388627
}