{
  "width": 0.23859482, 
  "rotation": 0.104759574, 
  "xCenter": 0.12438563, 
  "yCenter": 0.44522575, 
  "height": 0.42416856
}