{
  "width": 0.35931996, 
  "rotation": -1.8118962, 
  "xCenter": 0.5560087, 
  "yCenter": 0.25273642, 
  "height": 0.638791
}