{
  "width": 0.17065457, 
  "rotation": -1.7085279, 
  "xCenter": 0.46518737, 
  "yCenter": 0.61429244, 
  "height": 0.30338588
}