{
  "width": 0.15400031, 
  "rotation": -0.44160593, 
  "xCenter": 0.35311788, 
  "yCenter": 0.37445626, 
  "height": 0.27377835
}