{
  "width": 0.19666444, 
  "rotation": -0.6332797, 
  "xCenter": 0.511785, 
  "yCenter": 0.5435319, 
  "height": 0.34962568
}