{
  "width": 0.2174944, 
  "rotation": -0.53341067, 
  "xCenter": 0.75332105, 
  "yCenter": 0.2289758, 
  "height": 0.3866567
}