{
  "width": 0.26186678, 
  "rotation": 0.18148577, 
  "xCenter": 0.15608737, 
  "yCenter": 0.26489145, 
  "height": 0.46554095
}