{
  "width": 0.27050582, 
  "rotation": -0.22203231, 
  "xCenter": 0.44447842, 
  "yCenter": 0.29153314, 
  "height": 0.48089924
}