{
  "width": 0.24661574, 
  "rotation": -0.48318732, 
  "xCenter": 0.2952884, 
  "yCenter": 0.47360235, 
  "height": 0.43842795
}