{
  "width": 0.26973602, 
  "rotation": -1.721373, 
  "xCenter": 0.5362616, 
  "yCenter": 0.30466068, 
  "height": 0.47953072
}