{
  "width": 0.29274008, 
  "rotation": -0.8777703, 
  "xCenter": 0.66072375, 
  "yCenter": 0.45113045, 
  "height": 0.5204268
}