{
  "width": 0.365119, 
  "rotation": -0.54128754, 
  "xCenter": 0.8683382, 
  "yCenter": 0.6368214, 
  "height": 0.6491004
}