{
  "width": 0.18591501, 
  "rotation": -0.5979992, 
  "xCenter": 0.38579968, 
  "yCenter": 0.57954234, 
  "height": 0.3305156
}