{
  "width": 0.1649322, 
  "rotation": -0.2320354, 
  "xCenter": 0.39282715, 
  "yCenter": 0.44178078, 
  "height": 0.2932128
}