{
  "width": 0.24134274, 
  "rotation": -0.99916375, 
  "xCenter": 0.6596858, 
  "yCenter": 0.25741047, 
  "height": 0.42905372
}