{
  "width": 0.31624562, 
  "rotation": -2.6818154, 
  "xCenter": 0.43426046, 
  "yCenter": 0.861418, 
  "height": 0.56221443
}