{
  "width": 0.2053149, 
  "rotation": -0.5405375, 
  "xCenter": 0.5558227, 
  "yCenter": 0.6604409, 
  "height": 0.36500427
}