{
  "width": 0.267112, 
  "rotation": -0.21756971, 
  "xCenter": 0.44941276, 
  "yCenter": 0.29954642, 
  "height": 0.47486573
}