{
  "width": 0.26208204, 
  "rotation": -0.36533654, 
  "xCenter": 0.39996693, 
  "yCenter": 0.39151782, 
  "height": 0.4659236
}