{
  "width": 0.26096228, 
  "rotation": -0.91201985, 
  "xCenter": 0.6776785, 
  "yCenter": 0.3266284, 
  "height": 0.4639329
}