{
  "width": 0.2300176, 
  "rotation": 1.0600576, 
  "xCenter": 0.14039174, 
  "yCenter": 0.37463123, 
  "height": 0.4089202
}