{
  "width": 0.21257238, 
  "rotation": -0.34338832, 
  "xCenter": 0.37645367, 
  "yCenter": 0.5084519, 
  "height": 0.37790647
}