{
  "width": 0.271991, 
  "rotation": -0.6610018, 
  "xCenter": 0.78579605, 
  "yCenter": 0.5417037, 
  "height": 0.48353958
}