{
  "width": 0.22726646, 
  "rotation": -0.5315057, 
  "xCenter": 0.4076389, 
  "yCenter": 0.6623349, 
  "height": 0.40402928
}