{
  "width": 0.13093898, 
  "rotation": -0.040974498, 
  "xCenter": 0.032298822, 
  "yCenter": 0.5140914, 
  "height": 0.23278041
}