{
  "width": 0.23170519, 
  "rotation": 0.34454978, 
  "xCenter": 0.11278782, 
  "yCenter": 0.33865264, 
  "height": 0.41192034
}