{
  "width": 0.23581837, 
  "rotation": -0.30461466, 
  "xCenter": 0.54532886, 
  "yCenter": 0.44862258, 
  "height": 0.41923267
}