{
  "width": 0.08559791, 
  "rotation": 1.0022228, 
  "xCenter": 0.39654815, 
  "yCenter": 0.7656265, 
  "height": 0.15217406
}