{
  "width": 0.18225117, 
  "rotation": 0.17620003, 
  "xCenter": 0.36276904, 
  "yCenter": 0.7448513, 
  "height": 0.3240021
}