{
  "width": 0.27707255, 
  "rotation": 0.35996068, 
  "xCenter": 0.16068497, 
  "yCenter": 0.28207463, 
  "height": 0.4925734
}