{
  "width": 0.15555577, 
  "rotation": 0.98129183, 
  "xCenter": 0.2363366, 
  "yCenter": 0.4292458, 
  "height": 0.2765436
}