{
  "width": 0.25982076, 
  "rotation": -0.6140417, 
  "xCenter": 0.41141284, 
  "yCenter": 0.70511174, 
  "height": 0.46190354
}