{
  "width": 0.33815697, 
  "rotation": -0.5187758, 
  "xCenter": 0.34177056, 
  "yCenter": 0.7776323, 
  "height": 0.6011679
}