{
  "width": 0.2755005, 
  "rotation": -0.31123364, 
  "xCenter": 0.42033246, 
  "yCenter": 0.3032175, 
  "height": 0.4897787
}