{
  "width": 0.21807672, 
  "rotation": 0.22036052, 
  "xCenter": 0.102943674, 
  "yCenter": 0.36017936, 
  "height": 0.38769192
}