{
  "width": 0.25062627, 
  "rotation": -0.84141624, 
  "xCenter": 0.27427024, 
  "yCenter": 0.5508714, 
  "height": 0.4455578
}