{
  "width": 0.2694242, 
  "rotation": -0.8679515, 
  "xCenter": 0.6512871, 
  "yCenter": 0.32863963, 
  "height": 0.47897637
}