{
  "width": 0.17664476, 
  "rotation": -0.46689236, 
  "xCenter": 0.5728503, 
  "yCenter": 0.7105382, 
  "height": 0.31403515
}