{
  "width": 0.15769795, 
  "rotation": -0.8513502, 
  "xCenter": 0.1962651, 
  "yCenter": 0.6362779, 
  "height": 0.2803519
}