{
  "width": 0.17646274, 
  "rotation": -0.2418474, 
  "xCenter": 0.33659658, 
  "yCenter": 0.44267675, 
  "height": 0.31371155
}