{
  "width": 0.22563347, 
  "rotation": -0.56814253, 
  "xCenter": 0.4035455, 
  "yCenter": 0.66062057, 
  "height": 0.40112615
}