{
  "width": 0.29116338, 
  "rotation": -0.8529898, 
  "xCenter": 0.5190019, 
  "yCenter": 0.7265782, 
  "height": 0.5176238
}