{
  "width": 0.32722166, 
  "rotation": -0.7077049, 
  "xCenter": 0.81871593, 
  "yCenter": 0.6675443, 
  "height": 0.58172745
}