{
  "width": 0.34221324, 
  "rotation": -0.4149971, 
  "xCenter": 0.1880151, 
  "yCenter": 0.74338055, 
  "height": 0.60837907
}