{
  "width": 0.15593739, 
  "rotation": -0.961321, 
  "xCenter": 0.34449315, 
  "yCenter": 0.6446081, 
  "height": 0.277222
}