{
  "width": 0.19363761, 
  "rotation": -0.5069748, 
  "xCenter": 0.5697009, 
  "yCenter": 0.6827135, 
  "height": 0.3442446
}