{
  "width": 0.26418215, 
  "rotation": 0.15466166, 
  "xCenter": 0.09916401, 
  "yCenter": 0.5813798, 
  "height": 0.46965712
}