{
  "width": 0.21676455, 
  "rotation": -0.640134, 
  "xCenter": 0.3495632, 
  "yCenter": 0.5895989, 
  "height": 0.3853592
}