{
  "width": 0.23552439, 
  "rotation": -2.0334551, 
  "xCenter": 0.5077485, 
  "yCenter": 0.69559896, 
  "height": 0.41871002
}