{
  "width": 0.40846348, 
  "rotation": -0.34468532, 
  "xCenter": 0.709351, 
  "yCenter": 0.6992792, 
  "height": 0.7261573
}