{
  "width": 0.1845092, 
  "rotation": -2.5937088, 
  "xCenter": 0.34694558, 
  "yCenter": 0.79628265, 
  "height": 0.32801637
}