{
  "width": 0.28959146, 
  "rotation": -2.1892145, 
  "xCenter": 0.4252398, 
  "yCenter": 0.76948965, 
  "height": 0.5148293
}