{
  "width": 0.20854203, 
  "rotation": -2.1848533, 
  "xCenter": 0.30223152, 
  "yCenter": 0.59714705, 
  "height": 0.3707414
}