{
  "width": 0.31135407, 
  "rotation": -1.4183854, 
  "xCenter": 0.5348881, 
  "yCenter": 0.25233632, 
  "height": 0.55351835
}