{
  "width": 0.21058589, 
  "rotation": -0.55294573, 
  "xCenter": 0.36299384, 
  "yCenter": 0.57783455, 
  "height": 0.3743749
}