{
  "width": 0.40242404, 
  "rotation": -0.3250774, 
  "xCenter": 0.27596864, 
  "yCenter": 0.66577756, 
  "height": 0.7154205
}