{
  "width": 0.21876733, 
  "rotation": 0.72295177, 
  "xCenter": 0.122710295, 
  "yCenter": 0.34231383, 
  "height": 0.38891968
}