{
  "width": 0.22761507, 
  "rotation": -0.85894525, 
  "xCenter": 0.7316484, 
  "yCenter": 0.52330697, 
  "height": 0.40464902
}