{
  "width": 0.28730798, 
  "rotation": -0.8409251, 
  "xCenter": 0.6073648, 
  "yCenter": 0.21332589, 
  "height": 0.5107698
}