{
  "width": 0.3748178, 
  "rotation": -0.464193, 
  "xCenter": 0.6818051, 
  "yCenter": 0.74974966, 
  "height": 0.66634274
}