{
  "width": 0.146736, 
  "rotation": -0.34378266, 
  "xCenter": 0.34829098, 
  "yCenter": 0.36079884, 
  "height": 0.260864
}