{
  "width": 0.19512993, 
  "rotation": 1.0302895, 
  "xCenter": 0.19073476, 
  "yCenter": 0.42097086, 
  "height": 0.34689763
}