{
  "width": 0.20923515, 
  "rotation": -0.49879515, 
  "xCenter": 0.37236312, 
  "yCenter": 0.5829358, 
  "height": 0.3719736
}