{
  "width": 0.26946488, 
  "rotation": -0.88658583, 
  "xCenter": 0.64397544, 
  "yCenter": 0.4060247, 
  "height": 0.47904867
}