{
  "width": 0.21741167, 
  "rotation": -1.1046251, 
  "xCenter": 0.32820684, 
  "yCenter": 0.038222775, 
  "height": 0.38650966
}