{
  "width": 0.13428007, 
  "rotation": -1.3933059, 
  "xCenter": 0.007821828, 
  "yCenter": 0.65264815, 
  "height": 0.2387201
}