{
  "width": 0.32776886, 
  "rotation": -0.8459846, 
  "xCenter": 0.6812927, 
  "yCenter": 0.40362543, 
  "height": 0.5827002
}