{
  "width": 0.19619185, 
  "rotation": -1.016388, 
  "xCenter": 0.09346307, 
  "yCenter": 0.605078, 
  "height": 0.34878552
}