{
  "width": 0.27266002, 
  "rotation": -0.37284315, 
  "xCenter": 0.4866969, 
  "yCenter": 0.2806224, 
  "height": 0.48472893
}