{
  "width": 0.3813458, 
  "rotation": -0.45966256, 
  "xCenter": 0.68153787, 
  "yCenter": 0.75438774, 
  "height": 0.6779481
}