{
  "width": 0.14298102, 
  "rotation": -0.34365332, 
  "xCenter": 0.4065949, 
  "yCenter": 0.24037984, 
  "height": 0.2541885
}