{
  "width": 0.3034517, 
  "rotation": -0.8384086, 
  "xCenter": 0.70627403, 
  "yCenter": 0.28769505, 
  "height": 0.53946966
}