{
  "width": 0.07061796, 
  "rotation": -0.8397037, 
  "xCenter": 0.006318026, 
  "yCenter": 0.65185773, 
  "height": 0.12554304
}