{
  "width": 0.21133201, 
  "rotation": -0.14672363, 
  "xCenter": 0.620841, 
  "yCenter": 0.5527936, 
  "height": 0.37570137
}