{
  "width": 0.32660303, 
  "rotation": -2.093003, 
  "xCenter": 0.50973886, 
  "yCenter": 0.2185731, 
  "height": 0.58062756
}