{
  "width": 0.26992306, 
  "rotation": 0.083789945, 
  "xCenter": 0.107913494, 
  "yCenter": 0.30187172, 
  "height": 0.47986323
}