{
  "width": 0.2582521, 
  "rotation": -0.8819796, 
  "xCenter": 0.6707541, 
  "yCenter": 0.4460234, 
  "height": 0.45911488
}