{
  "width": 0.26533186, 
  "rotation": -0.4855796, 
  "xCenter": 0.42434573, 
  "yCenter": 0.50644016, 
  "height": 0.4717011
}