{
  "width": 0.37657344, 
  "rotation": -0.45269072, 
  "xCenter": 0.68512017, 
  "yCenter": 0.74877703, 
  "height": 0.66946393
}