{
  "width": 0.21965912, 
  "rotation": 0.19921684, 
  "xCenter": 0.5137315, 
  "yCenter": 0.26036713, 
  "height": 0.3905051
}