{
  "width": 0.15964839, 
  "rotation": 0.5482569, 
  "xCenter": 0.56789386, 
  "yCenter": 0.45638424, 
  "height": 0.28381938
}