{
  "width": 0.16130346, 
  "rotation": 1.0630598, 
  "xCenter": 0.23448576, 
  "yCenter": 0.44236365, 
  "height": 0.2867617
}