{
  "width": 0.22701114, 
  "rotation": -0.6313244, 
  "xCenter": 0.34520924, 
  "yCenter": 0.61158454, 
  "height": 0.40357536
}