{
  "width": 0.22403274, 
  "rotation": -0.41410732, 
  "xCenter": 0.43123013, 
  "yCenter": 0.47397062, 
  "height": 0.39828044
}