{
  "width": 0.2674277, 
  "rotation": -0.9093839, 
  "xCenter": 0.67270297, 
  "yCenter": 0.31684548, 
  "height": 0.47542703
}