{
  "width": 0.20377964, 
  "rotation": -0.41242158, 
  "xCenter": 0.10151412, 
  "yCenter": 0.42793608, 
  "height": 0.3622749
}