{
  "width": 0.17221099, 
  "rotation": 0.8670094, 
  "xCenter": 0.3702822, 
  "yCenter": 0.70062405, 
  "height": 0.30615288
}