{
  "width": 0.2149389, 
  "rotation": 1.1808474, 
  "xCenter": 0.22686881, 
  "yCenter": 0.53541267, 
  "height": 0.38211358
}