{
  "width": 0.20611958, 
  "rotation": 0.58192015, 
  "xCenter": 0.14546487, 
  "yCenter": 0.50809604, 
  "height": 0.36643478
}