{
  "width": 0.23505543, 
  "rotation": -0.07226622, 
  "xCenter": 0.56684166, 
  "yCenter": 0.56412446, 
  "height": 0.41787633
}