{
  "width": 0.13229348, 
  "rotation": -1.3388101, 
  "xCenter": 0.022059571, 
  "yCenter": 0.62446284, 
  "height": 0.23518841
}