{
  "width": 0.3048459, 
  "rotation": -0.1687516, 
  "xCenter": 0.29602817, 
  "yCenter": 0.7498265, 
  "height": 0.54194826
}