{
  "width": 0.41228026, 
  "rotation": -0.48341906, 
  "xCenter": 0.66473734, 
  "yCenter": 0.77867717, 
  "height": 0.73294264
}