{
  "width": 0.17174686, 
  "rotation": 1.2243718, 
  "xCenter": 0.24221903, 
  "yCenter": 0.45630074, 
  "height": 0.30532774
}