{
  "width": 0.29302382, 
  "rotation": -0.81971896, 
  "xCenter": 0.7176682, 
  "yCenter": 0.3271527, 
  "height": 0.52093124
}