{
  "width": 0.22317202, 
  "rotation": -0.30724108, 
  "xCenter": 0.0548215, 
  "yCenter": 0.49139827, 
  "height": 0.39675027
}