{
  "width": 0.23480423, 
  "rotation": -0.5388402, 
  "xCenter": 0.35772258, 
  "yCenter": 0.63573945, 
  "height": 0.41742975
}