{
  "width": 0.2350152, 
  "rotation": 0.14783537, 
  "xCenter": 0.030386675, 
  "yCenter": 0.47184393, 
  "height": 0.4178048
}