{
  "width": 0.20269912, 
  "rotation": -0.46589243, 
  "xCenter": 0.10438639, 
  "yCenter": 0.5240592, 
  "height": 0.360354
}