{
  "width": 0.24546684, 
  "rotation": -0.5299269, 
  "xCenter": 0.38926458, 
  "yCenter": 0.46911344, 
  "height": 0.4363855
}