{
  "width": 0.20350607, 
  "rotation": -0.36639977, 
  "xCenter": 0.55968195, 
  "yCenter": 0.60337067, 
  "height": 0.36178857
}