{
  "width": 0.31608778, 
  "rotation": -0.8204993, 
  "xCenter": 0.7081111, 
  "yCenter": 0.28494102, 
  "height": 0.5619338
}