{
  "width": 0.27111217, 
  "rotation": 0.0063756704, 
  "xCenter": 0.09806037, 
  "yCenter": 0.3074758, 
  "height": 0.4819772
}