{
  "width": 0.23295897, 
  "rotation": -1.8865002, 
  "xCenter": 0.5119759, 
  "yCenter": 0.44059223, 
  "height": 0.41414928
}