{
  "width": 0.30584016, 
  "rotation": -0.82553136, 
  "xCenter": 0.64460135, 
  "yCenter": 0.3191937, 
  "height": 0.5437159
}