{
  "width": 0.22528945, 
  "rotation": -0.53681004, 
  "xCenter": 0.26881647, 
  "yCenter": 0.44600263, 
  "height": 0.40051454
}