{
  "width": 0.19394553, 
  "rotation": -0.15869594, 
  "xCenter": 0.5739507, 
  "yCenter": 0.61538804, 
  "height": 0.34479204
}