{
  "width": 0.34891218, 
  "rotation": -0.6315378, 
  "xCenter": 0.6339604, 
  "yCenter": 0.77867293, 
  "height": 0.6202883
}