{
  "width": 0.28588223, 
  "rotation": -0.61849225, 
  "xCenter": 0.7173264, 
  "yCenter": 0.49788398, 
  "height": 0.5082351
}