{
  "width": 0.38948822, 
  "rotation": -0.48257864, 
  "xCenter": 0.6803424, 
  "yCenter": 0.7549006, 
  "height": 0.6924235
}