{
  "width": 0.1738799, 
  "rotation": 1.0886679, 
  "xCenter": 0.25167793, 
  "yCenter": 0.42642316, 
  "height": 0.30911982
}