{
  "width": 0.13224356, 
  "rotation": -0.2984705, 
  "xCenter": 0.34405848, 
  "yCenter": 0.41403994, 
  "height": 0.23509966
}