{
  "width": 0.17709967, 
  "rotation": 0.7395413, 
  "xCenter": 0.3900147, 
  "yCenter": 0.80135226, 
  "height": 0.31484386
}