{
  "width": 0.22931713, 
  "rotation": -0.8174137, 
  "xCenter": 0.68293756, 
  "yCenter": 0.46682945, 
  "height": 0.4076749
}