{
  "width": 0.37841344, 
  "rotation": -0.45783746, 
  "xCenter": 0.6812419, 
  "yCenter": 0.74694544, 
  "height": 0.672735
}