{
  "width": 0.24655204, 
  "rotation": 0.20258558, 
  "xCenter": 0.087742, 
  "yCenter": 0.4214738, 
  "height": 0.43831474
}