{
  "width": 0.26993975, 
  "rotation": -0.21130216, 
  "xCenter": 0.4480173, 
  "yCenter": 0.29242098, 
  "height": 0.47989288
}