{
  "width": 0.15598899, 
  "rotation": -0.44227612, 
  "xCenter": 0.3542181, 
  "yCenter": 0.38089433, 
  "height": 0.27731377
}