{
  "width": 0.14930582, 
  "rotation": -0.5219275, 
  "xCenter": 0.35237822, 
  "yCenter": 0.40038252, 
  "height": 0.26543257
}