{
  "width": 0.19126312, 
  "rotation": -0.52001536, 
  "xCenter": 0.32418966, 
  "yCenter": 0.5717731, 
  "height": 0.34002334
}