{
  "width": 0.221981, 
  "rotation": 0.17042673, 
  "xCenter": 0.063900456, 
  "yCenter": 0.46970272, 
  "height": 0.39463288
}