{
  "width": 0.2956244, 
  "rotation": -0.7208022, 
  "xCenter": 0.67516136, 
  "yCenter": 0.4566889, 
  "height": 0.5255545
}