{
  "width": 0.18145807, 
  "rotation": -1.0396224, 
  "xCenter": 0.10215351, 
  "yCenter": 0.60827154, 
  "height": 0.32259214
}