{
  "width": 0.23098746, 
  "rotation": 0.078662634, 
  "xCenter": 0.32688132, 
  "yCenter": 0.6016957, 
  "height": 0.41064435
}