{
  "width": 0.22298045, 
  "rotation": 0.36643672, 
  "xCenter": 0.077291645, 
  "yCenter": 0.38466004, 
  "height": 0.39640972
}