{
  "width": 0.34171668, 
  "rotation": -0.430627, 
  "xCenter": 0.6615513, 
  "yCenter": 0.8515398, 
  "height": 0.60749626
}