{
  "width": 0.24836583, 
  "rotation": -0.7826921, 
  "xCenter": 0.6562271, 
  "yCenter": 0.37620053, 
  "height": 0.44153926
}