{
  "width": 0.22845827, 
  "rotation": -0.459947, 
  "xCenter": 0.48326463, 
  "yCenter": 0.35897052, 
  "height": 0.40614805
}