{
  "width": 0.17118916, 
  "rotation": -1.0324425, 
  "xCenter": 0.12315103, 
  "yCenter": 0.6174382, 
  "height": 0.30433628
}