{
  "width": 0.22924972, 
  "rotation": 0.3941537, 
  "xCenter": 0.08955462, 
  "yCenter": 0.42169368, 
  "height": 0.40755504
}