{
  "width": 0.17021665, 
  "rotation": -1.9591936, 
  "xCenter": 0.6923001, 
  "yCenter": 0.6721224, 
  "height": 0.3026074
}