{
  "width": 0.15588772, 
  "rotation": 0.42886293, 
  "xCenter": 0.11345782, 
  "yCenter": 0.5142554, 
  "height": 0.27713373
}