{
  "width": 0.17717105, 
  "rotation": -0.64400494, 
  "xCenter": 0.25071272, 
  "yCenter": 0.4488281, 
  "height": 0.31497073
}