{
  "width": 0.3432346, 
  "rotation": -0.38986528, 
  "xCenter": 0.30090046, 
  "yCenter": 0.7699497, 
  "height": 0.6101948
}