{
  "width": 0.2783407, 
  "rotation": 0.25489175, 
  "xCenter": 0.15123989, 
  "yCenter": 0.28342658, 
  "height": 0.49482787
}