{
  "width": 0.18640567, 
  "rotation": -0.5526253, 
  "xCenter": 0.38411266, 
  "yCenter": 0.58238214, 
  "height": 0.33138785
}