{
  "width": 0.29657656, 
  "rotation": -0.4045155, 
  "xCenter": 0.5664772, 
  "yCenter": 0.73710424, 
  "height": 0.5272472
}