{
  "width": 0.20976059, 
  "rotation": -0.005002022, 
  "xCenter": 0.09428838, 
  "yCenter": 0.5792379, 
  "height": 0.3729077
}