{
  "width": 0.175926, 
  "rotation": -0.31303298, 
  "xCenter": 0.08332162, 
  "yCenter": 0.53840375, 
  "height": 0.31275734
}