{
  "width": 0.34201303, 
  "rotation": -0.1622963, 
  "xCenter": 0.22977088, 
  "yCenter": 0.7879566, 
  "height": 0.60802317
}