{
  "width": 0.13972498, 
  "rotation": -1.3159949, 
  "xCenter": 0.0062972866, 
  "yCenter": 0.621509, 
  "height": 0.24839999
}