{
  "width": 0.19644676, 
  "rotation": -0.31127334, 
  "xCenter": 0.5718833, 
  "yCenter": 0.6192718, 
  "height": 0.3492387
}