{
  "width": 0.2556537, 
  "rotation": -0.8262354, 
  "xCenter": 0.5214328, 
  "yCenter": 0.75856906, 
  "height": 0.45449546
}