{
  "width": 0.21769477, 
  "rotation": 0.67769384, 
  "xCenter": 0.15986766, 
  "yCenter": 0.33503062, 
  "height": 0.38701293
}