{
  "width": 0.22021584, 
  "rotation": -0.2864194, 
  "xCenter": 0.07810146, 
  "yCenter": 0.5715269, 
  "height": 0.3914948
}