{
  "width": 0.2160658, 
  "rotation": -0.29036784, 
  "xCenter": 0.77183574, 
  "yCenter": 0.20645371, 
  "height": 0.38411695
}