{
  "width": 0.18255702, 
  "rotation": -0.2422483, 
  "xCenter": 0.28400066, 
  "yCenter": 0.57856333, 
  "height": 0.32454583
}