{
  "width": 0.20005547, 
  "rotation": -0.9379355, 
  "xCenter": 0.45593855, 
  "yCenter": 0.67137975, 
  "height": 0.35565415
}