{
  "width": 0.12913057, 
  "rotation": 0.19981325, 
  "xCenter": 0.65225214, 
  "yCenter": 0.54686046, 
  "height": 0.22956547
}