{
  "width": 0.24493514, 
  "rotation": -2.2011788, 
  "xCenter": 0.48408204, 
  "yCenter": 0.66999495, 
  "height": 0.43544024
}