{
  "width": 0.20646061, 
  "rotation": -0.28028798, 
  "xCenter": 0.57901126, 
  "yCenter": 0.46153644, 
  "height": 0.36704108
}