{
  "width": 0.29476804, 
  "rotation": -0.25228083, 
  "xCenter": 0.56643695, 
  "yCenter": 0.73069525, 
  "height": 0.52403206
}