{
  "width": 0.26024294, 
  "rotation": -0.34960377, 
  "xCenter": 0.5043683, 
  "yCenter": 0.29725635, 
  "height": 0.46265417
}