{
  "width": 0.19053197, 
  "rotation": 1.3920469, 
  "xCenter": 0.3945861, 
  "yCenter": 0.7488473, 
  "height": 0.3387235
}