{
  "width": 0.2867555, 
  "rotation": -0.9356717, 
  "xCenter": 0.629978, 
  "yCenter": 0.47085366, 
  "height": 0.5097876
}