{
  "width": 0.17708334, 
  "rotation": 1.0902264, 
  "xCenter": 0.16667531, 
  "yCenter": 0.57287705, 
  "height": 0.31481484
}