{
  "width": 0.14100629, 
  "rotation": 0.5565628, 
  "xCenter": 0.5059016, 
  "yCenter": 0.53070253, 
  "height": 0.25067785
}