{
  "width": 0.1738149, 
  "rotation": 2.1912925, 
  "xCenter": 0.15731338, 
  "yCenter": 0.5675527, 
  "height": 0.30900425
}