{
  "width": 0.35662374, 
  "rotation": -0.34745586, 
  "xCenter": 0.22312586, 
  "yCenter": 0.7212787, 
  "height": 0.63399774
}