{
  "width": 0.36324495, 
  "rotation": -0.29256415, 
  "xCenter": 0.24097945, 
  "yCenter": 0.69388396, 
  "height": 0.6457688
}