{
  "width": 0.22509369, 
  "rotation": -2.4866521, 
  "xCenter": 0.302285, 
  "yCenter": 0.56631726, 
  "height": 0.40016657
}