{
  "width": 0.2690763, 
  "rotation": -0.8140055, 
  "xCenter": 0.7003739, 
  "yCenter": 0.40757513, 
  "height": 0.47835788
}