{
  "width": 0.34271437, 
  "rotation": -0.43722498, 
  "xCenter": 0.6820982, 
  "yCenter": 0.8397367, 
  "height": 0.60927004
}