{
  "width": 0.22223406, 
  "rotation": -2.1129382, 
  "xCenter": 0.46797976, 
  "yCenter": 0.53979963, 
  "height": 0.39508277
}