{
  "width": 0.21326558, 
  "rotation": -1.9758586, 
  "xCenter": 0.502841, 
  "yCenter": 0.686544, 
  "height": 0.37913883
}