{
  "width": 0.23211397, 
  "rotation": -0.83357775, 
  "xCenter": 0.6970918, 
  "yCenter": 0.3939721, 
  "height": 0.41264707
}