{
  "width": 0.17393415, 
  "rotation": -1.1673027, 
  "xCenter": 0.50391155, 
  "yCenter": 0.6879951, 
  "height": 0.30921626
}