{
  "width": 0.24883959, 
  "rotation": -0.7989074, 
  "xCenter": 0.29375258, 
  "yCenter": 0.51673514, 
  "height": 0.4423815
}