{
  "width": 0.29419836, 
  "rotation": 0.020472527, 
  "xCenter": 0.12460836, 
  "yCenter": 0.28977948, 
  "height": 0.5230193
}