{
  "width": 0.3266701, 
  "rotation": -0.97699654, 
  "xCenter": 0.63619936, 
  "yCenter": 0.4603257, 
  "height": 0.5807469
}