{
  "width": 0.27477902, 
  "rotation": -0.26748574, 
  "xCenter": 0.43671486, 
  "yCenter": 0.28971952, 
  "height": 0.48849607
}