{
  "width": 0.142883, 
  "rotation": -3.0305068, 
  "xCenter": 0.74187917, 
  "yCenter": 0.5628507, 
  "height": 0.25401422
}