{
  "width": 0.22495815, 
  "rotation": -0.34012306, 
  "xCenter": 0.28834915, 
  "yCenter": 0.5223738, 
  "height": 0.39992562
}