{
  "width": 0.24380493, 
  "rotation": -0.633505, 
  "xCenter": 0.46208024, 
  "yCenter": 0.5133941, 
  "height": 0.433431
}