{
  "width": 0.27589652, 
  "rotation": -0.85671103, 
  "xCenter": 0.7252024, 
  "yCenter": 0.44713515, 
  "height": 0.49048272
}