{
  "width": 0.23723628, 
  "rotation": -0.64131105, 
  "xCenter": 0.6731473, 
  "yCenter": 0.39412832, 
  "height": 0.42175338
}