{
  "width": 0.21557575, 
  "rotation": -0.7117325, 
  "xCenter": 0.51043034, 
  "yCenter": 0.60763526, 
  "height": 0.38324577
}