{
  "width": 0.15734057, 
  "rotation": -0.0913136, 
  "xCenter": 0.62425435, 
  "yCenter": 0.48620912, 
  "height": 0.27971658
}