{
  "width": 0.15687887, 
  "rotation": 2.939788, 
  "xCenter": 0.35223722, 
  "yCenter": 0.6140669, 
  "height": 0.2788958
}