{
  "width": 0.20522176, 
  "rotation": -0.02858901, 
  "xCenter": 0.090090565, 
  "yCenter": 0.42005387, 
  "height": 0.3648387
}