{
  "width": 0.23556839, 
  "rotation": -0.17037153, 
  "xCenter": 0.46155876, 
  "yCenter": 0.29436448, 
  "height": 0.41878828
}