{
  "width": 0.37740603, 
  "rotation": -0.24417794, 
  "xCenter": 0.23913178, 
  "yCenter": 0.69273925, 
  "height": 0.67094404
}