{
  "width": 0.2687383, 
  "rotation": -0.93110836, 
  "xCenter": 0.67348003, 
  "yCenter": 0.32677808, 
  "height": 0.477757
}