{
  "width": 0.061620902, 
  "rotation": -1.2390064, 
  "xCenter": 0.3269581, 
  "yCenter": 0.69856274, 
  "height": 0.10954827
}