{
  "width": 0.37316996, 
  "rotation": -0.58448136, 
  "xCenter": 0.8548902, 
  "yCenter": 0.63370115, 
  "height": 0.6634133
}