{
  "width": 0.25888532, 
  "rotation": 0.3854177, 
  "xCenter": 0.19429015, 
  "yCenter": 0.26864097, 
  "height": 0.4602406
}