{
  "width": 0.32366365, 
  "rotation": -0.9953934, 
  "xCenter": 0.6002288, 
  "yCenter": 0.16774544, 
  "height": 0.5754021
}