{
  "width": 0.1899595, 
  "rotation": -0.40310216, 
  "xCenter": 0.36302722, 
  "yCenter": 0.5044874, 
  "height": 0.33770576
}