{
  "width": 0.17603818, 
  "rotation": -0.029467702, 
  "xCenter": 0.34371945, 
  "yCenter": 0.68770653, 
  "height": 0.31295675
}