{
  "width": 0.2026125, 
  "rotation": -1.2894326, 
  "xCenter": 0.47391436, 
  "yCenter": 0.6922047, 
  "height": 0.3602
}