{
  "width": 0.27223828, 
  "rotation": -0.22874844, 
  "xCenter": 0.44065326, 
  "yCenter": 0.3178447, 
  "height": 0.48397917
}