{
  "width": 0.32581088, 
  "rotation": -1.6966728, 
  "xCenter": 0.48775074, 
  "yCenter": 0.23702087, 
  "height": 0.57921934
}