{
  "width": 0.23117256, 
  "rotation": 0.38002646, 
  "xCenter": 0.088536985, 
  "yCenter": 0.42587167, 
  "height": 0.41097343
}