{
  "width": 0.19034846, 
  "rotation": 1.2841825, 
  "xCenter": 0.118552014, 
  "yCenter": 0.54768693, 
  "height": 0.33839723
}