{
  "width": 0.22132812, 
  "rotation": -0.46331608, 
  "xCenter": 0.24812958, 
  "yCenter": 0.4344304, 
  "height": 0.39347222
}