{
  "width": 0.2668963, 
  "rotation": -0.91753566, 
  "xCenter": 0.655833, 
  "yCenter": 0.4624678, 
  "height": 0.47448233
}