{
  "width": 0.30757076, 
  "rotation": -0.79599965, 
  "xCenter": 0.70821136, 
  "yCenter": 0.29331958, 
  "height": 0.54679245
}