{
  "width": 0.15588082, 
  "rotation": -0.20628774, 
  "xCenter": 0.3542701, 
  "yCenter": 0.3404198, 
  "height": 0.27712145
}