{
  "width": 0.24693842, 
  "rotation": -0.63898313, 
  "xCenter": 0.76519734, 
  "yCenter": 0.20534219, 
  "height": 0.43900162
}