{
  "width": 0.22058043, 
  "rotation": -0.5053953, 
  "xCenter": 0.4078107, 
  "yCenter": 0.673419, 
  "height": 0.39214298
}