{
  "width": 0.18807882, 
  "rotation": 0.2217052, 
  "xCenter": 0.4063865, 
  "yCenter": 0.30195338, 
  "height": 0.33436236
}