{
  "width": 0.3073776, 
  "rotation": -0.7029849, 
  "xCenter": 0.2671007, 
  "yCenter": 0.84886193, 
  "height": 0.5464491
}