{
  "width": 0.28256252, 
  "rotation": -0.32540703, 
  "xCenter": 0.43393788, 
  "yCenter": 0.29000038, 
  "height": 0.50233334
}