{
  "width": 0.20330724, 
  "rotation": -0.4389714, 
  "xCenter": 0.10175708, 
  "yCenter": 0.5666631, 
  "height": 0.36143512
}