{
  "width": 0.22616036, 
  "rotation": -0.13741624, 
  "xCenter": 0.6182306, 
  "yCenter": 0.5448388, 
  "height": 0.40206286
}