{
  "width": 0.22018087, 
  "rotation": -0.5515784, 
  "xCenter": 0.24338673, 
  "yCenter": 0.44224524, 
  "height": 0.39143267
}