{
  "width": 0.22317086, 
  "rotation": -0.38647544, 
  "xCenter": 0.34082255, 
  "yCenter": 0.47035694, 
  "height": 0.3967482
}