{
  "width": 0.35960138, 
  "rotation": -0.52319634, 
  "xCenter": 0.851158, 
  "yCenter": 0.66543204, 
  "height": 0.63929135
}