{
  "width": 0.17568225, 
  "rotation": -0.9230679, 
  "xCenter": 0.0959082, 
  "yCenter": 0.59402543, 
  "height": 0.312324
}