{
  "width": 0.22140782, 
  "rotation": -0.3215971, 
  "xCenter": 0.29299864, 
  "yCenter": 0.5440879, 
  "height": 0.3936139
}