{
  "width": 0.12550707, 
  "rotation": -0.3841617, 
  "xCenter": 0.4027868, 
  "yCenter": 0.2521128, 
  "height": 0.2231237
}