{
  "width": 0.20977089, 
  "rotation": -2.2389143, 
  "xCenter": 0.29951128, 
  "yCenter": 0.60615534, 
  "height": 0.37292603
}