{
  "width": 0.18984576, 
  "rotation": 0.25041342, 
  "xCenter": 0.029769562, 
  "yCenter": 0.5093893, 
  "height": 0.33750355
}