{
  "width": 0.23094144, 
  "rotation": -0.8705076, 
  "xCenter": 0.7612054, 
  "yCenter": 0.21019736, 
  "height": 0.41056255
}