{
  "width": 0.24714977, 
  "rotation": -1.2901553, 
  "xCenter": 0.38338235, 
  "yCenter": 0.6850705, 
  "height": 0.43937737
}