{
  "width": 0.17868504, 
  "rotation": 2.1179466, 
  "xCenter": 0.1565931, 
  "yCenter": 0.5772693, 
  "height": 0.3176623
}