{
  "width": 0.1829295, 
  "rotation": -2.109031, 
  "xCenter": 0.3148439, 
  "yCenter": 0.81953025, 
  "height": 0.325208
}