{
  "width": 0.18747291, 
  "rotation": 0.895695, 
  "xCenter": 0.3789296, 
  "yCenter": 0.60495156, 
  "height": 0.33328518
}