{
  "width": 0.3375197, 
  "rotation": -0.62138283, 
  "xCenter": 0.64676553, 
  "yCenter": 0.8476738, 
  "height": 0.6000351
}