{
  "width": 0.13577649, 
  "rotation": -1.1123828, 
  "xCenter": 0.18692327, 
  "yCenter": 0.63818485, 
  "height": 0.24138042
}