{
  "width": 0.22653599, 
  "rotation": -0.469916, 
  "xCenter": 0.27540067, 
  "yCenter": 0.88570774, 
  "height": 0.40273064
}