{
  "width": 0.18962646, 
  "rotation": -0.46098483, 
  "xCenter": 0.32774153, 
  "yCenter": 0.6290244, 
  "height": 0.33711368
}