{
  "width": 0.23217484, 
  "rotation": -1.2494105, 
  "xCenter": 0.43072927, 
  "yCenter": 0.7522721, 
  "height": 0.41275525
}