{
  "width": 0.22495064, 
  "rotation": -0.52580464, 
  "xCenter": 0.16013196, 
  "yCenter": 0.6056019, 
  "height": 0.39991224
}