{
  "width": 0.2472288, 
  "rotation": -0.6490141, 
  "xCenter": 0.41410318, 
  "yCenter": 0.7246887, 
  "height": 0.4395179
}