{
  "width": 0.34267232, 
  "rotation": -1.8781031, 
  "xCenter": 0.562775, 
  "yCenter": 0.28553322, 
  "height": 0.60919523
}