{
  "width": 0.30934238, 
  "rotation": -2.1009939, 
  "xCenter": 0.5330552, 
  "yCenter": 0.28097948, 
  "height": 0.549942
}