{
  "width": 0.17149007, 
  "rotation": -0.7291709, 
  "xCenter": 0.48817173, 
  "yCenter": 0.55994284, 
  "height": 0.30487126
}