{
  "width": 0.21693404, 
  "rotation": 0.3497542, 
  "xCenter": 0.04278003, 
  "yCenter": 0.49613175, 
  "height": 0.3856605
}