{
  "width": 0.24302422, 
  "rotation": 0.38568246, 
  "xCenter": 0.20043719, 
  "yCenter": 0.2981522, 
  "height": 0.43204308
}