{
  "width": 0.22841752, 
  "rotation": -0.29449892, 
  "xCenter": 0.52561885, 
  "yCenter": 0.53851074, 
  "height": 0.4060756
}