{
  "width": 0.22454096, 
  "rotation": -2.5130694, 
  "xCenter": 0.30250946, 
  "yCenter": 0.5572589, 
  "height": 0.39918396
}