{
  "width": 0.28069478, 
  "rotation": 0.20455253, 
  "xCenter": 0.12082829, 
  "yCenter": 0.7072183, 
  "height": 0.49901292
}