{
  "width": 0.16391481, 
  "rotation": 0.23453057, 
  "xCenter": 0.16451362, 
  "yCenter": 0.32846004, 
  "height": 0.29140413
}