{
  "width": 0.15300362, 
  "rotation": -0.2576022, 
  "xCenter": 0.34578332, 
  "yCenter": 0.34270373, 
  "height": 0.27200642
}