{
  "width": 0.28287596, 
  "rotation": -0.27031076, 
  "xCenter": 0.44245657, 
  "yCenter": 0.2876017, 
  "height": 0.5028906
}