{
  "width": 0.30215487, 
  "rotation": -1.6215986, 
  "xCenter": 0.48101944, 
  "yCenter": 0.22059086, 
  "height": 0.5371642
}