{
  "width": 0.26152623, 
  "rotation": -0.81182635, 
  "xCenter": 0.63855803, 
  "yCenter": 0.43117604, 
  "height": 0.4649355
}