{
  "width": 0.2710766, 
  "rotation": -0.21573687, 
  "xCenter": 0.44740203, 
  "yCenter": 0.29295218, 
  "height": 0.48191392
}