{
  "width": 0.36083418, 
  "rotation": -0.44235718, 
  "xCenter": 0.6625618, 
  "yCenter": 0.8524596, 
  "height": 0.641483
}