{
  "width": 0.1953519, 
  "rotation": 0.70571035, 
  "xCenter": 0.13999167, 
  "yCenter": 0.4828217, 
  "height": 0.34729224
}