{
  "width": 0.21505794, 
  "rotation": 0.2550255, 
  "xCenter": 0.114687644, 
  "yCenter": 0.3363858, 
  "height": 0.3823252
}