{
  "width": 0.34477907, 
  "rotation": -0.7965499, 
  "xCenter": 0.67809737, 
  "yCenter": 0.3847201, 
  "height": 0.61294055
}