{
  "width": 0.19676223, 
  "rotation": -0.632336, 
  "xCenter": 0.32171533, 
  "yCenter": 0.47772807, 
  "height": 0.3497995
}