{
  "width": 0.15435699, 
  "rotation": -0.4825269, 
  "xCenter": 0.35529655, 
  "yCenter": 0.38726515, 
  "height": 0.27441242
}