{
  "width": 0.22615044, 
  "rotation": -0.85681736, 
  "xCenter": 0.68864125, 
  "yCenter": 0.47863996, 
  "height": 0.40204522
}