{
  "width": 0.3280297, 
  "rotation": -0.411893, 
  "xCenter": 0.27434975, 
  "yCenter": 0.7466676, 
  "height": 0.5831639
}