{
  "width": 0.19939432, 
  "rotation": 0.0181489, 
  "xCenter": 0.124699555, 
  "yCenter": 0.4285619, 
  "height": 0.35447878
}