{
  "width": 0.21065663, 
  "rotation": -0.2998594, 
  "xCenter": 0.54684055, 
  "yCenter": 0.565361, 
  "height": 0.3745007
}