{
  "width": 0.40556005, 
  "rotation": -0.47105992, 
  "xCenter": 0.68457216, 
  "yCenter": 0.7348115, 
  "height": 0.7209956
}