{
  "width": 0.19132753, 
  "rotation": 0.8474078, 
  "xCenter": 0.16797088, 
  "yCenter": 0.50180066, 
  "height": 0.3401378
}