{
  "width": 0.13428786, 
  "rotation": 1.9706751, 
  "xCenter": 0.3753021, 
  "yCenter": 0.77117175, 
  "height": 0.23873398
}