{
  "width": 0.3006562, 
  "rotation": -0.79728615, 
  "xCenter": 0.71451634, 
  "yCenter": 0.3341155, 
  "height": 0.5344999
}