{
  "width": 0.15209192, 
  "rotation": -0.42763782, 
  "xCenter": 0.35305902, 
  "yCenter": 0.3785588, 
  "height": 0.27038562
}