{
  "width": 0.10914447, 
  "rotation": -1.3991166, 
  "xCenter": 0.3177092, 
  "yCenter": 0.70124215, 
  "height": 0.19403462
}