{
  "width": 0.24047086, 
  "rotation": 0.19902086, 
  "xCenter": 0.0748348, 
  "yCenter": 0.50980675, 
  "height": 0.42750376
}