{
  "width": 0.1290337, 
  "rotation": -0.5976664, 
  "xCenter": 0.41027492, 
  "yCenter": 0.30071014, 
  "height": 0.22939324
}