{
  "width": 0.19009659, 
  "rotation": 0.72239774, 
  "xCenter": 0.36737216, 
  "yCenter": 0.6039516, 
  "height": 0.33794948
}