{
  "width": 0.17549455, 
  "rotation": -2.2384107, 
  "xCenter": 0.681746, 
  "yCenter": 0.40838817, 
  "height": 0.31199032
}