{
  "width": 0.32675815, 
  "rotation": -0.19348562, 
  "xCenter": 0.5732457, 
  "yCenter": 0.71857953, 
  "height": 0.58090335
}