{
  "width": 0.19350596, 
  "rotation": -2.0061514, 
  "xCenter": 0.3321731, 
  "yCenter": 0.7648611, 
  "height": 0.34401056
}