{
  "width": 0.17416996, 
  "rotation": 0.054697275, 
  "xCenter": 0.025063744, 
  "yCenter": 0.5009115, 
  "height": 0.3096355
}