{
  "width": 0.16080695, 
  "rotation": -0.8717295, 
  "xCenter": 0.17827825, 
  "yCenter": 0.6162727, 
  "height": 0.28587905
}