{
  "width": 0.2423774, 
  "rotation": -0.7024127, 
  "xCenter": 0.65331924, 
  "yCenter": 0.22097993, 
  "height": 0.43089318
}