{
  "width": 0.18755697, 
  "rotation": 0.76516205, 
  "xCenter": 0.12274885, 
  "yCenter": 0.2869571, 
  "height": 0.3334346
}