{
  "width": 0.2819689, 
  "rotation": -0.9584428, 
  "xCenter": 0.669377, 
  "yCenter": 0.3315107, 
  "height": 0.50127804
}