{
  "width": 0.20034759, 
  "rotation": -1.3543345, 
  "xCenter": 0.50045437, 
  "yCenter": 0.6865628, 
  "height": 0.3561735
}