{
  "width": 0.3256157, 
  "rotation": -2.1659296, 
  "xCenter": 0.5231454, 
  "yCenter": 0.27453113, 
  "height": 0.5788723
}