{
  "width": 0.1732885, 
  "rotation": -1.0454961, 
  "xCenter": 0.38212335, 
  "yCenter": 0.58751774, 
  "height": 0.30806845
}