{
  "width": 0.3952989, 
  "rotation": -0.46988165, 
  "xCenter": 0.68031555, 
  "yCenter": 0.74709785, 
  "height": 0.70275354
}