{
  "width": 0.31518412, 
  "rotation": -2.5213292, 
  "xCenter": 0.42967826, 
  "yCenter": 0.9077827, 
  "height": 0.56032735
}