{
  "width": 0.37333548, 
  "rotation": -0.5293795, 
  "xCenter": 0.676305, 
  "yCenter": 0.7221295, 
  "height": 0.6637075
}