{
  "width": 0.16423878, 
  "rotation": 0.4706024, 
  "xCenter": 0.20520315, 
  "yCenter": 0.28131348, 
  "height": 0.29198006
}