{
  "width": 0.2189361, 
  "rotation": -1.2356817, 
  "xCenter": 0.2550733, 
  "yCenter": 0.71227306, 
  "height": 0.38921973
}