{
  "width": 0.19955459, 
  "rotation": 0.79355854, 
  "xCenter": 0.17344055, 
  "yCenter": 0.4742649, 
  "height": 0.35476372
}