{
  "width": 0.40572727, 
  "rotation": -0.47756088, 
  "xCenter": 0.67087543, 
  "yCenter": 0.76246667, 
  "height": 0.7212929
}