{
  "width": 0.17446703, 
  "rotation": 0.6803185, 
  "xCenter": 0.12644538, 
  "yCenter": 0.28967875, 
  "height": 0.3101636
}