{
  "width": 0.3937037, 
  "rotation": -0.7714611, 
  "xCenter": 0.8362703, 
  "yCenter": 0.72205204, 
  "height": 0.6999177
}