{
  "width": 0.2739491, 
  "rotation": -0.9479619, 
  "xCenter": 0.6652587, 
  "yCenter": 0.3104772, 
  "height": 0.4870206
}