{
  "width": 0.18392351, 
  "rotation": -0.41469622, 
  "xCenter": 0.09566336, 
  "yCenter": 0.54134727, 
  "height": 0.3269751
}