{
  "width": 0.21818013, 
  "rotation": -0.1573801, 
  "xCenter": 0.46596625, 
  "yCenter": 0.29410192, 
  "height": 0.3878758
}