{
  "width": 0.080606505, 
  "rotation": 0.2890798, 
  "xCenter": 0.12823617, 
  "yCenter": 0.58461297, 
  "height": 0.14330046
}