{
  "width": 0.21458288, 
  "rotation": -2.5460918, 
  "xCenter": 0.08300071, 
  "yCenter": 0.9053928, 
  "height": 0.38148063
}