{
  "width": 0.23186426, 
  "rotation": -0.8744658, 
  "xCenter": 0.6992321, 
  "yCenter": 0.48166835, 
  "height": 0.41220313
}