{
  "width": 0.19342746, 
  "rotation": -0.6101891, 
  "xCenter": 0.38277137, 
  "yCenter": 0.5826803, 
  "height": 0.34387106
}