{
  "width": 0.24327146, 
  "rotation": -2.137387, 
  "xCenter": 0.46010557, 
  "yCenter": 0.5954813, 
  "height": 0.43248257
}