{
  "width": 0.37357986, 
  "rotation": -0.44190133, 
  "xCenter": 0.6854498, 
  "yCenter": 0.7355814, 
  "height": 0.66414195
}