{
  "width": 0.23972149, 
  "rotation": -0.90395224, 
  "xCenter": 0.52013355, 
  "yCenter": 0.77206373, 
  "height": 0.42617154
}