{
  "width": 0.25176314, 
  "rotation": -0.90219843, 
  "xCenter": 0.6640621, 
  "yCenter": 0.2545121, 
  "height": 0.4475789
}