{
  "width": 0.3202205, 
  "rotation": -0.7732791, 
  "xCenter": 0.28749812, 
  "yCenter": 0.71819913, 
  "height": 0.56928086
}