{
  "width": 0.25069058, 
  "rotation": -0.9417769, 
  "xCenter": 0.37464115, 
  "yCenter": 0.51671773, 
  "height": 0.44567212
}