{
  "width": 0.3324433, 
  "rotation": -0.9077755, 
  "xCenter": 0.63688165, 
  "yCenter": 0.43500364, 
  "height": 0.59101033
}