{
  "width": 0.21084511, 
  "rotation": 0.013821244, 
  "xCenter": 0.111453936, 
  "yCenter": 0.5892995, 
  "height": 0.37483576
}