{
  "width": 0.2566432, 
  "rotation": -0.596233, 
  "xCenter": 0.66052806, 
  "yCenter": 0.39189374, 
  "height": 0.4562546
}