{
  "width": 0.21936765, 
  "rotation": 0.47360337, 
  "xCenter": 0.12244478, 
  "yCenter": 0.43038267, 
  "height": 0.38998693
}