{
  "width": 0.1876253, 
  "rotation": 1.1347558, 
  "xCenter": 0.22296178, 
  "yCenter": 0.5775966, 
  "height": 0.33355612
}