{
  "width": 0.27225474, 
  "rotation": 0.193138, 
  "xCenter": 0.15338859, 
  "yCenter": 0.28300986, 
  "height": 0.48400843
}