{
  "width": 0.32796934, 
  "rotation": -1.708125, 
  "xCenter": 0.4894964, 
  "yCenter": 0.32005656, 
  "height": 0.58305657
}