{
  "width": 0.21212813, 
  "rotation": -0.13168669, 
  "xCenter": 0.08521222, 
  "yCenter": 0.5658157, 
  "height": 0.37711668
}