{
  "width": 0.16503906, 
  "rotation": 0.21413124, 
  "xCenter": 0.547985, 
  "yCenter": 0.48400214, 
  "height": 0.29340276
}