{
  "width": 0.3372406, 
  "rotation": -0.6895858, 
  "xCenter": 0.66425145, 
  "yCenter": 0.4583607, 
  "height": 0.59953886
}