{
  "width": 0.25799626, 
  "rotation": -0.920997, 
  "xCenter": 0.61655074, 
  "yCenter": 0.26248342, 
  "height": 0.45866004
}