{
  "width": 0.28383476, 
  "rotation": -0.9430536, 
  "xCenter": 0.63479936, 
  "yCenter": 0.557342, 
  "height": 0.5045951
}