{
  "width": 0.20933488, 
  "rotation": -0.39809728, 
  "xCenter": 0.542659, 
  "yCenter": 0.5829016, 
  "height": 0.3721509
}