{
  "width": 0.22146554, 
  "rotation": 0.23196626, 
  "xCenter": 0.08859126, 
  "yCenter": 0.393717, 
  "height": 0.39371654
}