{
  "width": 0.3251351, 
  "rotation": -0.75348794, 
  "xCenter": 0.653565, 
  "yCenter": 0.4717764, 
  "height": 0.578018
}