{
  "width": 0.10589162, 
  "rotation": 0.080735445, 
  "xCenter": 0.38876626, 
  "yCenter": 0.5277401, 
  "height": 0.18825176
}