{
  "width": 0.2468468, 
  "rotation": -0.79668605, 
  "xCenter": 0.65964705, 
  "yCenter": 0.31813973, 
  "height": 0.43883875
}