{
  "width": 0.30876094, 
  "rotation": -0.86003983, 
  "xCenter": 0.7072378, 
  "yCenter": 0.31293914, 
  "height": 0.54890835
}