{
  "width": 0.24333653, 
  "rotation": -0.44593894, 
  "xCenter": 0.4800825, 
  "yCenter": 0.36881304, 
  "height": 0.43259826
}