{
  "width": 0.28757054, 
  "rotation": 0.20879471, 
  "xCenter": 0.1291641, 
  "yCenter": 0.6874582, 
  "height": 0.5112365
}