{
  "width": 0.28761706, 
  "rotation": 0.18337417, 
  "xCenter": 0.12905733, 
  "yCenter": 0.682398, 
  "height": 0.5113192
}