{
  "width": 0.22843999, 
  "rotation": -0.7254194, 
  "xCenter": 0.71776575, 
  "yCenter": 0.5234291, 
  "height": 0.40611556
}