{
  "width": 0.18841842, 
  "rotation": 0.005923867, 
  "xCenter": 0.2788327, 
  "yCenter": 0.46517396, 
  "height": 0.3349661
}