{
  "width": 0.17188123, 
  "rotation": 0.7333369, 
  "xCenter": 0.3924703, 
  "yCenter": 0.7994006, 
  "height": 0.30556664
}