{
  "width": 0.06442411, 
  "rotation": -2.1108196, 
  "xCenter": 0.3879449, 
  "yCenter": 0.5197618, 
  "height": 0.11453175
}