{
  "width": 0.25028902, 
  "rotation": -0.055934787, 
  "xCenter": 0.120229624, 
  "yCenter": 0.30519393, 
  "height": 0.44495824
}