{
  "width": 0.41163447, 
  "rotation": -0.45658076, 
  "xCenter": 0.6481232, 
  "yCenter": 0.774961, 
  "height": 0.7317946
}