{
  "width": 0.29520893, 
  "rotation": -0.30308807, 
  "xCenter": 0.56241775, 
  "yCenter": 0.73172, 
  "height": 0.52481586
}