{
  "width": 0.19554128, 
  "rotation": -0.6949192, 
  "xCenter": 0.5506, 
  "yCenter": 0.6894284, 
  "height": 0.34762892
}