{
  "width": 0.14494778, 
  "rotation": 0.45634472, 
  "xCenter": 0.16449638, 
  "yCenter": 0.36091548, 
  "height": 0.25768495
}