{
  "width": 0.38589564, 
  "rotation": -0.49460804, 
  "xCenter": 0.67961675, 
  "yCenter": 0.7410231, 
  "height": 0.6860367
}