{
  "width": 0.25561807, 
  "rotation": 0.14784873, 
  "xCenter": 0.10725866, 
  "yCenter": 0.57827455, 
  "height": 0.45443213
}