{
  "width": 0.31645143, 
  "rotation": -1.1956843, 
  "xCenter": 0.63335365, 
  "yCenter": 0.51921827, 
  "height": 0.5625803
}