{
  "width": 0.17862089, 
  "rotation": -0.25992262, 
  "xCenter": 0.3929176, 
  "yCenter": 0.41980246, 
  "height": 0.31754825
}