{
  "width": 0.26536804, 
  "rotation": -1.7667516, 
  "xCenter": 0.42216, 
  "yCenter": 0.71602887, 
  "height": 0.4717654
}