{
  "width": 0.22273546, 
  "rotation": -0.34306264, 
  "xCenter": 0.52718717, 
  "yCenter": 0.54310864, 
  "height": 0.3959742
}