{
  "width": 0.20243624, 
  "rotation": 0.4188255, 
  "xCenter": 0.117781, 
  "yCenter": 0.48747087, 
  "height": 0.35988665
}