{
  "width": 0.186545, 
  "rotation": -1.4015297, 
  "xCenter": 0.62812096, 
  "yCenter": 0.126118, 
  "height": 0.33163553
}