{
  "width": 0.27389416, 
  "rotation": -0.18469954, 
  "xCenter": 0.10342504, 
  "yCenter": 0.29852074, 
  "height": 0.48692295
}