{
  "width": 0.19381411, 
  "rotation": 0.2310859, 
  "xCenter": 0.13545768, 
  "yCenter": 0.42101693, 
  "height": 0.34455842
}