{
  "width": 0.2763276, 
  "rotation": -0.8273207, 
  "xCenter": 0.6454145, 
  "yCenter": 0.3005189, 
  "height": 0.49124905
}