{
  "width": 0.12746677, 
  "rotation": 3.0884626, 
  "xCenter": 0.9090302, 
  "yCenter": 0.48437116, 
  "height": 0.22660759
}