{
  "width": 0.15579776, 
  "rotation": -0.32208562, 
  "xCenter": 0.35129642, 
  "yCenter": 0.5344398, 
  "height": 0.27697378
}