{
  "width": 0.3888832, 
  "rotation": -0.534927, 
  "xCenter": 0.6509276, 
  "yCenter": 0.78507215, 
  "height": 0.6913479
}