{
  "width": 0.21570973, 
  "rotation": 0.362208, 
  "xCenter": 0.10803916, 
  "yCenter": 0.52710277, 
  "height": 0.38348398
}