{
  "width": 0.20333193, 
  "rotation": 0.9924413, 
  "xCenter": 0.18778631, 
  "yCenter": 0.40472463, 
  "height": 0.361479
}