{
  "width": 0.19077712, 
  "rotation": -0.2939111, 
  "xCenter": 0.54598385, 
  "yCenter": 0.49073848, 
  "height": 0.3391593
}