{
  "width": 0.18480442, 
  "rotation": -1.6475638, 
  "xCenter": 0.33153784, 
  "yCenter": 0.73904777, 
  "height": 0.32854122
}