{
  "width": 0.19038567, 
  "rotation": 0.8111733, 
  "xCenter": 0.18810053, 
  "yCenter": 0.5547011, 
  "height": 0.33846343
}