{
  "width": 0.256144, 
  "rotation": 0.24581945, 
  "xCenter": 0.109682225, 
  "yCenter": 0.30669665, 
  "height": 0.45536706
}