{
  "width": 0.20757253, 
  "rotation": -0.9844407, 
  "xCenter": 0.7177512, 
  "yCenter": 0.48278758, 
  "height": 0.36901784
}