{
  "width": 0.2152847, 
  "rotation": -0.42634666, 
  "xCenter": 0.08712804, 
  "yCenter": 0.4874977, 
  "height": 0.38272837
}