{
  "width": 0.17198224, 
  "rotation": -0.10523331, 
  "xCenter": 0.34110326, 
  "yCenter": 0.67837024, 
  "height": 0.3057462
}