{
  "width": 0.325, 
  "rotation": -0.57799804, 
  "xCenter": 0.8040719, 
  "yCenter": 0.6297977, 
  "height": 0.57777774
}