{
  "width": 0.22328103, 
  "rotation": -0.044829726, 
  "xCenter": 0.09649099, 
  "yCenter": 0.47037122, 
  "height": 0.39694408
}