{
  "width": 0.14187995, 
  "rotation": -1.3311826, 
  "xCenter": 0.3909788, 
  "yCenter": 0.4441087, 
  "height": 0.25223103
}