{
  "width": 0.18723579, 
  "rotation": 0.08961964, 
  "xCenter": 0.15392189, 
  "yCenter": 0.3347151, 
  "height": 0.33286363
}