{
  "width": 0.27397126, 
  "rotation": -1.8416728, 
  "xCenter": 0.5085195, 
  "yCenter": 0.4033227, 
  "height": 0.48706
}