{
  "width": 0.22983752, 
  "rotation": -0.8652755, 
  "xCenter": 0.68879455, 
  "yCenter": 0.48093602, 
  "height": 0.40860006
}