{
  "width": 0.30258474, 
  "rotation": -1.0930876, 
  "xCenter": 0.6628971, 
  "yCenter": 0.41783893, 
  "height": 0.53792846
}