{
  "width": 0.30018798, 
  "rotation": -0.792905, 
  "xCenter": 0.71704155, 
  "yCenter": 0.31597248, 
  "height": 0.5336675
}