{
  "width": 0.21951105, 
  "rotation": -1.11805, 
  "xCenter": 0.41309622, 
  "yCenter": 0.6396223, 
  "height": 0.39024183
}