{
  "width": 0.26443654, 
  "rotation": -2.015589, 
  "xCenter": 0.44499817, 
  "yCenter": 0.66582274, 
  "height": 0.4701094
}