{
  "width": 0.2745792, 
  "rotation": -0.8829924, 
  "xCenter": 0.59247524, 
  "yCenter": 0.39933717, 
  "height": 0.4881408
}