{
  "width": 0.20803776, 
  "rotation": -0.24196076, 
  "xCenter": 0.55905515, 
  "yCenter": 0.5630243, 
  "height": 0.3698449
}