{
  "width": 0.1755691, 
  "rotation": -1.1221801, 
  "xCenter": 0.037071433, 
  "yCenter": 0.63205326, 
  "height": 0.31212282
}