{
  "width": 0.16917221, 
  "rotation": 0.8580185, 
  "xCenter": 0.114005856, 
  "yCenter": 0.27849266, 
  "height": 0.3007506
}