{
  "width": 0.3136354, 
  "rotation": -0.21476865, 
  "xCenter": 0.57297957, 
  "yCenter": 0.7124966, 
  "height": 0.5575741
}