{
  "width": 0.35872424, 
  "rotation": -0.3710158, 
  "xCenter": 0.19021498, 
  "yCenter": 0.7629655, 
  "height": 0.63773197
}