{
  "width": 0.2686898, 
  "rotation": -0.8334516, 
  "xCenter": 0.7167072, 
  "yCenter": 0.40957704, 
  "height": 0.47767076
}