{
  "width": 0.23865388, 
  "rotation": -0.52369654, 
  "xCenter": 0.29094446, 
  "yCenter": 0.49054295, 
  "height": 0.42427358
}