{
  "width": 0.27063394, 
  "rotation": -0.010570407, 
  "xCenter": 0.09755587, 
  "yCenter": 0.30242404, 
  "height": 0.481127
}