{
  "width": 0.268795, 
  "rotation": 0.015941978, 
  "xCenter": 0.0985767, 
  "yCenter": 0.3023761, 
  "height": 0.47785783
}