{
  "width": 0.17847583, 
  "rotation": 0.4688592, 
  "xCenter": 0.21315295, 
  "yCenter": 0.23967418, 
  "height": 0.31729037
}