{
  "width": 0.20424266, 
  "rotation": -1.4377586, 
  "xCenter": 0.53742695, 
  "yCenter": 0.16208829, 
  "height": 0.36309806
}