{
  "width": 0.2113719, 
  "rotation": -0.9446584, 
  "xCenter": 0.7532754, 
  "yCenter": 0.22887117, 
  "height": 0.37577227
}