{
  "width": 0.21406347, 
  "rotation": -0.46445143, 
  "xCenter": 0.29636252, 
  "yCenter": 0.50272894, 
  "height": 0.38055727
}