{
  "width": 0.19595118, 
  "rotation": -0.8423518, 
  "xCenter": 0.5456285, 
  "yCenter": 0.7412904, 
  "height": 0.34835765
}