{
  "width": 0.17901583, 
  "rotation": 0.698258, 
  "xCenter": 0.18104354, 
  "yCenter": 0.35088253, 
  "height": 0.3182504
}