{
  "width": 0.18642192, 
  "rotation": 0.10723889, 
  "xCenter": 0.14135973, 
  "yCenter": 0.38174912, 
  "height": 0.33141673
}