{
  "width": 0.2783241, 
  "rotation": 0.16762519, 
  "xCenter": 0.13658449, 
  "yCenter": 0.29244795, 
  "height": 0.4947984
}