{
  "width": 0.31690672, 
  "rotation": -0.66724813, 
  "xCenter": 0.80478525, 
  "yCenter": 0.64819616, 
  "height": 0.5633897
}