{
  "width": 0.20322976, 
  "rotation": -1.253749, 
  "xCenter": 0.50128615, 
  "yCenter": 0.6795551, 
  "height": 0.36129734
}