{
  "width": 0.32735527, 
  "rotation": -0.60620034, 
  "xCenter": 0.67799014, 
  "yCenter": 0.43333435, 
  "height": 0.5819649
}