{
  "width": 0.3188039, 
  "rotation": -2.486643, 
  "xCenter": 0.41979888, 
  "yCenter": 0.8219421, 
  "height": 0.56676245
}