{
  "width": 0.3453899, 
  "rotation": -0.11984861, 
  "xCenter": 0.22622421, 
  "yCenter": 0.79720736, 
  "height": 0.6140265
}