{
  "width": 0.12493499, 
  "rotation": 0.18769395, 
  "xCenter": 0.65892774, 
  "yCenter": 0.5585648, 
  "height": 0.22210667
}