{
  "width": 0.26719075, 
  "rotation": -0.9054576, 
  "xCenter": 0.6044088, 
  "yCenter": 0.23077135, 
  "height": 0.47500578
}