{
  "width": 0.1199677, 
  "rotation": -1.679458, 
  "xCenter": 0.38825285, 
  "yCenter": 0.47532198, 
  "height": 0.21327591
}