{
  "width": 0.29463828, 
  "rotation": -0.88479507, 
  "xCenter": 0.69525707, 
  "yCenter": 0.35813394, 
  "height": 0.5238013
}