{
  "width": 0.25699824, 
  "rotation": -0.4660169, 
  "xCenter": 0.30720893, 
  "yCenter": 0.50070196, 
  "height": 0.45688576
}