{
  "width": 0.2941449, 
  "rotation": -0.80121934, 
  "xCenter": 0.6572663, 
  "yCenter": 0.4199258, 
  "height": 0.52292424
}