{
  "width": 0.18221004, 
  "rotation": 0.95933056, 
  "xCenter": 0.2554839, 
  "yCenter": 0.45140916, 
  "height": 0.32392895
}