{
  "width": 0.2762572, 
  "rotation": -0.7622174, 
  "xCenter": 0.7035746, 
  "yCenter": 0.39998168, 
  "height": 0.49112388
}