{
  "width": 0.34327343, 
  "rotation": -0.3829484, 
  "xCenter": 0.30037817, 
  "yCenter": 0.7718701, 
  "height": 0.6102639
}