{
  "width": 0.2491018, 
  "rotation": 0.21648133, 
  "xCenter": 0.14633937, 
  "yCenter": 0.2990691, 
  "height": 0.44284764
}