{
  "width": 0.23863983, 
  "rotation": 0.06785941, 
  "xCenter": 0.07794175, 
  "yCenter": 0.4079247, 
  "height": 0.42424858
}