{
  "width": 0.124388166, 
  "rotation": -1.5863365, 
  "xCenter": 0.012515638, 
  "yCenter": 0.66368306, 
  "height": 0.22113453
}