{
  "width": 0.2403692, 
  "rotation": 0.48125064, 
  "xCenter": 0.20924816, 
  "yCenter": 0.29981378, 
  "height": 0.427323
}