{
  "width": 0.11776334, 
  "rotation": 0.2525617, 
  "xCenter": 0.3251774, 
  "yCenter": 0.48553145, 
  "height": 0.20935705
}