{
  "width": 0.15363869, 
  "rotation": -0.16416788, 
  "xCenter": 0.44612876, 
  "yCenter": 0.2348595, 
  "height": 0.27313545
}