{
  "width": 0.28320354, 
  "rotation": -0.26719975, 
  "xCenter": 0.443363, 
  "yCenter": 0.28940713, 
  "height": 0.503473
}