{
  "width": 0.27029437, 
  "rotation": 0.117503166, 
  "xCenter": 0.14659432, 
  "yCenter": 0.28383332, 
  "height": 0.48052335
}