{
  "width": 0.27959794, 
  "rotation": 0.24027956, 
  "xCenter": 0.1929437, 
  "yCenter": 0.30441883, 
  "height": 0.497063
}