{
  "width": 0.07863559, 
  "rotation": 1.2226552, 
  "xCenter": 0.16603869, 
  "yCenter": 0.076276675, 
  "height": 0.1397966
}