{
  "width": 0.16762601, 
  "rotation": 0.2591964, 
  "xCenter": 0.164509, 
  "yCenter": 0.3261661, 
  "height": 0.29800177
}