{
  "width": 0.26864728, 
  "rotation": -0.21041095, 
  "xCenter": 0.45104057, 
  "yCenter": 0.30771667, 
  "height": 0.47759518
}