{
  "width": 0.3968554, 
  "rotation": -0.35519958, 
  "xCenter": 0.6556152, 
  "yCenter": 0.7732966, 
  "height": 0.70552075
}