{
  "width": 0.22587551, 
  "rotation": -0.33083296, 
  "xCenter": 0.2804498, 
  "yCenter": 0.5136509, 
  "height": 0.40155646
}