{
  "width": 0.21808879, 
  "rotation": -0.29077387, 
  "xCenter": 0.5270762, 
  "yCenter": 0.5461418, 
  "height": 0.3877134
}