{
  "width": 0.2173005, 
  "rotation": -0.45946276, 
  "xCenter": 0.7482956, 
  "yCenter": 0.2252235, 
  "height": 0.386312
}