{
  "width": 0.15538375, 
  "rotation": -0.2603867, 
  "xCenter": 0.4147302, 
  "yCenter": 0.23810324, 
  "height": 0.2762378
}