{
  "width": 0.2835465, 
  "rotation": -0.24797034, 
  "xCenter": 0.44468066, 
  "yCenter": 0.2872172, 
  "height": 0.5040827
}