{
  "width": 0.27240354, 
  "rotation": -0.24120629, 
  "xCenter": 0.44931042, 
  "yCenter": 0.29946062, 
  "height": 0.484273
}