{
  "width": 0.15980595, 
  "rotation": -0.14641047, 
  "xCenter": 0.35701254, 
  "yCenter": 0.47630748, 
  "height": 0.2840995
}