{
  "width": 0.2534162, 
  "rotation": -0.9335259, 
  "xCenter": 0.70604587, 
  "yCenter": 0.4702085, 
  "height": 0.4505177
}