{
  "width": 0.17081843, 
  "rotation": -1.1279215, 
  "xCenter": 0.505622, 
  "yCenter": 0.6837935, 
  "height": 0.3036772
}