{
  "width": 0.35637063, 
  "rotation": -0.7848295, 
  "xCenter": 0.80584276, 
  "yCenter": 0.68671143, 
  "height": 0.6335478
}