{
  "width": 0.16983151, 
  "rotation": 0.21385121, 
  "xCenter": 0.36464307, 
  "yCenter": 0.81680876, 
  "height": 0.30192268
}