{
  "width": 0.3215448, 
  "rotation": -0.8185693, 
  "xCenter": 0.3372651, 
  "yCenter": 0.785616, 
  "height": 0.5716352
}