{
  "width": 0.22742073, 
  "rotation": -0.6059729, 
  "xCenter": 0.41058636, 
  "yCenter": 0.6838365, 
  "height": 0.40430355
}