{
  "width": 0.36705258, 
  "rotation": -0.23977208, 
  "xCenter": 0.24622357, 
  "yCenter": 0.6983184, 
  "height": 0.65253794
}