{
  "width": 0.21109614, 
  "rotation": -0.33926153, 
  "xCenter": 0.32383794, 
  "yCenter": 0.4464946, 
  "height": 0.37528202
}