{
  "width": 0.17245011, 
  "rotation": -0.28785348, 
  "xCenter": 0.09958923, 
  "yCenter": 0.35295606, 
  "height": 0.30657798
}