{
  "width": 0.21379551, 
  "rotation": 1.0841962, 
  "xCenter": 0.19756845, 
  "yCenter": 0.4314764, 
  "height": 0.38008094
}