{
  "width": 0.30891824, 
  "rotation": -1.1408046, 
  "xCenter": 0.6298665, 
  "yCenter": 0.52344805, 
  "height": 0.54918796
}