{
  "width": 0.17833163, 
  "rotation": -0.50462735, 
  "xCenter": 0.09875443, 
  "yCenter": 0.55075955, 
  "height": 0.317034
}