{
  "width": 0.11432977, 
  "rotation": 0.6263365, 
  "xCenter": 0.47068354, 
  "yCenter": 0.57047355, 
  "height": 0.20325293
}