{
  "width": 0.20493263, 
  "rotation": 0.7968552, 
  "xCenter": 0.108604126, 
  "yCenter": 0.42813545, 
  "height": 0.36432466
}