{
  "width": 0.23235, 
  "rotation": -0.59894526, 
  "xCenter": 0.4650451, 
  "yCenter": 0.48394328, 
  "height": 0.41306672
}