{
  "width": 0.2890057, 
  "rotation": 0.17639017, 
  "xCenter": 0.12834407, 
  "yCenter": 0.6794432, 
  "height": 0.5137879
}