{
  "width": 0.18951441, 
  "rotation": -2.407005, 
  "xCenter": 0.05995287, 
  "yCenter": 0.9048509, 
  "height": 0.3369145
}