{
  "width": 0.21859291, 
  "rotation": -0.09644675, 
  "xCenter": 0.11583964, 
  "yCenter": 0.45858124, 
  "height": 0.38860962
}