{
  "width": 0.17603345, 
  "rotation": -0.2019484, 
  "xCenter": 0.56875294, 
  "yCenter": 0.48068872, 
  "height": 0.31294835
}