{
  "width": 0.22009924, 
  "rotation": -0.3600104, 
  "xCenter": 0.5572472, 
  "yCenter": 0.5718236, 
  "height": 0.39128754
}