{
  "width": 0.15637955, 
  "rotation": 0.81511956, 
  "xCenter": 0.26744774, 
  "yCenter": 0.3623835, 
  "height": 0.2780081
}