{
  "width": 0.28158146, 
  "rotation": -0.88554966, 
  "xCenter": 0.6814233, 
  "yCenter": 0.3572691, 
  "height": 0.50058925
}