{
  "width": 0.17924318, 
  "rotation": -0.7091266, 
  "xCenter": 0.078179225, 
  "yCenter": 0.5262618, 
  "height": 0.31865454
}