{
  "width": 0.2518422, 
  "rotation": -0.43404686, 
  "xCenter": 0.40514466, 
  "yCenter": 0.53197336, 
  "height": 0.44771942
}