{
  "width": 0.27426684, 
  "rotation": 0.24715674, 
  "xCenter": 0.15108968, 
  "yCenter": 0.28517014, 
  "height": 0.48758548
}