{
  "width": 0.19103856, 
  "rotation": -1.9174322, 
  "xCenter": 0.33236986, 
  "yCenter": 0.75705236, 
  "height": 0.3396241
}