{
  "width": 0.28083652, 
  "rotation": -0.8251382, 
  "xCenter": 0.7144369, 
  "yCenter": 0.43266726, 
  "height": 0.49926493
}