{
  "width": 0.24485742, 
  "rotation": -0.6226233, 
  "xCenter": 0.5430504, 
  "yCenter": 0.7081174, 
  "height": 0.4353021
}