{
  "width": 0.2245911, 
  "rotation": -0.29109383, 
  "xCenter": 0.5261628, 
  "yCenter": 0.53739667, 
  "height": 0.39927307
}