{
  "width": 0.3028351, 
  "rotation": -0.84753263, 
  "xCenter": 0.6496137, 
  "yCenter": 0.47493237, 
  "height": 0.53837353
}