{
  "width": 0.2109619, 
  "rotation": 0.27607667, 
  "xCenter": 0.050176375, 
  "yCenter": 0.48217207, 
  "height": 0.37504336
}