{
  "width": 0.33262548, 
  "rotation": -1.7449559, 
  "xCenter": 0.49017203, 
  "yCenter": 0.36686543, 
  "height": 0.59133416
}