{
  "width": 0.24459599, 
  "rotation": -0.8971821, 
  "xCenter": 0.7055563, 
  "yCenter": 0.47173494, 
  "height": 0.43483728
}