{
  "width": 0.17626585, 
  "rotation": 0.3606608, 
  "xCenter": 0.18932143, 
  "yCenter": 0.28837845, 
  "height": 0.3133615
}