{
  "width": 0.21531382, 
  "rotation": 0.28257787, 
  "xCenter": 0.11060217, 
  "yCenter": 0.43903765, 
  "height": 0.3827801
}