{
  "width": 0.17580234, 
  "rotation": -0.9692048, 
  "xCenter": 0.07657982, 
  "yCenter": 0.5943085, 
  "height": 0.3125375
}