{
  "width": 0.14838313, 
  "rotation": -0.23516035, 
  "xCenter": 0.3881787, 
  "yCenter": 0.5452516, 
  "height": 0.26379222
}