{
  "width": 0.31811923, 
  "rotation": -0.29533887, 
  "xCenter": 0.55433863, 
  "yCenter": 0.6701129, 
  "height": 0.5655453
}