{
  "width": 0.32157665, 
  "rotation": -2.6288068, 
  "xCenter": 0.43332848, 
  "yCenter": 0.89802635, 
  "height": 0.5716918
}