{
  "width": 0.26761058, 
  "rotation": -0.8915676, 
  "xCenter": 0.5250216, 
  "yCenter": 0.7735745, 
  "height": 0.47575215
}