{
  "width": 0.2487652, 
  "rotation": -0.93089736, 
  "xCenter": 0.37923747, 
  "yCenter": 0.5229878, 
  "height": 0.4422492
}