{
  "width": 0.31026122, 
  "rotation": -1.1525866, 
  "xCenter": 0.57644594, 
  "yCenter": 0.15292461, 
  "height": 0.5515755
}