{
  "width": 0.122846365, 
  "rotation": -0.21951449, 
  "xCenter": 0.34147507, 
  "yCenter": 0.39519915, 
  "height": 0.21839353
}