{
  "width": 0.2550163, 
  "rotation": -0.932495, 
  "xCenter": 0.68240273, 
  "yCenter": 0.34479326, 
  "height": 0.45336232
}