{
  "width": 0.26372352, 
  "rotation": 0.19063973, 
  "xCenter": 0.17065558, 
  "yCenter": 0.25876147, 
  "height": 0.46884176
}