{
  "width": 0.2305194, 
  "rotation": -0.12599456, 
  "xCenter": 0.31456083, 
  "yCenter": 0.6048229, 
  "height": 0.4098123
}