{
  "width": 0.17355369, 
  "rotation": -0.23512197, 
  "xCenter": 0.09404522, 
  "yCenter": 0.5011389, 
  "height": 0.30853987
}