{
  "width": 0.22753038, 
  "rotation": -0.3749025, 
  "xCenter": 0.4669979, 
  "yCenter": 0.4859934, 
  "height": 0.40449846
}