{
  "width": 0.09583264, 
  "rotation": 2.141088, 
  "xCenter": 0.37426668, 
  "yCenter": 0.77042544, 
  "height": 0.17036913
}