{
  "width": 0.22163436, 
  "rotation": -0.5099684, 
  "xCenter": 0.1475868, 
  "yCenter": 0.6571001, 
  "height": 0.39401665
}