{
  "width": 0.36449602, 
  "rotation": -0.61993635, 
  "xCenter": 0.8543229, 
  "yCenter": 0.65538466, 
  "height": 0.6479929
}