{
  "width": 0.1870873, 
  "rotation": -0.20056915, 
  "xCenter": 0.2942719, 
  "yCenter": 0.36231124, 
  "height": 0.33259967
}