{
  "width": 0.30435073, 
  "rotation": -0.66781986, 
  "xCenter": 0.27578068, 
  "yCenter": 0.80548024, 
  "height": 0.54106796
}