{
  "width": 0.17775103, 
  "rotation": -0.73669827, 
  "xCenter": 0.48356107, 
  "yCenter": 0.59273845, 
  "height": 0.31600183
}