{
  "width": 0.20116366, 
  "rotation": -1.2881085, 
  "xCenter": 0.4765902, 
  "yCenter": 0.6953414, 
  "height": 0.3576243
}