{
  "width": 0.35707718, 
  "rotation": -0.54048455, 
  "xCenter": 0.6331952, 
  "yCenter": 0.8209371, 
  "height": 0.6348039
}