{
  "width": 0.26809356, 
  "rotation": -0.9268342, 
  "xCenter": 0.6669056, 
  "yCenter": 0.31089377, 
  "height": 0.47661078
}