{
  "width": 0.37744626, 
  "rotation": -0.37800312, 
  "xCenter": 0.22016528, 
  "yCenter": 0.7131275, 
  "height": 0.67101556
}