{
  "width": 0.2777536, 
  "rotation": -0.25727427, 
  "xCenter": 0.44625115, 
  "yCenter": 0.3238192, 
  "height": 0.4937842
}