{
  "width": 0.23475827, 
  "rotation": 0.34423208, 
  "xCenter": 0.17220236, 
  "yCenter": 0.29614538, 
  "height": 0.41734803
}