{
  "width": 0.18585707, 
  "rotation": 0.78993845, 
  "xCenter": 0.24584268, 
  "yCenter": 0.34840733, 
  "height": 0.33041257
}