{
  "width": 0.20176025, 
  "rotation": 0.44628584, 
  "xCenter": 0.117224395, 
  "yCenter": 0.43052617, 
  "height": 0.35868487
}