{
  "width": 0.13013625, 
  "rotation": -1.3840967, 
  "xCenter": 0.008492436, 
  "yCenter": 0.6494552, 
  "height": 0.23135333
}