{
  "width": 0.23653133, 
  "rotation": -0.7647475, 
  "xCenter": 0.6830951, 
  "yCenter": 0.4460137, 
  "height": 0.42050013
}