{
  "width": 0.28192022, 
  "rotation": 0.14706123, 
  "xCenter": 0.16033345, 
  "yCenter": 0.257662, 
  "height": 0.50119156
}