{
  "width": 0.20439243, 
  "rotation": 0.1782316, 
  "xCenter": 0.13995962, 
  "yCenter": 0.3947493, 
  "height": 0.36336434
}