{
  "width": 0.20484652, 
  "rotation": 0.9903101, 
  "xCenter": 0.17100394, 
  "yCenter": 0.41148365, 
  "height": 0.3641716
}