{
  "width": 0.37251893, 
  "rotation": -0.19263959, 
  "xCenter": 0.27943853, 
  "yCenter": 0.6710255, 
  "height": 0.6622559
}