{
  "width": 0.26354867, 
  "rotation": -0.9084865, 
  "xCenter": 0.37457564, 
  "yCenter": 0.50774986, 
  "height": 0.46853098
}