{
  "width": 0.18948814, 
  "rotation": 2.8862162, 
  "xCenter": 0.39270586, 
  "yCenter": 0.8409309, 
  "height": 0.33686784
}