{
  "width": 0.19821021, 
  "rotation": -0.18467617, 
  "xCenter": 0.55427295, 
  "yCenter": 0.50967336, 
  "height": 0.35237372
}