{
  "width": 0.18907338, 
  "rotation": 0.09994793, 
  "xCenter": 0.11804008, 
  "yCenter": 0.5342808, 
  "height": 0.33613047
}