{
  "width": 0.26137605, 
  "rotation": -0.7935678, 
  "xCenter": 0.7039806, 
  "yCenter": 0.3549237, 
  "height": 0.46466854
}