{
  "width": 0.30124867, 
  "rotation": -0.8367518, 
  "xCenter": 0.69386864, 
  "yCenter": 0.41421795, 
  "height": 0.53555316
}