{
  "width": 0.20890288, 
  "rotation": -0.69773114, 
  "xCenter": 0.75228083, 
  "yCenter": 0.2267038, 
  "height": 0.3713829
}