{
  "width": 0.28595912, 
  "rotation": -0.25902653, 
  "xCenter": 0.44334465, 
  "yCenter": 0.28510576, 
  "height": 0.5083718
}