{
  "width": 0.2784222, 
  "rotation": -0.39079309, 
  "xCenter": 0.28634182, 
  "yCenter": 0.78018486, 
  "height": 0.49497283
}