{
  "width": 0.18434997, 
  "rotation": -0.86046135, 
  "xCenter": 0.33597076, 
  "yCenter": 0.72053415, 
  "height": 0.32773328
}