{
  "width": 0.17648359, 
  "rotation": -0.07682681, 
  "xCenter": 0.5658, 
  "yCenter": 0.48022267, 
  "height": 0.3137486
}