{
  "width": 0.18726856, 
  "rotation": -0.6702219, 
  "xCenter": 0.040117748, 
  "yCenter": 0.52449363, 
  "height": 0.3329219
}