{
  "width": 0.2820573, 
  "rotation": -0.9071666, 
  "xCenter": 0.4397808, 
  "yCenter": 0.65489626, 
  "height": 0.50143516
}