{
  "width": 0.20580593, 
  "rotation": 0.79493254, 
  "xCenter": 0.17992559, 
  "yCenter": 0.45562178, 
  "height": 0.3658772
}