{
  "width": 0.15684569, 
  "rotation": 0.016894698, 
  "xCenter": 0.54707676, 
  "yCenter": 0.3881076, 
  "height": 0.2788368
}