{
  "width": 0.1649346, 
  "rotation": 0.8214794, 
  "xCenter": 0.45456648, 
  "yCenter": 0.6255778, 
  "height": 0.29321706
}