{
  "width": 0.22366886, 
  "rotation": -2.2258356, 
  "xCenter": 0.3040216, 
  "yCenter": 0.59596276, 
  "height": 0.39763355
}