{
  "width": 0.15856525, 
  "rotation": -0.06546819, 
  "xCenter": 0.3571665, 
  "yCenter": 0.4493357, 
  "height": 0.2818938
}