{
  "width": 0.29128224, 
  "rotation": -0.9975804, 
  "xCenter": 0.5812095, 
  "yCenter": 0.40243194, 
  "height": 0.5178351
}