{
  "width": 0.298881, 
  "rotation": -0.86411345, 
  "xCenter": 0.63365877, 
  "yCenter": 0.4942857, 
  "height": 0.531344
}