{
  "width": 0.27281594, 
  "rotation": -0.8770739, 
  "xCenter": 0.5950504, 
  "yCenter": 0.20585975, 
  "height": 0.4850061
}