{
  "width": 0.21932477, 
  "rotation": -0.41007638, 
  "xCenter": 0.356589, 
  "yCenter": 0.44418374, 
  "height": 0.3899107
}