{
  "width": 0.31185842, 
  "rotation": -1.7109936, 
  "xCenter": 0.49510717, 
  "yCenter": 0.34411505, 
  "height": 0.554415
}