{
  "width": 0.23035203, 
  "rotation": -1.0749785, 
  "xCenter": 0.4308015, 
  "yCenter": 0.6224573, 
  "height": 0.40951476
}