{
  "width": 0.3220081, 
  "rotation": -2.5751994, 
  "xCenter": 0.43545753, 
  "yCenter": 0.90992266, 
  "height": 0.57245886
}