{
  "width": 0.2042349, 
  "rotation": -0.5880953, 
  "xCenter": 0.15363333, 
  "yCenter": 0.6326774, 
  "height": 0.36308426
}