{
  "width": 0.25838926, 
  "rotation": -0.36031735, 
  "xCenter": 0.4052457, 
  "yCenter": 0.47328144, 
  "height": 0.45935872
}