{
  "width": 0.25608963, 
  "rotation": -0.9066018, 
  "xCenter": 0.7008637, 
  "yCenter": 0.43179572, 
  "height": 0.45527047
}