{
  "width": 0.2865508, 
  "rotation": 0.23976445, 
  "xCenter": 0.1294662, 
  "yCenter": 0.6614827, 
  "height": 0.5094236
}