{
  "width": 0.13746925, 
  "rotation": 1.1422832, 
  "xCenter": 0.17323539, 
  "yCenter": 0.43878332, 
  "height": 0.24438977
}