{
  "width": 0.2905058, 
  "rotation": 0.22556913, 
  "xCenter": 0.12820724, 
  "yCenter": 0.6920518, 
  "height": 0.51645476
}