{
  "width": 0.27594674, 
  "rotation": 0.41164696, 
  "xCenter": 0.16458313, 
  "yCenter": 0.28151917, 
  "height": 0.490572
}