{
  "width": 0.3038619, 
  "rotation": -1.4532913, 
  "xCenter": 0.501998, 
  "yCenter": 0.3844627, 
  "height": 0.5401989
}