{
  "width": 0.36581406, 
  "rotation": -0.41523814, 
  "xCenter": 0.21331356, 
  "yCenter": 0.7271647, 
  "height": 0.6503361
}