{
  "width": 0.17685847, 
  "rotation": -0.7871448, 
  "xCenter": 0.22256395, 
  "yCenter": 0.5901071, 
  "height": 0.31441504
}