{
  "width": 0.22724406, 
  "rotation": 0.6009715, 
  "xCenter": 0.09745707, 
  "yCenter": 0.42655462, 
  "height": 0.40398943
}