{
  "width": 0.19621348, 
  "rotation": -1.5785788, 
  "xCenter": 0.51706386, 
  "yCenter": 0.20456456, 
  "height": 0.34882396
}