{
  "width": 0.29023474, 
  "rotation": -0.88482034, 
  "xCenter": 0.68419224, 
  "yCenter": 0.35792252, 
  "height": 0.51597285
}