{
  "width": 0.16642761, 
  "rotation": -0.2797649, 
  "xCenter": 0.39628187, 
  "yCenter": 0.5666569, 
  "height": 0.2958713
}