{
  "width": 0.20619042, 
  "rotation": 0.6881493, 
  "xCenter": 0.1856397, 
  "yCenter": 0.39361182, 
  "height": 0.36656076
}