{
  "width": 0.19698375, 
  "rotation": -0.7349855, 
  "xCenter": 0.7597352, 
  "yCenter": 0.22786161, 
  "height": 0.35019335
}