{
  "width": 0.21753809, 
  "rotation": -0.37943602, 
  "xCenter": 0.58252007, 
  "yCenter": 0.42209426, 
  "height": 0.3867344
}