{
  "width": 0.3180047, 
  "rotation": -1.5421599, 
  "xCenter": 0.52396035, 
  "yCenter": 0.22168061, 
  "height": 0.5653417
}