{
  "width": 0.24665974, 
  "rotation": -0.22639692, 
  "xCenter": 0.57038546, 
  "yCenter": 0.60001785, 
  "height": 0.43850622
}