{
  "width": 0.132442, 
  "rotation": -0.72538507, 
  "xCenter": 0.6086237, 
  "yCenter": 0.44633305, 
  "height": 0.23545244
}