{
  "width": 0.19854054, 
  "rotation": 0.7655707, 
  "xCenter": 0.12666316, 
  "yCenter": 0.2762603, 
  "height": 0.35296094
}