{
  "width": 0.21057372, 
  "rotation": -0.29648983, 
  "xCenter": 0.5772303, 
  "yCenter": 0.55723286, 
  "height": 0.3743533
}