{
  "width": 0.16793378, 
  "rotation": -0.95545805, 
  "xCenter": 0.53945386, 
  "yCenter": 0.77132386, 
  "height": 0.29854894
}