{
  "width": 0.24586335, 
  "rotation": -0.65741074, 
  "xCenter": 0.76742, 
  "yCenter": 0.5142637, 
  "height": 0.4370904
}