{
  "width": 0.16350436, 
  "rotation": 1.1544012, 
  "xCenter": 0.4062156, 
  "yCenter": 0.80785537, 
  "height": 0.29067442
}