{
  "width": 0.3486013, 
  "rotation": -0.6008588, 
  "xCenter": 0.78878427, 
  "yCenter": 0.6914527, 
  "height": 0.61973566
}