{
  "width": 0.35039076, 
  "rotation": -0.46610272, 
  "xCenter": 0.19488393, 
  "yCenter": 0.7160257, 
  "height": 0.6229169
}