{
  "width": 0.17699267, 
  "rotation": -0.59854734, 
  "xCenter": 0.51007485, 
  "yCenter": 0.5658371, 
  "height": 0.31465364
}