{
  "width": 0.23479576, 
  "rotation": 0.016430497, 
  "xCenter": 0.08639194, 
  "yCenter": 0.41982582, 
  "height": 0.4174147
}