{
  "width": 0.25518444, 
  "rotation": -0.88773715, 
  "xCenter": 0.66483927, 
  "yCenter": 0.3744347, 
  "height": 0.45366126
}