{
  "width": 0.18412216, 
  "rotation": 0.42963362, 
  "xCenter": 0.13692063, 
  "yCenter": 0.5505566, 
  "height": 0.3273283
}