{
  "width": 0.21227957, 
  "rotation": 0.36881816, 
  "xCenter": 0.118348256, 
  "yCenter": 0.4241683, 
  "height": 0.37738594
}