{
  "width": 0.23940946, 
  "rotation": -0.9543253, 
  "xCenter": 0.25061613, 
  "yCenter": 0.5960917, 
  "height": 0.4256168
}