{
  "width": 0.2571347, 
  "rotation": -0.79573166, 
  "xCenter": 0.65761787, 
  "yCenter": 0.34784436, 
  "height": 0.45712838
}