{
  "width": 0.19224083, 
  "rotation": -1.0795177, 
  "xCenter": 0.32423785, 
  "yCenter": 0.71924615, 
  "height": 0.3417615
}