{
  "width": 0.2745968, 
  "rotation": 0.08034766, 
  "xCenter": 0.14110501, 
  "yCenter": 0.28930628, 
  "height": 0.48817208
}