{
  "width": 0.20334676, 
  "rotation": -0.42152095, 
  "xCenter": 0.49635077, 
  "yCenter": 0.4405638, 
  "height": 0.36150536
}