{
  "width": 0.39380977, 
  "rotation": -0.27397132, 
  "xCenter": 0.25664055, 
  "yCenter": 0.6862917, 
  "height": 0.70010626
}