{
  "width": 0.2473511, 
  "rotation": -0.8990098, 
  "xCenter": 0.7606024, 
  "yCenter": 0.20693962, 
  "height": 0.4397353
}