{
  "width": 0.26400268, 
  "rotation": -0.844751, 
  "xCenter": 0.648896, 
  "yCenter": 0.41951048, 
  "height": 0.46933806
}