{
  "width": 0.304387, 
  "rotation": -0.8276392, 
  "xCenter": 0.71422577, 
  "yCenter": 0.33733895, 
  "height": 0.54113245
}