{
  "width": 0.18333817, 
  "rotation": 0.009269357, 
  "xCenter": 0.10050524, 
  "yCenter": 0.35227397, 
  "height": 0.3259345
}