{
  "width": 0.19181079, 
  "rotation": -0.33745265, 
  "xCenter": 0.33304745, 
  "yCenter": 0.4662432, 
  "height": 0.34099698
}