{
  "width": 0.17183784, 
  "rotation": -1.0444137, 
  "xCenter": 0.5075551, 
  "yCenter": 0.6745215, 
  "height": 0.30548948
}