{
  "width": 0.28452557, 
  "rotation": -0.2550826, 
  "xCenter": 0.4449408, 
  "yCenter": 0.290729, 
  "height": 0.5058232
}