{
  "width": 0.21398163, 
  "rotation": -0.5557376, 
  "xCenter": 0.76644677, 
  "yCenter": 0.18316299, 
  "height": 0.38041177
}