{
  "width": 0.316254, 
  "rotation": -0.26766586, 
  "xCenter": 0.57632047, 
  "yCenter": 0.7123498, 
  "height": 0.5622293
}