{
  "width": 0.14596137, 
  "rotation": -0.2295258, 
  "xCenter": 0.13438985, 
  "yCenter": 0.3922017, 
  "height": 0.25948688
}