{
  "width": 0.27942085, 
  "rotation": -0.891466, 
  "xCenter": 0.67893016, 
  "yCenter": 0.35632792, 
  "height": 0.49674818
}