{
  "width": 0.24057624, 
  "rotation": 0.47569275, 
  "xCenter": 0.08452634, 
  "yCenter": 0.4093187, 
  "height": 0.4276911
}