{
  "width": 0.22551458, 
  "rotation": -1.6536301, 
  "xCenter": 0.26890856, 
  "yCenter": 0.65180105, 
  "height": 0.4009148
}