{
  "width": 0.23480792, 
  "rotation": -0.8558012, 
  "xCenter": 0.47624904, 
  "yCenter": 0.5399958, 
  "height": 0.41743633
}