{
  "width": 0.28261575, 
  "rotation": 0.014599323, 
  "xCenter": 0.13698916, 
  "yCenter": 0.28920615, 
  "height": 0.502428
}