{
  "width": 0.18065962, 
  "rotation": -0.49509394, 
  "xCenter": 0.5382173, 
  "yCenter": 0.49732792, 
  "height": 0.32117265
}