{
  "width": 0.21126938, 
  "rotation": 0.38865185, 
  "xCenter": 0.32022476, 
  "yCenter": 0.47583058, 
  "height": 0.37559
}