{
  "width": 0.24160813, 
  "rotation": -1.135373, 
  "xCenter": 0.3688478, 
  "yCenter": 0.5417346, 
  "height": 0.42952555
}