{
  "width": 0.16497624, 
  "rotation": 0.9353452, 
  "xCenter": 0.3655678, 
  "yCenter": 0.72248644, 
  "height": 0.2932911
}