{
  "width": 0.2856565, 
  "rotation": -0.26067424, 
  "xCenter": 0.44381326, 
  "yCenter": 0.29023433, 
  "height": 0.5078338
}