{
  "width": 0.21351404, 
  "rotation": 0.37166893, 
  "xCenter": 0.096468315, 
  "yCenter": 0.42895058, 
  "height": 0.37958053
}