{
  "width": 0.24401022, 
  "rotation": -0.26583302, 
  "xCenter": 0.10688875, 
  "yCenter": 0.40116048, 
  "height": 0.43379596
}