{
  "width": 0.3907799, 
  "rotation": -0.49586356, 
  "xCenter": 0.6925549, 
  "yCenter": 0.7252382, 
  "height": 0.6947198
}