{
  "width": 0.27279982, 
  "rotation": -0.010100484, 
  "xCenter": 0.10271876, 
  "yCenter": 0.3032715, 
  "height": 0.48497745
}