{
  "width": 0.31334174, 
  "rotation": -0.2383244, 
  "xCenter": 0.5692746, 
  "yCenter": 0.71876687, 
  "height": 0.557052
}