{
  "width": 0.18661378, 
  "rotation": -0.18680394, 
  "xCenter": 0.5611417, 
  "yCenter": 0.45055425, 
  "height": 0.33175784
}