{
  "width": 0.19175608, 
  "rotation": -1.0460426, 
  "xCenter": 0.46120605, 
  "yCenter": 0.4952941, 
  "height": 0.3408997
}