{
  "width": 0.2106388, 
  "rotation": -0.3677665, 
  "xCenter": 0.5085234, 
  "yCenter": 0.37836003, 
  "height": 0.374469
}