{
  "width": 0.21269056, 
  "rotation": -0.10263407, 
  "xCenter": 0.058557186, 
  "yCenter": 0.43991667, 
  "height": 0.37811655
}