{
  "width": 0.17954181, 
  "rotation": -0.30504227, 
  "xCenter": 0.07966656, 
  "yCenter": 0.5336652, 
  "height": 0.31918544
}