{
  "width": 0.21361087, 
  "rotation": 0.96024007, 
  "xCenter": 0.22836775, 
  "yCenter": 0.7316561, 
  "height": 0.37975267
}