{
  "width": 0.13469268, 
  "rotation": -2.419914, 
  "xCenter": 0.2835781, 
  "yCenter": 0.6546782, 
  "height": 0.23945366
}