{
  "width": 0.15580595, 
  "rotation": 0.9422004, 
  "xCenter": 0.27197215, 
  "yCenter": 0.38058832, 
  "height": 0.27698836
}