{
  "width": 0.36882687, 
  "rotation": -0.52999556, 
  "xCenter": 0.62775344, 
  "yCenter": 0.8013849, 
  "height": 0.65569216
}