{
  "width": 0.26583362, 
  "rotation": -0.14533329, 
  "xCenter": 0.11230694, 
  "yCenter": 0.3606353, 
  "height": 0.47259313
}