{
  "width": 0.24386607, 
  "rotation": -1.2361587, 
  "xCenter": 0.4225623, 
  "yCenter": 0.7856003, 
  "height": 0.4335397
}