{
  "width": 0.18836685, 
  "rotation": -0.50412714, 
  "xCenter": 0.40167436, 
  "yCenter": 0.5501393, 
  "height": 0.3348744
}