{
  "width": 0.19794428, 
  "rotation": -0.23175907, 
  "xCenter": 0.28983968, 
  "yCenter": 0.40523317, 
  "height": 0.35190094
}