{
  "width": 0.18000017, 
  "rotation": 0.031092882, 
  "xCenter": 0.14965017, 
  "yCenter": 0.33777732, 
  "height": 0.32000032
}