{
  "width": 0.23353124, 
  "rotation": -0.14685833, 
  "xCenter": 0.46248138, 
  "yCenter": 0.29790172, 
  "height": 0.41516662
}