{
  "width": 0.29645717, 
  "rotation": -0.9782165, 
  "xCenter": 0.5827142, 
  "yCenter": 0.40409756, 
  "height": 0.527035
}