{
  "width": 0.27723387, 
  "rotation": -0.82672393, 
  "xCenter": 0.64798594, 
  "yCenter": 0.41986215, 
  "height": 0.49286023
}