{
  "width": 0.26368916, 
  "rotation": -1.0365874, 
  "xCenter": 0.61989015, 
  "yCenter": 0.27741882, 
  "height": 0.46878076
}