{
  "width": 0.16348717, 
  "rotation": 0.7579847, 
  "xCenter": 0.25256798, 
  "yCenter": 0.38408738, 
  "height": 0.29064384
}