{
  "width": 0.4035564, 
  "rotation": -0.55507004, 
  "xCenter": 0.6882867, 
  "yCenter": 0.72301215, 
  "height": 0.7174336
}