{
  "width": 0.25305423, 
  "rotation": -0.90199125, 
  "xCenter": 0.51939994, 
  "yCenter": 0.7766409, 
  "height": 0.44987416
}