{
  "width": 0.2303835, 
  "rotation": -1.2284626, 
  "xCenter": 0.38871366, 
  "yCenter": 0.69649506, 
  "height": 0.40957063
}