{
  "width": 0.28243613, 
  "rotation": -0.6243104, 
  "xCenter": 0.6689963, 
  "yCenter": 0.40602717, 
  "height": 0.5021087
}