{
  "width": 0.18420771, 
  "rotation": 0.4486524, 
  "xCenter": 0.3666368, 
  "yCenter": 0.7210801, 
  "height": 0.32748035
}