{
  "width": 0.3087383, 
  "rotation": -0.9185699, 
  "xCenter": 0.6637069, 
  "yCenter": 0.47605437, 
  "height": 0.5488681
}