{
  "width": 0.18644062, 
  "rotation": -0.10779035, 
  "xCenter": 0.08574816, 
  "yCenter": 0.43897623, 
  "height": 0.33145002
}