{
  "width": 0.37885496, 
  "rotation": -0.46504176, 
  "xCenter": 0.6843993, 
  "yCenter": 0.74398327, 
  "height": 0.6735199
}