{
  "width": 0.2274092, 
  "rotation": -1.9189299, 
  "xCenter": 0.4721972, 
  "yCenter": 0.90587354, 
  "height": 0.40428302
}