{
  "width": 0.24629185, 
  "rotation": -0.745859, 
  "xCenter": 0.6591488, 
  "yCenter": 0.28947842, 
  "height": 0.43785217
}