{
  "width": 0.14836669, 
  "rotation": -0.6993872, 
  "xCenter": 0.3996865, 
  "yCenter": 0.34067467, 
  "height": 0.263763
}