{
  "width": 0.13694198, 
  "rotation": 0.55675197, 
  "xCenter": 0.14787368, 
  "yCenter": 0.44268742, 
  "height": 0.24345241
}