{
  "width": 0.19660029, 
  "rotation": 0.7625626, 
  "xCenter": 0.1796386, 
  "yCenter": 0.38721794, 
  "height": 0.34951162
}