{
  "width": 0.30635035, 
  "rotation": -1.7559627, 
  "xCenter": 0.5013376, 
  "yCenter": 0.35593584, 
  "height": 0.54462284
}