{
  "width": 0.28621063, 
  "rotation": -2.514158, 
  "xCenter": 0.4432606, 
  "yCenter": 0.7387768, 
  "height": 0.5088189
}