{
  "width": 0.25132307, 
  "rotation": -0.7279047, 
  "xCenter": 0.69388413, 
  "yCenter": 0.46189743, 
  "height": 0.4467966
}