{
  "width": 0.30678472, 
  "rotation": -0.20929813, 
  "xCenter": 0.57836, 
  "yCenter": 0.7219702, 
  "height": 0.5453951
}