{
  "width": 0.36386585, 
  "rotation": -0.22756338, 
  "xCenter": 0.27478296, 
  "yCenter": 0.6694021, 
  "height": 0.64687264
}