{
  "width": 0.03629555, 
  "rotation": -0.8324677, 
  "xCenter": 0.29467276, 
  "yCenter": 0.65916175, 
  "height": 0.064525425
}