{
  "width": 0.24699315, 
  "rotation": 0.12285578, 
  "xCenter": 0.065840505, 
  "yCenter": 0.44469148, 
  "height": 0.43909895
}