{
  "width": 0.22013062, 
  "rotation": -0.5844096, 
  "xCenter": 0.68450254, 
  "yCenter": 0.3808007, 
  "height": 0.39134333
}