{
  "width": 0.22864123, 
  "rotation": -0.37303746, 
  "xCenter": 0.49953198, 
  "yCenter": 0.49032074, 
  "height": 0.4064733
}