{
  "width": 0.3652125, 
  "rotation": -1.550798, 
  "xCenter": 0.5119453, 
  "yCenter": 0.15057099, 
  "height": 0.64926666
}