{
  "width": 0.22996137, 
  "rotation": -0.3098879, 
  "xCenter": 0.7694587, 
  "yCenter": 0.2057856, 
  "height": 0.4088202
}