{
  "width": 0.17761628, 
  "rotation": 2.0449154, 
  "xCenter": 0.15473092, 
  "yCenter": 0.57815593, 
  "height": 0.31576228
}