{
  "width": 0.22794548, 
  "rotation": -0.8751706, 
  "xCenter": 0.701495, 
  "yCenter": 0.47878146, 
  "height": 0.4052364
}