{
  "width": 0.2872564, 
  "rotation": -0.25176942, 
  "xCenter": 0.44510013, 
  "yCenter": 0.28740013, 
  "height": 0.51067805
}