{
  "width": 0.17346086, 
  "rotation": 2.8280258, 
  "xCenter": 0.33264968, 
  "yCenter": 0.7406597, 
  "height": 0.30837485
}