{
  "width": 0.22931567, 
  "rotation": -0.7221676, 
  "xCenter": 0.6405194, 
  "yCenter": 0.24095424, 
  "height": 0.4076723
}