{
  "width": 0.2343255, 
  "rotation": -1.5416955, 
  "xCenter": 0.49472308, 
  "yCenter": 0.14969942, 
  "height": 0.41657868
}