{
  "width": 0.2740042, 
  "rotation": -0.09086478, 
  "xCenter": 0.11320615, 
  "yCenter": 0.30669934, 
  "height": 0.48711857
}