{
  "width": 0.20356749, 
  "rotation": 0.9905432, 
  "xCenter": 0.16100495, 
  "yCenter": 0.40915903, 
  "height": 0.3618978
}