{
  "width": 0.20436834, 
  "rotation": -0.30573905, 
  "xCenter": 0.5645326, 
  "yCenter": 0.5522096, 
  "height": 0.36332148
}