{
  "width": 0.19453691, 
  "rotation": -1.7723593, 
  "xCenter": 0.28636405, 
  "yCenter": 0.6941612, 
  "height": 0.3458434
}