{
  "width": 0.3194458, 
  "rotation": -0.69345677, 
  "xCenter": 0.7997983, 
  "yCenter": 0.6306244, 
  "height": 0.56790364
}