{
  "width": 0.2505563, 
  "rotation": -0.47428644, 
  "xCenter": 0.31423983, 
  "yCenter": 0.5389394, 
  "height": 0.4454334
}