{
  "width": 0.23827948, 
  "rotation": -0.78206885, 
  "xCenter": 0.681954, 
  "yCenter": 0.4489657, 
  "height": 0.42360795
}