{
  "width": 0.18792547, 
  "rotation": -1.4672021, 
  "xCenter": 0.64244103, 
  "yCenter": 0.14189506, 
  "height": 0.33408973
}