{
  "width": 0.15426795, 
  "rotation": -0.4064976, 
  "xCenter": 0.35525006, 
  "yCenter": 0.3808059, 
  "height": 0.27425414
}