{
  "width": 0.2710773, 
  "rotation": -0.8483752, 
  "xCenter": 0.66089803, 
  "yCenter": 0.30852783, 
  "height": 0.4819152
}