{
  "width": 0.19353464, 
  "rotation": -0.22149324, 
  "xCenter": 0.042656444, 
  "yCenter": 0.4464298, 
  "height": 0.34406158
}