{
  "width": 0.25917313, 
  "rotation": -0.9049758, 
  "xCenter": 0.62379736, 
  "yCenter": 0.28052348, 
  "height": 0.46075222
}