{
  "width": 0.18345979, 
  "rotation": -0.32398534, 
  "xCenter": 0.40107742, 
  "yCenter": 0.5823022, 
  "height": 0.32615072
}