{
  "width": 0.20299324, 
  "rotation": 0.995481, 
  "xCenter": 0.13982555, 
  "yCenter": 0.49853227, 
  "height": 0.3608769
}