{
  "width": 0.20613463, 
  "rotation": -0.6242026, 
  "xCenter": 0.07924025, 
  "yCenter": 0.5973824, 
  "height": 0.36646158
}