{
  "width": 0.1784257, 
  "rotation": 1.719291, 
  "xCenter": 0.39102003, 
  "yCenter": 0.7624411, 
  "height": 0.31720126
}