{
  "width": 0.27243182, 
  "rotation": 0.24527156, 
  "xCenter": 0.15643357, 
  "yCenter": 0.2833751, 
  "height": 0.48432326
}