{
  "width": 0.31989092, 
  "rotation": -1.5633167, 
  "xCenter": 0.49630168, 
  "yCenter": 0.36590207, 
  "height": 0.568695
}