{
  "width": 0.2254261, 
  "rotation": -0.55385506, 
  "xCenter": 0.40334648, 
  "yCenter": 0.6867566, 
  "height": 0.4007575
}