{
  "width": 0.19804803, 
  "rotation": -0.026676536, 
  "xCenter": 0.08166978, 
  "yCenter": 0.43780398, 
  "height": 0.35208538
}