{
  "width": 0.35887524, 
  "rotation": -1.640962, 
  "xCenter": 0.503315, 
  "yCenter": 0.1345932, 
  "height": 0.6380004
}