{
  "width": 0.13179925, 
  "rotation": -1.3432945, 
  "xCenter": 0.009245135, 
  "yCenter": 0.64802134, 
  "height": 0.23430979
}