{
  "width": 0.28927854, 
  "rotation": 0.21571648, 
  "xCenter": 0.1283111, 
  "yCenter": 0.6765543, 
  "height": 0.5142729
}