{
  "width": 0.08525977, 
  "rotation": 0.7650722, 
  "xCenter": 0.16031645, 
  "yCenter": 0.07371035, 
  "height": 0.15157293
}