{
  "width": 0.23677377, 
  "rotation": -1.0674831, 
  "xCenter": 0.3700225, 
  "yCenter": 0.5434334, 
  "height": 0.42093116
}