{
  "width": 0.20359841, 
  "rotation": 0.0059529543, 
  "xCenter": 0.1343052, 
  "yCenter": 0.4606233, 
  "height": 0.36195272
}