{
  "width": 0.19899677, 
  "rotation": 1.1122651, 
  "xCenter": 0.26070815, 
  "yCenter": 0.71323466, 
  "height": 0.353772
}