{
  "width": 0.24624845, 
  "rotation": -0.8455094, 
  "xCenter": 0.6911513, 
  "yCenter": 0.34988528, 
  "height": 0.43777502
}