{
  "width": 0.2199938, 
  "rotation": -2.51841, 
  "xCenter": 0.3018965, 
  "yCenter": 0.557496, 
  "height": 0.39110008
}