{
  "width": 0.23024654, 
  "rotation": -0.70714915, 
  "xCenter": 0.6378055, 
  "yCenter": 0.22742394, 
  "height": 0.40932718
}