{
  "width": 0.2836383, 
  "rotation": -0.24848592, 
  "xCenter": 0.4411238, 
  "yCenter": 0.28533238, 
  "height": 0.5042459
}