{
  "width": 0.22133878, 
  "rotation": -0.40065527, 
  "xCenter": 0.340927, 
  "yCenter": 0.4748729, 
  "height": 0.39349118
}