{
  "width": 0.22940764, 
  "rotation": -2.1877592, 
  "xCenter": 0.47407383, 
  "yCenter": 0.88823867, 
  "height": 0.4078358
}