{
  "width": 0.1958754, 
  "rotation": -1.1382684, 
  "xCenter": 0.49124753, 
  "yCenter": 0.9104241, 
  "height": 0.34822294
}