{
  "width": 0.24571015, 
  "rotation": -2.1284811, 
  "xCenter": 0.48617956, 
  "yCenter": 0.68086267, 
  "height": 0.43681806
}