{
  "width": 0.16737045, 
  "rotation": -0.43857825, 
  "xCenter": 0.3842853, 
  "yCenter": 0.54473203, 
  "height": 0.2975475
}