{
  "width": 0.4220235, 
  "rotation": -0.34341288, 
  "xCenter": 0.6550637, 
  "yCenter": 0.7899212, 
  "height": 0.75026405
}