{
  "width": 0.23059262, 
  "rotation": -0.33159244, 
  "xCenter": 0.34732327, 
  "yCenter": 0.4553182, 
  "height": 0.40994248
}