{
  "width": 0.29351974, 
  "rotation": -0.734027, 
  "xCenter": 0.71121836, 
  "yCenter": 0.3257774, 
  "height": 0.52181286
}