{
  "width": 0.25305328, 
  "rotation": -0.28907526, 
  "xCenter": 0.5188855, 
  "yCenter": 0.49642438, 
  "height": 0.4498725
}