{
  "width": 0.21151868, 
  "rotation": -0.7380196, 
  "xCenter": 0.28206864, 
  "yCenter": 0.88250333, 
  "height": 0.3760332
}