{
  "width": 0.31421858, 
  "rotation": -0.9502653, 
  "xCenter": 0.65584004, 
  "yCenter": 0.43935594, 
  "height": 0.5586108
}