{
  "width": 0.27850696, 
  "rotation": -0.8700944, 
  "xCenter": 0.633221, 
  "yCenter": 0.42103392, 
  "height": 0.49512354
}