{
  "width": 0.29756993, 
  "rotation": -1.4953748, 
  "xCenter": 0.5373562, 
  "yCenter": 0.2198485, 
  "height": 0.5290132
}