{
  "width": 0.24850397, 
  "rotation": 0.1166116, 
  "xCenter": 0.0696162, 
  "yCenter": 0.38894662, 
  "height": 0.44178483
}