{
  "width": 0.20617561, 
  "rotation": -0.32363808, 
  "xCenter": 0.31419966, 
  "yCenter": 0.45904362, 
  "height": 0.36653444
}