{
  "width": 0.105078675, 
  "rotation": 0.124111414, 
  "xCenter": 0.3887853, 
  "yCenter": 0.54172665, 
  "height": 0.18680653
}