{
  "width": 0.16532901, 
  "rotation": 0.23993123, 
  "xCenter": 0.1631963, 
  "yCenter": 0.3303403, 
  "height": 0.29391825
}