{
  "width": 0.3850047, 
  "rotation": -0.3593681, 
  "xCenter": 0.22111984, 
  "yCenter": 0.7287478, 
  "height": 0.68445283
}