{
  "width": 0.20251006, 
  "rotation": -0.04474759, 
  "xCenter": 0.12023224, 
  "yCenter": 0.41728637, 
  "height": 0.3600179
}