{
  "width": 0.26864454, 
  "rotation": -0.9170946, 
  "xCenter": 0.5199208, 
  "yCenter": 0.76625603, 
  "height": 0.4775903
}