{
  "width": 0.31008983, 
  "rotation": -0.89450204, 
  "xCenter": 0.64064854, 
  "yCenter": 0.45897532, 
  "height": 0.5512708
}