{
  "width": 0.31065995, 
  "rotation": -0.69989145, 
  "xCenter": 0.7093358, 
  "yCenter": 0.49264345, 
  "height": 0.55228436
}