{
  "width": 0.19274558, 
  "rotation": 0.5220314, 
  "xCenter": 0.22489262, 
  "yCenter": 0.43904898, 
  "height": 0.34265882
}