{
  "width": 0.2349225, 
  "rotation": -0.65995896, 
  "xCenter": 0.5304448, 
  "yCenter": 0.6514287, 
  "height": 0.41763997
}