{
  "width": 0.24181253, 
  "rotation": -0.5632545, 
  "xCenter": 0.35275865, 
  "yCenter": 0.41891772, 
  "height": 0.42988896
}