{
  "width": 0.33065972, 
  "rotation": -0.91712105, 
  "xCenter": 0.60185343, 
  "yCenter": 0.39213294, 
  "height": 0.58783954
}