{
  "width": 0.20391892, 
  "rotation": -0.28963614, 
  "xCenter": 0.5584739, 
  "yCenter": 0.54985064, 
  "height": 0.3625225
}