{
  "width": 0.18032384, 
  "rotation": 0.8132449, 
  "xCenter": 0.14851299, 
  "yCenter": 0.3878115, 
  "height": 0.3205757
}