{
  "width": 0.22828773, 
  "rotation": -0.8343948, 
  "xCenter": 0.73923284, 
  "yCenter": 0.5237418, 
  "height": 0.40584484
}