{
  "width": 0.23750028, 
  "rotation": -0.6093501, 
  "xCenter": 0.36008668, 
  "yCenter": 0.6345582, 
  "height": 0.42222273
}