{
  "width": 0.21387307, 
  "rotation": -0.62397635, 
  "xCenter": 0.2126666, 
  "yCenter": 0.5324579, 
  "height": 0.38021883
}