{
  "width": 0.16185655, 
  "rotation": 0.56292105, 
  "xCenter": 0.18746056, 
  "yCenter": 0.3410683, 
  "height": 0.28774497
}