{
  "width": 0.2670803, 
  "rotation": -0.23373222, 
  "xCenter": 0.4466593, 
  "yCenter": 0.29667854, 
  "height": 0.47480947
}