{
  "width": 0.28655234, 
  "rotation": -0.26936436, 
  "xCenter": 0.44350418, 
  "yCenter": 0.29111427, 
  "height": 0.5094264
}