{
  "width": 0.21907887, 
  "rotation": -1.1085519, 
  "xCenter": 0.107762255, 
  "yCenter": 0.5314992, 
  "height": 0.38947356
}