{
  "width": 0.31413326, 
  "rotation": 0.2158742, 
  "xCenter": 0.14718059, 
  "yCenter": 0.2610169, 
  "height": 0.55845916
}