{
  "width": 0.2550529, 
  "rotation": -0.84586966, 
  "xCenter": 0.52401406, 
  "yCenter": 0.7735528, 
  "height": 0.45342734
}