{
  "width": 0.31826165, 
  "rotation": -0.99638546, 
  "xCenter": 0.6503405, 
  "yCenter": 0.3615682, 
  "height": 0.5657985
}