{
  "width": 0.19700041, 
  "rotation": -0.2510804, 
  "xCenter": 0.32346404, 
  "yCenter": 0.47921246, 
  "height": 0.35022298
}