{
  "width": 0.2921333, 
  "rotation": -0.86924326, 
  "xCenter": 0.6852396, 
  "yCenter": 0.35807395, 
  "height": 0.5193481
}