{
  "width": 0.21500945, 
  "rotation": -1.5775727, 
  "xCenter": 0.51643693, 
  "yCenter": 0.19101815, 
  "height": 0.382239
}