{
  "width": 0.18994214, 
  "rotation": -0.1702509, 
  "xCenter": 0.30834526, 
  "yCenter": 0.60897803, 
  "height": 0.33767492
}