{
  "width": 0.17147753, 
  "rotation": 1.2173471, 
  "xCenter": 0.12189062, 
  "yCenter": 0.4321101, 
  "height": 0.30484894
}