{
  "width": 0.08884361, 
  "rotation": -0.17088628, 
  "xCenter": 0.3304434, 
  "yCenter": 0.31592232, 
  "height": 0.15794419
}