{
  "width": 0.13507761, 
  "rotation": -2.6853015, 
  "xCenter": 0.7132298, 
  "yCenter": 0.48920673, 
  "height": 0.24013798
}