{
  "width": 0.21800308, 
  "rotation": -0.30007553, 
  "xCenter": 0.5478382, 
  "yCenter": 0.5629196, 
  "height": 0.38756105
}