{
  "width": 0.25433147, 
  "rotation": -0.39877415, 
  "xCenter": 0.40616816, 
  "yCenter": 0.5033316, 
  "height": 0.45214486
}