{
  "width": 0.27402177, 
  "rotation": -0.9505731, 
  "xCenter": 0.61820585, 
  "yCenter": 0.2795528, 
  "height": 0.48714983
}