{
  "width": 0.0565963, 
  "rotation": -0.60300815, 
  "xCenter": 0.58657813, 
  "yCenter": 0.8345386, 
  "height": 0.10061565
}