{
  "width": 0.2369117, 
  "rotation": -2.0118887, 
  "xCenter": 0.5027508, 
  "yCenter": 0.7588385, 
  "height": 0.42117634
}