{
  "width": 0.26894164, 
  "rotation": -0.69130385, 
  "xCenter": 0.7827814, 
  "yCenter": 0.5386208, 
  "height": 0.47811845
}