{
  "width": 0.21795078, 
  "rotation": 0.43161583, 
  "xCenter": 0.12360733, 
  "yCenter": 0.33290547, 
  "height": 0.38746807
}