{
  "width": 0.20323342, 
  "rotation": -0.29446137, 
  "xCenter": 0.099078596, 
  "yCenter": 0.34544918, 
  "height": 0.36130384
}