{
  "width": 0.18861884, 
  "rotation": -0.9920732, 
  "xCenter": 0.50730544, 
  "yCenter": 0.6554118, 
  "height": 0.33532238
}