{
  "width": 0.29205805, 
  "rotation": -0.6007503, 
  "xCenter": 0.28739363, 
  "yCenter": 0.6946259, 
  "height": 0.5192143
}