{
  "width": 0.2940341, 
  "rotation": -0.74235356, 
  "xCenter": 0.6501665, 
  "yCenter": 0.36879316, 
  "height": 0.52272725
}