{
  "width": 0.14991629, 
  "rotation": -1.5393897, 
  "xCenter": 0.51699805, 
  "yCenter": 0.21980375, 
  "height": 0.26651785
}