{
  "width": 0.12854734, 
  "rotation": -1.4269556, 
  "xCenter": 0.006694779, 
  "yCenter": 0.6513063, 
  "height": 0.22852859
}