{
  "width": 0.18796101, 
  "rotation": 1.1460501, 
  "xCenter": 0.21267648, 
  "yCenter": 0.57344896, 
  "height": 0.3341529
}