{
  "width": 0.20349607, 
  "rotation": 1.149982, 
  "xCenter": 0.36017728, 
  "yCenter": 0.5130015, 
  "height": 0.36177078
}