{
  "width": 0.27902588, 
  "rotation": -1.0192491, 
  "xCenter": 0.6453478, 
  "yCenter": 0.35871512, 
  "height": 0.496046
}