{
  "width": 0.20148608, 
  "rotation": -0.28191817, 
  "xCenter": 0.11814709, 
  "yCenter": 0.49365425, 
  "height": 0.35819748
}