{
  "width": 0.3001886, 
  "rotation": -0.56659806, 
  "xCenter": 0.51090914, 
  "yCenter": 0.6084322, 
  "height": 0.5336686
}