{
  "width": 0.21445051, 
  "rotation": 0.6462113, 
  "xCenter": 0.16029474, 
  "yCenter": 0.5280508, 
  "height": 0.38124534
}