{
  "width": 0.28441224, 
  "rotation": -0.25480962, 
  "xCenter": 0.44426307, 
  "yCenter": 0.286291, 
  "height": 0.50562173
}