{
  "width": 0.20021005, 
  "rotation": -0.09321356, 
  "xCenter": 0.58745843, 
  "yCenter": 0.48021218, 
  "height": 0.35592896
}