{
  "width": 0.145432, 
  "rotation": -0.07787132, 
  "xCenter": 0.5514345, 
  "yCenter": 0.39515224, 
  "height": 0.25854576
}