{
  "width": 0.22385979, 
  "rotation": -2.2117598, 
  "xCenter": 0.48504946, 
  "yCenter": 0.6641853, 
  "height": 0.39797297
}