{
  "width": 0.2554827, 
  "rotation": -0.9524356, 
  "xCenter": 0.6882457, 
  "yCenter": 0.35248485, 
  "height": 0.45419145
}