{
  "width": 0.20696755, 
  "rotation": -0.16103005, 
  "xCenter": 0.55552626, 
  "yCenter": 0.50944304, 
  "height": 0.36794227
}