{
  "width": 0.19622487, 
  "rotation": 1.1288189, 
  "xCenter": 0.21525216, 
  "yCenter": 0.5139312, 
  "height": 0.34884417
}