{
  "width": 0.2075321, 
  "rotation": 1.1713865, 
  "xCenter": 0.2221902, 
  "yCenter": 0.53410274, 
  "height": 0.36894593
}