{
  "width": 0.3345791, 
  "rotation": -1.0290529, 
  "xCenter": 0.61383164, 
  "yCenter": 0.18690437, 
  "height": 0.5948073
}