{
  "width": 0.1536302, 
  "rotation": 0.44964314, 
  "xCenter": 0.19951324, 
  "yCenter": 0.29670537, 
  "height": 0.27312034
}