{
  "width": 0.23674712, 
  "rotation": -2.0220697, 
  "xCenter": 0.49892983, 
  "yCenter": 0.7619032, 
  "height": 0.42088377
}