{
  "width": 0.25823256, 
  "rotation": -0.016707182, 
  "xCenter": 0.56893545, 
  "yCenter": 0.5902372, 
  "height": 0.45908013
}