{
  "width": 0.30048433, 
  "rotation": -1.3521775, 
  "xCenter": 0.54113275, 
  "yCenter": 0.3066677, 
  "height": 0.5341944
}