{
  "width": 0.30345577, 
  "rotation": -0.8333374, 
  "xCenter": 0.69561034, 
  "yCenter": 0.39604706, 
  "height": 0.53947693
}