{
  "width": 0.2712584, 
  "rotation": -0.20509636, 
  "xCenter": 0.44828704, 
  "yCenter": 0.29358038, 
  "height": 0.48223716
}