{
  "width": 0.29338342, 
  "rotation": -0.8651732, 
  "xCenter": 0.6576181, 
  "yCenter": 0.33674428, 
  "height": 0.5215705
}