{
  "width": 0.3004679, 
  "rotation": -0.40154123, 
  "xCenter": 0.5741904, 
  "yCenter": 0.7311151, 
  "height": 0.53416514
}