{
  "width": 0.15698838, 
  "rotation": 0.73356926, 
  "xCenter": 0.45456788, 
  "yCenter": 0.61895674, 
  "height": 0.27909046
}