{
  "width": 0.18719392, 
  "rotation": 0.5198519, 
  "xCenter": 0.12515345, 
  "yCenter": 0.4882663, 
  "height": 0.33278918
}