{
  "width": 0.16220486, 
  "rotation": -2.1760948, 
  "xCenter": 0.32329562, 
  "yCenter": 0.8068015, 
  "height": 0.2883642
}