{
  "width": 0.15468428, 
  "rotation": 0.03904724, 
  "xCenter": 0.317664, 
  "yCenter": 0.47463208, 
  "height": 0.27499428
}