{
  "width": 0.2149365, 
  "rotation": -0.3345487, 
  "xCenter": 0.5356726, 
  "yCenter": 0.4891117, 
  "height": 0.3821093
}