{
  "width": 0.23996557, 
  "rotation": -1.3629395, 
  "xCenter": 0.39915544, 
  "yCenter": 0.64316183, 
  "height": 0.42660546
}