{
  "width": 0.21580467, 
  "rotation": -0.4155934, 
  "xCenter": 0.55315274, 
  "yCenter": 0.44987965, 
  "height": 0.38365275
}