{
  "width": 0.1881496, 
  "rotation": 1.1952808, 
  "xCenter": 0.17072031, 
  "yCenter": 0.55083543, 
  "height": 0.33448815
}