{
  "width": 0.24062984, 
  "rotation": 0.17927325, 
  "xCenter": 0.06734812, 
  "yCenter": 0.36905855, 
  "height": 0.42778638
}