{
  "width": 0.31186658, 
  "rotation": -0.27018023, 
  "xCenter": 0.5370411, 
  "yCenter": 0.6513225, 
  "height": 0.5544295
}