{
  "width": 0.20418878, 
  "rotation": -0.18705773, 
  "xCenter": 0.12693697, 
  "yCenter": 0.6051262, 
  "height": 0.36300227
}