{
  "width": 0.21054691, 
  "rotation": -0.28233457, 
  "xCenter": 0.55108476, 
  "yCenter": 0.50620687, 
  "height": 0.37430564
}