{
  "width": 0.20564987, 
  "rotation": -0.33514476, 
  "xCenter": 0.51314276, 
  "yCenter": 0.36241364, 
  "height": 0.36559975
}