{
  "width": 0.23665433, 
  "rotation": 0.66408306, 
  "xCenter": 0.11299552, 
  "yCenter": 0.47353405, 
  "height": 0.42071882
}