{
  "width": 0.2299736, 
  "rotation": -0.32621288, 
  "xCenter": 0.5245478, 
  "yCenter": 0.5387918, 
  "height": 0.40884194
}