{
  "width": 0.25994456, 
  "rotation": -0.42510474, 
  "xCenter": 0.51221585, 
  "yCenter": 0.5437914, 
  "height": 0.4621237
}