{
  "width": 0.27467033, 
  "rotation": -0.28636813, 
  "xCenter": 0.5890978, 
  "yCenter": 0.67148817, 
  "height": 0.48830283
}