{
  "width": 0.17325023, 
  "rotation": 0.49183857, 
  "xCenter": 0.36781454, 
  "yCenter": 0.8209798, 
  "height": 0.3080004
}