{
  "width": 0.19834983, 
  "rotation": -0.59339106, 
  "xCenter": 0.51879454, 
  "yCenter": 0.53395194, 
  "height": 0.35262194
}