{
  "width": 0.21766974, 
  "rotation": 0.0024673939, 
  "xCenter": 0.104547456, 
  "yCenter": 0.5823835, 
  "height": 0.38696843
}