{
  "width": 0.22603683, 
  "rotation": -0.41207302, 
  "xCenter": 0.6455793, 
  "yCenter": 0.3188262, 
  "height": 0.40184328
}