{
  "width": 0.38169467, 
  "rotation": -0.5100812, 
  "xCenter": 0.6621359, 
  "yCenter": 0.7301549, 
  "height": 0.6785683
}