{
  "width": 0.31847194, 
  "rotation": -0.31360006, 
  "xCenter": 0.5485792, 
  "yCenter": 0.65081143, 
  "height": 0.5661723
}