{
  "width": 0.20633896, 
  "rotation": -0.44317377, 
  "xCenter": 0.32589123, 
  "yCenter": 0.5929356, 
  "height": 0.3668248
}