{
  "width": 0.15570384, 
  "rotation": -2.430116, 
  "xCenter": 0.061295666, 
  "yCenter": 0.922178, 
  "height": 0.27680686
}