{
  "width": 0.22487144, 
  "rotation": -0.34011006, 
  "xCenter": 0.4440367, 
  "yCenter": 0.4819102, 
  "height": 0.39977145
}