{
  "width": 0.28266302, 
  "rotation": -1.3924893, 
  "xCenter": 0.5135912, 
  "yCenter": 0.3987479, 
  "height": 0.50251204
}