{
  "width": 0.18527825, 
  "rotation": -0.19550276, 
  "xCenter": 0.33983132, 
  "yCenter": 0.4351522, 
  "height": 0.32938355
}