{
  "width": 0.1993426, 
  "rotation": -0.47805464, 
  "xCenter": 0.07356176, 
  "yCenter": 0.49233544, 
  "height": 0.35438684
}