{
  "width": 0.17122158, 
  "rotation": -2.990165, 
  "xCenter": 0.36150524, 
  "yCenter": 0.79958993, 
  "height": 0.30439395
}