{
  "width": 0.16419172, 
  "rotation": 0.9234923, 
  "xCenter": 0.39821535, 
  "yCenter": 0.80375177, 
  "height": 0.2918964
}