{
  "width": 0.23484142, 
  "rotation": -0.628476, 
  "xCenter": 0.34643143, 
  "yCenter": 0.60420346, 
  "height": 0.41749585
}