{
  "width": 0.21872807, 
  "rotation": 0.5541825, 
  "xCenter": 0.11109005, 
  "yCenter": 0.3347793, 
  "height": 0.38884988
}