{
  "width": 0.18115848, 
  "rotation": -0.3194493, 
  "xCenter": 0.2898415, 
  "yCenter": 0.5605763, 
  "height": 0.3220595
}