{
  "width": 0.17126158, 
  "rotation": -0.71753323, 
  "xCenter": 0.3450721, 
  "yCenter": 0.727817, 
  "height": 0.30446503
}