{
  "width": 0.16061917, 
  "rotation": 0.77583265, 
  "xCenter": 0.25322273, 
  "yCenter": 0.38814542, 
  "height": 0.2855452
}