{
  "width": 0.3644286, 
  "rotation": -0.38236928, 
  "xCenter": 0.6912573, 
  "yCenter": 0.73564506, 
  "height": 0.64787304
}