{
  "width": 0.24248612, 
  "rotation": 0.2786988, 
  "xCenter": 0.041328806, 
  "yCenter": 0.45989954, 
  "height": 0.43108642
}