{
  "width": 0.07080786, 
  "rotation": -1.3907026, 
  "xCenter": 0.3238365, 
  "yCenter": 0.70203817, 
  "height": 0.12588064
}