{
  "width": 0.30452865, 
  "rotation": -0.8290669, 
  "xCenter": 0.66085833, 
  "yCenter": 0.46904755, 
  "height": 0.5413842
}