{
  "width": 0.16362602, 
  "rotation": -2.700258, 
  "xCenter": 0.9590174, 
  "yCenter": 0.65550876, 
  "height": 0.29089072
}