{
  "width": 0.15533881, 
  "rotation": -0.32331812, 
  "xCenter": 0.34313327, 
  "yCenter": 0.6632043, 
  "height": 0.2761579
}