{
  "width": 0.28175426, 
  "rotation": -0.8239299, 
  "xCenter": 0.6489027, 
  "yCenter": 0.3949266, 
  "height": 0.50089645
}