{
  "width": 0.28770393, 
  "rotation": -0.2761774, 
  "xCenter": 0.44204, 
  "yCenter": 0.28556117, 
  "height": 0.5114737
}