{
  "width": 0.2421375, 
  "rotation": -2.0722983, 
  "xCenter": 0.5097102, 
  "yCenter": 0.7026182, 
  "height": 0.43046668
}