{
  "width": 0.15456821, 
  "rotation": -0.38978302, 
  "xCenter": 0.3545102, 
  "yCenter": 0.35821438, 
  "height": 0.27478793
}