{
  "width": 0.29026836, 
  "rotation": -0.6286212, 
  "xCenter": 0.6720671, 
  "yCenter": 0.41719502, 
  "height": 0.51603264
}