{
  "width": 0.22346546, 
  "rotation": -0.8519422, 
  "xCenter": 0.507334, 
  "yCenter": 0.62181616, 
  "height": 0.39727196
}