{
  "width": 0.25038645, 
  "rotation": 0.1258378, 
  "xCenter": 0.07506273, 
  "yCenter": 0.40261135, 
  "height": 0.44513142
}