{
  "width": 0.20438987, 
  "rotation": 0.38035297, 
  "xCenter": 0.14287831, 
  "yCenter": 0.36716336, 
  "height": 0.36335975
}