{
  "width": 0.17489791, 
  "rotation": 0.5887622, 
  "xCenter": 0.12849025, 
  "yCenter": 0.2604488, 
  "height": 0.31092963
}