{
  "width": 0.20717412, 
  "rotation": -0.055788636, 
  "xCenter": 0.09487378, 
  "yCenter": 0.4613516, 
  "height": 0.36830953
}