{
  "width": 0.25824702, 
  "rotation": -0.039919853, 
  "xCenter": 0.0945038, 
  "yCenter": 0.30582744, 
  "height": 0.45910582
}