{
  "width": 0.23479299, 
  "rotation": -0.43955958, 
  "xCenter": 0.4772762, 
  "yCenter": 0.393144, 
  "height": 0.41740975
}