{
  "width": 0.18788698, 
  "rotation": 0.38727558, 
  "xCenter": 0.1964876, 
  "yCenter": 0.2779189, 
  "height": 0.3340213
}