{
  "width": 0.24971463, 
  "rotation": -0.016676426, 
  "xCenter": 0.08106912, 
  "yCenter": 0.34951982, 
  "height": 0.44393715
}