{
  "width": 0.21196592, 
  "rotation": 0.3447274, 
  "xCenter": 0.1242371, 
  "yCenter": 0.19148669, 
  "height": 0.3768283
}