{
  "width": 0.18750024, 
  "rotation": 1.1530453, 
  "xCenter": 0.20008773, 
  "yCenter": 0.5708728, 
  "height": 0.33333376
}