{
  "width": 0.25456116, 
  "rotation": 0.16743922, 
  "xCenter": 0.07519782, 
  "yCenter": 0.45443028, 
  "height": 0.45255315
}