{
  "width": 0.30332845, 
  "rotation": -0.9912869, 
  "xCenter": 0.6623572, 
  "yCenter": 0.31744185, 
  "height": 0.53925055
}