{
  "width": 0.21698058, 
  "rotation": -2.2700202, 
  "xCenter": 0.30564147, 
  "yCenter": 0.5883305, 
  "height": 0.38574326
}