{
  "width": 0.18352753, 
  "rotation": -1.4516078, 
  "xCenter": 0.32955903, 
  "yCenter": 0.722753, 
  "height": 0.32627118
}