{
  "width": 0.2714357, 
  "rotation": -0.18463945, 
  "xCenter": 0.4485423, 
  "yCenter": 0.29477867, 
  "height": 0.48255235
}