{
  "width": 0.3201447, 
  "rotation": -1.2126168, 
  "xCenter": 0.56430006, 
  "yCenter": 0.14558572, 
  "height": 0.56914616
}