{
  "width": 0.26863778, 
  "rotation": -0.2490747, 
  "xCenter": 0.44588697, 
  "yCenter": 0.29030234, 
  "height": 0.47757828
}