{
  "width": 0.19104244, 
  "rotation": 0.67905927, 
  "xCenter": 0.18606094, 
  "yCenter": 0.5500921, 
  "height": 0.33963102
}