{
  "width": 0.29900372, 
  "rotation": -0.33734322, 
  "xCenter": 0.57257605, 
  "yCenter": 0.72581273, 
  "height": 0.5315622
}