{
  "width": 0.16872212, 
  "rotation": -0.29380453, 
  "xCenter": 0.35302073, 
  "yCenter": 0.36261272, 
  "height": 0.29995045
}