{
  "width": 0.38583547, 
  "rotation": -0.8059412, 
  "xCenter": 0.8236849, 
  "yCenter": 0.7003542, 
  "height": 0.6859297
}