{
  "width": 0.21456315, 
  "rotation": -0.45117867, 
  "xCenter": 0.3186908, 
  "yCenter": 0.547618, 
  "height": 0.38144562
}