{
  "width": 0.41867843, 
  "rotation": -0.46053708, 
  "xCenter": 0.653296, 
  "yCenter": 0.7918853, 
  "height": 0.74431723
}