{
  "width": 0.19264594, 
  "rotation": -1.9675173, 
  "xCenter": 0.3319678, 
  "yCenter": 0.76101667, 
  "height": 0.34248164
}