{
  "width": 0.15773927, 
  "rotation": 2.5552745, 
  "xCenter": 0.11090021, 
  "yCenter": 0.7223978, 
  "height": 0.28042537
}