{
  "width": 0.27779958, 
  "rotation": -0.29995513, 
  "xCenter": 0.42384654, 
  "yCenter": 0.30336866, 
  "height": 0.49386594
}