{
  "width": 0.26657304, 
  "rotation": -0.9646381, 
  "xCenter": 0.67950016, 
  "yCenter": 0.34307313, 
  "height": 0.47390762
}