{
  "width": 0.35494107, 
  "rotation": -0.11707437, 
  "xCenter": 0.43130612, 
  "yCenter": 0.7110229, 
  "height": 0.6310063
}