{
  "width": 0.16136447, 
  "rotation": -1.2096342, 
  "xCenter": 0.38819686, 
  "yCenter": 0.43863043, 
  "height": 0.28687018
}