{
  "width": 0.2650873, 
  "rotation": -0.8104578, 
  "xCenter": 0.686497, 
  "yCenter": 0.43422842, 
  "height": 0.47126636
}