{
  "width": 0.19934414, 
  "rotation": -0.39125323, 
  "xCenter": 0.25171047, 
  "yCenter": 0.4401704, 
  "height": 0.35438958
}