{
  "width": 0.30091423, 
  "rotation": -0.64373434, 
  "xCenter": 0.8003499, 
  "yCenter": 0.60437477, 
  "height": 0.5349586
}