{
  "width": 0.22604986, 
  "rotation": -0.34602857, 
  "xCenter": 0.51532316, 
  "yCenter": 0.48828965, 
  "height": 0.4018664
}