{
  "width": 0.26799807, 
  "rotation": -0.21740699, 
  "xCenter": 0.44580752, 
  "yCenter": 0.2934146, 
  "height": 0.47644103
}