{
  "width": 0.1734164, 
  "rotation": 1.0504394, 
  "xCenter": 0.36716235, 
  "yCenter": 0.7256291, 
  "height": 0.30829582
}