{
  "width": 0.19933313, 
  "rotation": 0.90764743, 
  "xCenter": 0.17929775, 
  "yCenter": 0.39316958, 
  "height": 0.35437003
}