{
  "width": 0.20516054, 
  "rotation": -0.112909675, 
  "xCenter": 0.5743749, 
  "yCenter": 0.6073924, 
  "height": 0.36472988
}