{
  "width": 0.38969246, 
  "rotation": -0.45992482, 
  "xCenter": 0.6847948, 
  "yCenter": 0.7373103, 
  "height": 0.6927866
}