{
  "width": 0.26983163, 
  "rotation": -0.825626, 
  "xCenter": 0.596597, 
  "yCenter": 0.19249716, 
  "height": 0.4797007
}