{
  "width": 0.21397093, 
  "rotation": 0.23517919, 
  "xCenter": 0.019948995, 
  "yCenter": 0.49636355, 
  "height": 0.38039276
}