{
  "width": 0.22504221, 
  "rotation": 0.037632823, 
  "xCenter": 0.09826256, 
  "yCenter": 0.35306826, 
  "height": 0.40007505
}