{
  "width": 0.23087156, 
  "rotation": -0.1987691, 
  "xCenter": 0.101572886, 
  "yCenter": 0.42473143, 
  "height": 0.41043833
}