{
  "width": 0.13507861, 
  "rotation": -0.40071464, 
  "xCenter": 0.31900054, 
  "yCenter": 0.31854197, 
  "height": 0.24013977
}