{
  "width": 0.19287166, 
  "rotation": -0.5116118, 
  "xCenter": 0.37770915, 
  "yCenter": 0.59127086, 
  "height": 0.34288296
}