{
  "width": 0.17670381, 
  "rotation": -3.1201646, 
  "xCenter": 0.76576805, 
  "yCenter": 0.82859784, 
  "height": 0.31414008
}