{
  "width": 0.19210586, 
  "rotation": -0.38048434, 
  "xCenter": 0.57219434, 
  "yCenter": 0.6509998, 
  "height": 0.34152153
}