{
  "width": 0.191888, 
  "rotation": 1.0092038, 
  "xCenter": 0.27593675, 
  "yCenter": 0.3668869, 
  "height": 0.34113422
}