{
  "width": 0.2242696, 
  "rotation": -0.6015967, 
  "xCenter": 0.6677987, 
  "yCenter": 0.48129088, 
  "height": 0.39870152
}