{
  "width": 0.22142859, 
  "rotation": -0.38843465, 
  "xCenter": 0.57447153, 
  "yCenter": 0.6002895, 
  "height": 0.39365083
}