{
  "width": 0.27934548, 
  "rotation": -0.32463014, 
  "xCenter": 0.41976753, 
  "yCenter": 0.30254275, 
  "height": 0.49661416
}