{
  "width": 0.18900578, 
  "rotation": -0.57958066, 
  "xCenter": 0.3827114, 
  "yCenter": 0.59297097, 
  "height": 0.33601028
}