{
  "width": 0.24970536, 
  "rotation": 0.37667727, 
  "xCenter": 0.07442381, 
  "yCenter": 0.40401134, 
  "height": 0.44392064
}