{
  "width": 0.29436737, 
  "rotation": -1.3636216, 
  "xCenter": 0.5435168, 
  "yCenter": 0.3141276, 
  "height": 0.5233198
}