{
  "width": 0.2864682, 
  "rotation": -0.32935834, 
  "xCenter": 0.41938457, 
  "yCenter": 0.30168897, 
  "height": 0.5092768
}