{
  "width": 0.26029438, 
  "rotation": 0.13480091, 
  "xCenter": 0.10229433, 
  "yCenter": 0.5799164, 
  "height": 0.46274558
}