{
  "width": 0.37114632, 
  "rotation": -0.5445014, 
  "xCenter": 0.6540819, 
  "yCenter": 0.73220813, 
  "height": 0.65981567
}