{
  "width": 0.27745843, 
  "rotation": -0.27419138, 
  "xCenter": 0.4389482, 
  "yCenter": 0.2908911, 
  "height": 0.49325943
}