{
  "width": 0.22027127, 
  "rotation": 0.5706166, 
  "xCenter": 0.09658043, 
  "yCenter": 0.40893936, 
  "height": 0.3915934
}