{
  "width": 0.28857976, 
  "rotation": 0.08955598, 
  "xCenter": 0.139336, 
  "yCenter": 0.28388298, 
  "height": 0.51303065
}