{
  "width": 0.16169709, 
  "rotation": -0.3732896, 
  "xCenter": 0.30849773, 
  "yCenter": 0.3248769, 
  "height": 0.2874615
}