{
  "width": 0.124141715, 
  "rotation": 0.9130753, 
  "xCenter": 0.37372175, 
  "yCenter": 0.7273136, 
  "height": 0.22069639
}