{
  "width": 0.2427742, 
  "rotation": -0.63627684, 
  "xCenter": 0.7664436, 
  "yCenter": 0.21030946, 
  "height": 0.43159857
}