{
  "width": 0.2612537, 
  "rotation": 0.04930961, 
  "xCenter": 0.09902944, 
  "yCenter": 0.30437785, 
  "height": 0.46445107
}