{
  "width": 0.26735008, 
  "rotation": -0.9171568, 
  "xCenter": 0.66897655, 
  "yCenter": 0.45656723, 
  "height": 0.475289
}