{
  "width": 0.25217798, 
  "rotation": -1.8725742, 
  "xCenter": 0.6635468, 
  "yCenter": 0.66935134, 
  "height": 0.44831643
}