{
  "width": 0.2520867, 
  "rotation": -0.844473, 
  "xCenter": 0.66152686, 
  "yCenter": 0.2475146, 
  "height": 0.44815415
}