{
  "width": 0.2692382, 
  "rotation": 0.31031394, 
  "xCenter": 0.185354, 
  "yCenter": 0.25747716, 
  "height": 0.47864574
}