{
  "width": 0.25079462, 
  "rotation": 0.16481423, 
  "xCenter": 0.07701947, 
  "yCenter": 0.4135749, 
  "height": 0.44585714
}