{
  "width": 0.24171412, 
  "rotation": -0.69772613, 
  "xCenter": 0.6841756, 
  "yCenter": 0.43917432, 
  "height": 0.429714
}