{
  "width": 0.14696334, 
  "rotation": -0.39543343, 
  "xCenter": 0.036358077, 
  "yCenter": 0.49409708, 
  "height": 0.26126817
}