{
  "width": 0.26440343, 
  "rotation": -0.23588562, 
  "xCenter": 0.45244995, 
  "yCenter": 0.29645455, 
  "height": 0.47005054
}