{
  "width": 0.2038828, 
  "rotation": -0.40234542, 
  "xCenter": 0.5032726, 
  "yCenter": 0.43476108, 
  "height": 0.36245832
}