{
  "width": 0.23823904, 
  "rotation": -0.9577943, 
  "xCenter": 0.6597056, 
  "yCenter": 0.2442107, 
  "height": 0.42353603
}