{
  "width": 0.15696892, 
  "rotation": 0.8376867, 
  "xCenter": 0.25046492, 
  "yCenter": 0.3892864, 
  "height": 0.27905583
}