{
  "width": 0.27279392, 
  "rotation": 0.1868422, 
  "xCenter": 0.1486454, 
  "yCenter": 0.2899068, 
  "height": 0.48496696
}