{
  "width": 0.2690329, 
  "rotation": -0.44445813, 
  "xCenter": 0.3946309, 
  "yCenter": 0.37146378, 
  "height": 0.47828072
}