{
  "width": 0.20479202, 
  "rotation": -0.42918873, 
  "xCenter": 0.56094044, 
  "yCenter": 0.59826803, 
  "height": 0.36407474
}