{
  "width": 0.20235388, 
  "rotation": 0.092161536, 
  "xCenter": 0.10675459, 
  "yCenter": 0.5633287, 
  "height": 0.35974023
}