{
  "width": 0.20111501, 
  "rotation": -0.4462732, 
  "xCenter": 0.5152371, 
  "yCenter": 0.47502086, 
  "height": 0.35753778
}