{
  "width": 0.11798789, 
  "rotation": 0.28774953, 
  "xCenter": 0.66826475, 
  "yCenter": 0.5692746, 
  "height": 0.20975626
}