{
  "width": 0.27973947, 
  "rotation": -1.7553786, 
  "xCenter": 0.5175132, 
  "yCenter": 0.22358279, 
  "height": 0.4973146
}