{
  "width": 0.29191196, 
  "rotation": -0.9362937, 
  "xCenter": 0.649454, 
  "yCenter": 0.47426954, 
  "height": 0.5189546
}