{
  "width": 0.33909702, 
  "rotation": -2.5427735, 
  "xCenter": 0.6637296, 
  "yCenter": 0.7211825, 
  "height": 0.6028392
}