{
  "width": 0.22596486, 
  "rotation": -2.1966398, 
  "xCenter": 0.29997554, 
  "yCenter": 0.5987908, 
  "height": 0.4017153
}