{
  "width": 0.17062022, 
  "rotation": 2.247306, 
  "xCenter": 0.16212806, 
  "yCenter": 0.5306865, 
  "height": 0.30332485
}