{
  "width": 0.25553802, 
  "rotation": 0.106432796, 
  "xCenter": 0.13625431, 
  "yCenter": 0.31053758, 
  "height": 0.45428982
}