{
  "width": 0.03541658, 
  "rotation": -0.4778949, 
  "xCenter": 0.4620766, 
  "yCenter": 0.34832913, 
  "height": 0.062962815
}