{
  "width": 0.07114515, 
  "rotation": 1.3690819, 
  "xCenter": 0.39616123, 
  "yCenter": 0.7629205, 
  "height": 0.12648027
}