{
  "width": 0.23574476, 
  "rotation": -0.59994566, 
  "xCenter": 0.40886033, 
  "yCenter": 0.6682836, 
  "height": 0.41910177
}