{
  "width": 0.18135227, 
  "rotation": 0.1143142, 
  "xCenter": 0.11547928, 
  "yCenter": 0.5387583, 
  "height": 0.32240403
}