{
  "width": 0.3651212, 
  "rotation": -0.24188101, 
  "xCenter": 0.27222332, 
  "yCenter": 0.6723194, 
  "height": 0.6491043
}