{
  "width": 0.1906575, 
  "rotation": 0.7357506, 
  "xCenter": 0.16823459, 
  "yCenter": 0.4774743, 
  "height": 0.33894667
}