{
  "width": 0.2286801, 
  "rotation": 0.26417625, 
  "xCenter": 0.1374408, 
  "yCenter": 0.3273577, 
  "height": 0.40654242
}