{
  "width": 0.11785866, 
  "rotation": -0.5214516, 
  "xCenter": 0.34366098, 
  "yCenter": 0.40315625, 
  "height": 0.2095265
}