{
  "width": 0.23115449, 
  "rotation": -1.1649679, 
  "xCenter": 0.7578446, 
  "yCenter": 0.20610894, 
  "height": 0.4109413
}