{
  "width": 0.34076533, 
  "rotation": -0.44286263, 
  "xCenter": 0.19377403, 
  "yCenter": 0.72909075, 
  "height": 0.60580504
}