{
  "width": 0.26625302, 
  "rotation": 0.13673413, 
  "xCenter": 0.1481386, 
  "yCenter": 0.28957045, 
  "height": 0.47333872
}