{
  "width": 0.22163044, 
  "rotation": -2.1179202, 
  "xCenter": 0.29539016, 
  "yCenter": 0.6237193, 
  "height": 0.39400968
}