{
  "width": 0.17050624, 
  "rotation": -0.32835245, 
  "xCenter": 0.3896498, 
  "yCenter": 0.47388902, 
  "height": 0.3031222
}