{
  "width": 0.22759162, 
  "rotation": -0.24508679, 
  "xCenter": 0.115903154, 
  "yCenter": 0.61858815, 
  "height": 0.40460733
}