{
  "width": 0.29944447, 
  "rotation": -0.7302357, 
  "xCenter": 0.68156904, 
  "yCenter": 0.47235858, 
  "height": 0.5323457
}