{
  "width": 0.17563257, 
  "rotation": 0.30385053, 
  "xCenter": 0.41515014, 
  "yCenter": 0.39162678, 
  "height": 0.31223565
}