{
  "width": 0.1693933, 
  "rotation": 2.6877837, 
  "xCenter": 0.35934627, 
  "yCenter": 0.6214669, 
  "height": 0.30114368
}