{
  "width": 0.22344865, 
  "rotation": 0.6300043, 
  "xCenter": 0.1453255, 
  "yCenter": 0.51868427, 
  "height": 0.39724204
}