{
  "width": 0.11583326, 
  "rotation": -1.8386902, 
  "xCenter": 0.38629526, 
  "yCenter": 0.50464123, 
  "height": 0.20592579
}