{
  "width": 0.13574569, 
  "rotation": -0.54381835, 
  "xCenter": 0.34075186, 
  "yCenter": 0.3860209, 
  "height": 0.24132569
}