{
  "width": 0.3318481, 
  "rotation": -1.7337736, 
  "xCenter": 0.4874888, 
  "yCenter": 0.22056791, 
  "height": 0.58995223
}