{
  "width": 0.2188243, 
  "rotation": -0.5096644, 
  "xCenter": 0.28877592, 
  "yCenter": 0.52201307, 
  "height": 0.38902098
}