{
  "width": 0.29338717, 
  "rotation": -1.017897, 
  "xCenter": 0.64164925, 
  "yCenter": 0.378225, 
  "height": 0.5215772
}