{
  "width": 0.24954471, 
  "rotation": -0.8893286, 
  "xCenter": 0.5978815, 
  "yCenter": 0.16608918, 
  "height": 0.44363502
}