{
  "width": 0.2056639, 
  "rotation": 0.22507203, 
  "xCenter": 0.13272288, 
  "yCenter": 0.44152933, 
  "height": 0.36562473
}