{
  "width": 0.22483502, 
  "rotation": -0.7041999, 
  "xCenter": 0.72952145, 
  "yCenter": 0.5257034, 
  "height": 0.39970672
}