{
  "width": 0.123800516, 
  "rotation": -0.5474535, 
  "xCenter": 0.53921616, 
  "yCenter": 0.4775338, 
  "height": 0.22008981
}