{
  "width": 0.21818216, 
  "rotation": -0.41685498, 
  "xCenter": 0.49175662, 
  "yCenter": 0.44446594, 
  "height": 0.3878794
}