{
  "width": 0.1753204, 
  "rotation": 0.20089805, 
  "xCenter": 0.16139445, 
  "yCenter": 0.32169676, 
  "height": 0.31168073
}