{
  "width": 0.2457186, 
  "rotation": -0.8461193, 
  "xCenter": 0.7082355, 
  "yCenter": 0.30614915, 
  "height": 0.43683305
}