{
  "width": 0.29839453, 
  "rotation": -0.6790503, 
  "xCenter": 0.6671574, 
  "yCenter": 0.47131264, 
  "height": 0.53047913
}