{
  "width": 0.19557135, 
  "rotation": -0.21850121, 
  "xCenter": 0.35759762, 
  "yCenter": 0.5051837, 
  "height": 0.3476824
}