{
  "width": 0.27448142, 
  "rotation": -0.97939813, 
  "xCenter": 0.670876, 
  "yCenter": 0.4676844, 
  "height": 0.48796695
}