{
  "width": 0.34493572, 
  "rotation": -0.5867475, 
  "xCenter": 0.6554201, 
  "yCenter": 0.49471068, 
  "height": 0.613219
}