{
  "width": 0.12585346, 
  "rotation": -0.25511742, 
  "xCenter": 0.5924935, 
  "yCenter": 0.5093778, 
  "height": 0.22373949
}