{
  "width": 0.32305756, 
  "rotation": -0.88142526, 
  "xCenter": 0.61668515, 
  "yCenter": 0.42114046, 
  "height": 0.57432455
}