{
  "width": 0.24921477, 
  "rotation": -1.7397851, 
  "xCenter": 0.5362105, 
  "yCenter": 0.29437104, 
  "height": 0.44304848
}