{
  "width": 0.22849758, 
  "rotation": 0.13252556, 
  "xCenter": 0.07295376, 
  "yCenter": 0.48873043, 
  "height": 0.4062179
}