{
  "width": 0.29593328, 
  "rotation": -0.7532793, 
  "xCenter": 0.60922164, 
  "yCenter": 0.20106895, 
  "height": 0.5261036
}