{
  "width": 0.2586975, 
  "rotation": -0.19181204, 
  "xCenter": 0.4554422, 
  "yCenter": 0.29555812, 
  "height": 0.4599067
}