{
  "width": 0.272913, 
  "rotation": -0.25286376, 
  "xCenter": 0.44839925, 
  "yCenter": 0.29062253, 
  "height": 0.4851787
}