{
  "width": 0.200903, 
  "rotation": 0.5542309, 
  "xCenter": 0.21975805, 
  "yCenter": 0.23250529, 
  "height": 0.35716087
}