{
  "width": 0.2915327, 
  "rotation": -0.6904994, 
  "xCenter": 0.26984346, 
  "yCenter": 0.81123877, 
  "height": 0.5182803
}