{
  "width": 0.30734852, 
  "rotation": -1.3126336, 
  "xCenter": 0.5444955, 
  "yCenter": 0.28040078, 
  "height": 0.5463973
}