{
  "width": 0.2578288, 
  "rotation": -0.87301266, 
  "xCenter": 0.690702, 
  "yCenter": 0.34891558, 
  "height": 0.45836234
}