{
  "width": 0.34964323, 
  "rotation": -0.40369773, 
  "xCenter": 0.18427773, 
  "yCenter": 0.7318325, 
  "height": 0.62158793
}