{
  "width": 0.2161836, 
  "rotation": 0.5593351, 
  "xCenter": 0.14809872, 
  "yCenter": 0.5227229, 
  "height": 0.3843264
}