{
  "width": 0.17616054, 
  "rotation": -0.3468982, 
  "xCenter": 0.30286312, 
  "yCenter": 0.3340374, 
  "height": 0.3131743
}