{
  "width": 0.23839335, 
  "rotation": 0.07630515, 
  "xCenter": 0.10293847, 
  "yCenter": 0.37400392, 
  "height": 0.42381042
}