{
  "width": 0.17142367, 
  "rotation": -0.24980223, 
  "xCenter": 0.38001335, 
  "yCenter": 0.4486114, 
  "height": 0.30475318
}