{
  "width": 0.23874949, 
  "rotation": -1.3436195, 
  "xCenter": 0.45856777, 
  "yCenter": 0.6528917, 
  "height": 0.42444354
}