{
  "width": 0.2806831, 
  "rotation": -0.6071948, 
  "xCenter": 0.71169865, 
  "yCenter": 0.7647569, 
  "height": 0.49899217
}