{
  "width": 0.18074423, 
  "rotation": -1.0147516, 
  "xCenter": 0.45982486, 
  "yCenter": 0.52541286, 
  "height": 0.32132307
}