{
  "width": 0.23740096, 
  "rotation": -0.95388687, 
  "xCenter": 0.6652687, 
  "yCenter": 0.25902653, 
  "height": 0.42204612
}