{
  "width": 0.38188684, 
  "rotation": -0.4381677, 
  "xCenter": 0.68753225, 
  "yCenter": 0.7323255, 
  "height": 0.67890996
}