{
  "width": 0.17843252, 
  "rotation": -0.2876482, 
  "xCenter": 0.35514817, 
  "yCenter": 0.36286625, 
  "height": 0.31721336
}