{
  "width": 0.23686817, 
  "rotation": -0.6840335, 
  "xCenter": 0.66166055, 
  "yCenter": 0.49600458, 
  "height": 0.42109895
}