{
  "width": 0.23980874, 
  "rotation": -0.3793167, 
  "xCenter": 0.49780732, 
  "yCenter": 0.32045585, 
  "height": 0.42632666
}