{
  "width": 0.36654738, 
  "rotation": -0.41629696, 
  "xCenter": 0.6616705, 
  "yCenter": 0.75034857, 
  "height": 0.6516398
}