{
  "width": 0.15705241, 
  "rotation": -0.3804779, 
  "xCenter": 0.34988937, 
  "yCenter": 0.35632822, 
  "height": 0.27920428
}