{
  "width": 0.20400974, 
  "rotation": 0.80215853, 
  "xCenter": 0.1146867, 
  "yCenter": 0.3357569, 
  "height": 0.362684
}