{
  "width": 0.30878752, 
  "rotation": -1.7392176, 
  "xCenter": 0.5679501, 
  "yCenter": 0.28900453, 
  "height": 0.54895556
}