{
  "width": 0.23004992, 
  "rotation": -0.28218198, 
  "xCenter": 0.53178746, 
  "yCenter": 0.54241997, 
  "height": 0.40897766
}