{
  "width": 0.23111822, 
  "rotation": -0.29296565, 
  "xCenter": 0.3544736, 
  "yCenter": 0.44438827, 
  "height": 0.41087684
}