{
  "width": 0.11253033, 
  "rotation": 0.19700909, 
  "xCenter": 0.3309207, 
  "yCenter": 0.4892352, 
  "height": 0.20005392
}