{
  "width": 0.25713307, 
  "rotation": -0.39361262, 
  "xCenter": 0.30321804, 
  "yCenter": 0.47078666, 
  "height": 0.45712546
}