{
  "width": 0.23771979, 
  "rotation": 0.07515466, 
  "xCenter": 0.31109026, 
  "yCenter": 0.42930374, 
  "height": 0.422613
}