{
  "width": 0.22220056, 
  "rotation": -0.8255893, 
  "xCenter": 0.7917128, 
  "yCenter": 0.90991974, 
  "height": 0.39502323
}