{
  "width": 0.14342521, 
  "rotation": -0.33983493, 
  "xCenter": 0.38300747, 
  "yCenter": 0.5096493, 
  "height": 0.25497815
}