{
  "width": 0.28736782, 
  "rotation": -0.8727659, 
  "xCenter": 0.67029333, 
  "yCenter": 0.4271824, 
  "height": 0.5108761
}