{
  "width": 0.21995, 
  "rotation": -2.150193, 
  "xCenter": 0.47039545, 
  "yCenter": 0.8226612, 
  "height": 0.39102224
}