{
  "width": 0.19242181, 
  "rotation": 0.8582376, 
  "xCenter": 0.10374261, 
  "yCenter": 0.34973854, 
  "height": 0.34208322
}