{
  "width": 0.2727617, 
  "rotation": -0.30938447, 
  "xCenter": 0.52405566, 
  "yCenter": 0.4688153, 
  "height": 0.48490965
}