{
  "width": 0.13238536, 
  "rotation": -1.490801, 
  "xCenter": 0.012025764, 
  "yCenter": 0.6574695, 
  "height": 0.23535174
}