{
  "width": 0.18866253, 
  "rotation": -0.5343734, 
  "xCenter": 0.3850172, 
  "yCenter": 0.5744295, 
  "height": 0.33540004
}