{
  "width": 0.2083226, 
  "rotation": -0.6342112, 
  "xCenter": 0.7504396, 
  "yCenter": 0.23400596, 
  "height": 0.37035128
}