{
  "width": 0.20730412, 
  "rotation": -0.59057724, 
  "xCenter": 0.08432458, 
  "yCenter": 0.5634927, 
  "height": 0.36854067
}