{
  "width": 0.30652344, 
  "rotation": -2.6360834, 
  "xCenter": 0.44572434, 
  "yCenter": 0.82628876, 
  "height": 0.5449306
}