{
  "width": 0.19799563, 
  "rotation": 0.35110414, 
  "xCenter": 0.13249409, 
  "yCenter": 0.2787159, 
  "height": 0.35199225
}