{
  "width": 0.30835986, 
  "rotation": -0.790521, 
  "xCenter": 0.7100044, 
  "yCenter": 0.2856207, 
  "height": 0.5481953
}