{
  "width": 0.3002398, 
  "rotation": -1.5472947, 
  "xCenter": 0.67438835, 
  "yCenter": 0.6467451, 
  "height": 0.53375965
}