{
  "width": 0.2092115, 
  "rotation": 0.11538565, 
  "xCenter": 0.13728851, 
  "yCenter": 0.38769218, 
  "height": 0.37193155
}