{
  "width": 0.26354843, 
  "rotation": -0.5193845, 
  "xCenter": 0.42359695, 
  "yCenter": 0.72679037, 
  "height": 0.4685306
}