{
  "width": 0.1520682, 
  "rotation": -0.8841249, 
  "xCenter": 0.19823399, 
  "yCenter": 0.6399573, 
  "height": 0.27034348
}