{
  "width": 0.21299008, 
  "rotation": -0.49404967, 
  "xCenter": 0.1576402, 
  "yCenter": 0.60245293, 
  "height": 0.378649
}