{
  "width": 0.26545274, 
  "rotation": -1.0121325, 
  "xCenter": 0.6150014, 
  "yCenter": 0.27686298, 
  "height": 0.471916
}