{
  "width": 0.28411418, 
  "rotation": -1.0873257, 
  "xCenter": 0.69058895, 
  "yCenter": 0.47328955, 
  "height": 0.50509185
}