{
  "width": 0.17073753, 
  "rotation": -1.5944661, 
  "xCenter": 0.32243615, 
  "yCenter": 0.78360504, 
  "height": 0.3035334
}