{
  "width": 0.20422137, 
  "rotation": 0.4571879, 
  "xCenter": 0.15080842, 
  "yCenter": 0.4780903, 
  "height": 0.3630602
}