{
  "width": 0.16251458, 
  "rotation": 0.061198592, 
  "xCenter": 0.38805193, 
  "yCenter": 0.30248088, 
  "height": 0.2889148
}