{
  "width": 0.26981705, 
  "rotation": -0.21288455, 
  "xCenter": 0.44601595, 
  "yCenter": 0.29236376, 
  "height": 0.4796748
}