{
  "width": 0.20843372, 
  "rotation": -2.222254, 
  "xCenter": 0.30065396, 
  "yCenter": 0.6106101, 
  "height": 0.37054884
}