{
  "width": 0.24441816, 
  "rotation": -0.87417734, 
  "xCenter": 0.49556422, 
  "yCenter": 0.8160272, 
  "height": 0.43452114
}