{
  "width": 0.23534928, 
  "rotation": -0.2989714, 
  "xCenter": 0.06041743, 
  "yCenter": 0.44649792, 
  "height": 0.4183987
}