{
  "width": 0.2668777, 
  "rotation": -0.7190176, 
  "xCenter": 0.38639835, 
  "yCenter": 0.5435833, 
  "height": 0.47444928
}