{
  "width": 0.19401814, 
  "rotation": -0.19865727, 
  "xCenter": 0.29315928, 
  "yCenter": 0.44464874, 
  "height": 0.34492114
}