{
  "width": 0.20693226, 
  "rotation": 0.37405312, 
  "xCenter": 0.1500429, 
  "yCenter": 0.35116035, 
  "height": 0.3678796
}