{
  "width": 0.24761693, 
  "rotation": -0.9475924, 
  "xCenter": 0.66326624, 
  "yCenter": 0.26613483, 
  "height": 0.4402079
}