{
  "width": 0.25406787, 
  "rotation": -0.6046487, 
  "xCenter": 0.41559264, 
  "yCenter": 0.7120396, 
  "height": 0.45167622
}