{
  "width": 0.20416726, 
  "rotation": -0.4458593, 
  "xCenter": 0.4810604, 
  "yCenter": 0.5142754, 
  "height": 0.362964
}