{
  "width": 0.22720309, 
  "rotation": -0.3345728, 
  "xCenter": 0.43405157, 
  "yCenter": 0.5443188, 
  "height": 0.4039166
}