{
  "width": 0.20838289, 
  "rotation": -0.28087318, 
  "xCenter": 0.5676097, 
  "yCenter": 0.60885257, 
  "height": 0.37045845
}