{
  "width": 0.26878366, 
  "rotation": -0.34318757, 
  "xCenter": 0.49608633, 
  "yCenter": 0.28168684, 
  "height": 0.4778376
}