{
  "width": 0.14426869, 
  "rotation": -0.35487056, 
  "xCenter": 0.41189384, 
  "yCenter": 0.27386862, 
  "height": 0.25647768
}