{
  "width": 0.19585788, 
  "rotation": -1.2428232, 
  "xCenter": 0.47102565, 
  "yCenter": 0.68163073, 
  "height": 0.3481918
}