{
  "width": 0.19862057, 
  "rotation": 0.6168475, 
  "xCenter": 0.22893481, 
  "yCenter": 0.25073132, 
  "height": 0.35310325
}