{
  "width": 0.34355456, 
  "rotation": -0.5363561, 
  "xCenter": 0.18413411, 
  "yCenter": 0.73461694, 
  "height": 0.61076367
}