{
  "width": 0.26051688, 
  "rotation": -0.68566334, 
  "xCenter": 0.4588473, 
  "yCenter": 0.5511491, 
  "height": 0.4631411
}