{
  "width": 0.19265136, 
  "rotation": 0.6247399, 
  "xCenter": 0.1505219, 
  "yCenter": 0.49315354, 
  "height": 0.3424913
}