{
  "width": 0.26465416, 
  "rotation": 0.49988902, 
  "xCenter": 0.17037877, 
  "yCenter": 0.3054734, 
  "height": 0.4704963
}