{
  "width": 0.40816465, 
  "rotation": -0.3725773, 
  "xCenter": 0.6531506, 
  "yCenter": 0.78286654, 
  "height": 0.72562605
}