{
  "width": 0.23783253, 
  "rotation": -1.059735, 
  "xCenter": 0.3754382, 
  "yCenter": 0.5489026, 
  "height": 0.4228134
}