{
  "width": 0.24120085, 
  "rotation": 3.0815382, 
  "xCenter": 0.32482758, 
  "yCenter": 0.78499496, 
  "height": 0.4288015
}