{
  "width": 0.22837694, 
  "rotation": 0.042832375, 
  "xCenter": 0.09830385, 
  "yCenter": 0.4637708, 
  "height": 0.40600342
}