{
  "width": 0.24355878, 
  "rotation": -0.18356371, 
  "xCenter": 0.5642536, 
  "yCenter": 0.57707036, 
  "height": 0.43299335
}