{
  "width": 0.23902723, 
  "rotation": -1.1795398, 
  "xCenter": 0.30320114, 
  "yCenter": 0.6596501, 
  "height": 0.42493728
}