{
  "width": 0.31238014, 
  "rotation": -0.77865756, 
  "xCenter": 0.29683208, 
  "yCenter": 0.7554977, 
  "height": 0.5553425
}