{
  "width": 0.3906604, 
  "rotation": -0.53140914, 
  "xCenter": 0.6886992, 
  "yCenter": 0.72189796, 
  "height": 0.6945074
}