{
  "width": 0.30088836, 
  "rotation": -1.9014782, 
  "xCenter": 0.55947816, 
  "yCenter": 0.3105809, 
  "height": 0.5349126
}