{
  "width": 0.27732775, 
  "rotation": -0.3824072, 
  "xCenter": 0.46947405, 
  "yCenter": 0.26663604, 
  "height": 0.49302706
}