{
  "width": 0.15617661, 
  "rotation": 0.59470665, 
  "xCenter": 0.18818362, 
  "yCenter": 0.4413545, 
  "height": 0.27764732
}