{
  "width": 0.22223406, 
  "rotation": -0.61023796, 
  "xCenter": 0.43550766, 
  "yCenter": 0.55564547, 
  "height": 0.39508277
}