{
  "width": 0.25550494, 
  "rotation": -0.8905791, 
  "xCenter": 0.61021197, 
  "yCenter": 0.24333179, 
  "height": 0.454231
}