{
  "width": 0.19397165, 
  "rotation": 0.7615435, 
  "xCenter": 0.17016493, 
  "yCenter": 0.48018515, 
  "height": 0.34483847
}