{
  "width": 0.13285507, 
  "rotation": 0.3006333, 
  "xCenter": 0.40325445, 
  "yCenter": 0.5273565, 
  "height": 0.23618682
}