{
  "width": 0.13574639, 
  "rotation": -0.1589818, 
  "xCenter": 0.3547553, 
  "yCenter": 0.6811001, 
  "height": 0.2413269
}