{
  "width": 0.23703544, 
  "rotation": -0.47596633, 
  "xCenter": 0.2986364, 
  "yCenter": 0.4749825, 
  "height": 0.42139634
}