{
  "width": 0.19538243, 
  "rotation": 0.80122274, 
  "xCenter": 0.2774484, 
  "yCenter": 0.6589321, 
  "height": 0.34734654
}