{
  "width": 0.30801737, 
  "rotation": -2.566931, 
  "xCenter": 0.43816802, 
  "yCenter": 0.86216784, 
  "height": 0.54758644
}