{
  "width": 0.16243842, 
  "rotation": -2.2573726, 
  "xCenter": 0.51815724, 
  "yCenter": 0.5418496, 
  "height": 0.28877944
}