{
  "width": 0.3320929, 
  "rotation": -2.5799754, 
  "xCenter": 0.4305717, 
  "yCenter": 0.82797414, 
  "height": 0.59038734
}