{
  "width": 0.20670258, 
  "rotation": -0.6752037, 
  "xCenter": 0.08102959, 
  "yCenter": 0.6349626, 
  "height": 0.36747125
}