{
  "width": 0.30858597, 
  "rotation": -0.50133073, 
  "xCenter": 0.52106386, 
  "yCenter": 0.6376376, 
  "height": 0.5485973
}