{
  "width": 0.26392338, 
  "rotation": -0.9980923, 
  "xCenter": 0.7370267, 
  "yCenter": 0.44889334, 
  "height": 0.46919712
}