{
  "width": 0.21544743, 
  "rotation": -0.40257895, 
  "xCenter": 0.5144809, 
  "yCenter": 0.61595255, 
  "height": 0.38301766
}