{
  "width": 0.1717099, 
  "rotation": -1.5970267, 
  "xCenter": 0.5180957, 
  "yCenter": 0.21794821, 
  "height": 0.30526203
}