{
  "width": 0.30398822, 
  "rotation": -2.0441988, 
  "xCenter": 0.5098885, 
  "yCenter": 0.096979015, 
  "height": 0.5404235
}