{
  "width": 0.28921983, 
  "rotation": -0.18997967, 
  "xCenter": 0.4976888, 
  "yCenter": 0.27484345, 
  "height": 0.51416856
}