{
  "width": 0.24110462, 
  "rotation": -0.70076215, 
  "xCenter": 0.7697482, 
  "yCenter": 0.5241806, 
  "height": 0.42863044
}