{
  "width": 0.1390611, 
  "rotation": 0.62904644, 
  "xCenter": 0.51033974, 
  "yCenter": 0.528906, 
  "height": 0.24721973
}