{
  "width": 0.1976, 
  "rotation": -0.09929025, 
  "xCenter": 0.3403362, 
  "yCenter": 0.42360216, 
  "height": 0.3512889
}