{
  "width": 0.16867052, 
  "rotation": -1.0157744, 
  "xCenter": 0.043500494, 
  "yCenter": 0.64120966, 
  "height": 0.2998587
}