{
  "width": 0.26187086, 
  "rotation": -0.16815472, 
  "xCenter": 0.45717996, 
  "yCenter": 0.32636845, 
  "height": 0.46554822
}