{
  "width": 0.23620014, 
  "rotation": 0.16936946, 
  "xCenter": 0.13015544, 
  "yCenter": 0.32261348, 
  "height": 0.41991135
}