{
  "width": 0.20069821, 
  "rotation": 1.077273, 
  "xCenter": 0.21054831, 
  "yCenter": 0.48999837, 
  "height": 0.3567968
}