{
  "width": 0.26323432, 
  "rotation": -0.9933058, 
  "xCenter": 0.6127479, 
  "yCenter": 0.26120704, 
  "height": 0.4679721
}