{
  "width": 0.3276149, 
  "rotation": -2.5013316, 
  "xCenter": 0.41229886, 
  "yCenter": 0.80425984, 
  "height": 0.58242655
}