{
  "width": 0.26168996, 
  "rotation": -0.8862902, 
  "xCenter": 0.6681537, 
  "yCenter": 0.43203074, 
  "height": 0.4652266
}