{
  "width": 0.2212375, 
  "rotation": -0.8660375, 
  "xCenter": 0.61103964, 
  "yCenter": 0.2191026, 
  "height": 0.39331108
}