{
  "width": 0.1531871, 
  "rotation": 1.0005751, 
  "xCenter": 0.11279316, 
  "yCenter": 0.40596414, 
  "height": 0.27233264
}