{
  "width": 0.21199279, 
  "rotation": -2.1697338, 
  "xCenter": 0.31655383, 
  "yCenter": 0.6324933, 
  "height": 0.37687606
}