{
  "width": 0.25860608, 
  "rotation": -0.9450549, 
  "xCenter": 0.67955947, 
  "yCenter": 0.4459252, 
  "height": 0.45974413
}