{
  "width": 0.20801993, 
  "rotation": -1.6867288, 
  "xCenter": 0.28072396, 
  "yCenter": 0.66848093, 
  "height": 0.3698132
}