{
  "width": 0.2226501, 
  "rotation": -0.41491604, 
  "xCenter": 0.28173208, 
  "yCenter": 0.5220663, 
  "height": 0.39582238
}