{
  "width": 0.3899711, 
  "rotation": -0.72228515, 
  "xCenter": 0.86240715, 
  "yCenter": 0.6406517, 
  "height": 0.69328195
}