{
  "width": 0.21983245, 
  "rotation": -0.34022462, 
  "xCenter": 0.5501557, 
  "yCenter": 0.44537258, 
  "height": 0.39081326
}