{
  "width": 0.30488244, 
  "rotation": -1.1747538, 
  "xCenter": 0.63275146, 
  "yCenter": 0.53598803, 
  "height": 0.5420132
}