{
  "width": 0.2373395, 
  "rotation": -0.4486853, 
  "xCenter": 0.29066762, 
  "yCenter": 0.48161033, 
  "height": 0.42193687
}