{
  "width": 0.22629379, 
  "rotation": -1.184745, 
  "xCenter": 0.4231755, 
  "yCenter": 0.8278672, 
  "height": 0.40230006
}