{
  "width": 0.29730338, 
  "rotation": -0.82022536, 
  "xCenter": 0.6970327, 
  "yCenter": 0.4112205, 
  "height": 0.52853936
}