{
  "width": 0.23611282, 
  "rotation": -0.37673414, 
  "xCenter": 0.52995193, 
  "yCenter": 0.45836115, 
  "height": 0.4197561
}