{
  "width": 0.21647708, 
  "rotation": 1.395447, 
  "xCenter": 0.23452324, 
  "yCenter": 0.7759776, 
  "height": 0.38484815
}