{
  "width": 0.20166254, 
  "rotation": -0.3220694, 
  "xCenter": 0.12489596, 
  "yCenter": 0.6116961, 
  "height": 0.35851118
}