{
  "width": 0.19567563, 
  "rotation": 0.33501768, 
  "xCenter": 0.1700839, 
  "yCenter": 0.33358228, 
  "height": 0.3478678
}