{
  "width": 0.25262865, 
  "rotation": -0.13020122, 
  "xCenter": 0.5569106, 
  "yCenter": 0.55730504, 
  "height": 0.44911757
}