{
  "width": 0.21180373, 
  "rotation": 1.1238655, 
  "xCenter": 0.20263074, 
  "yCenter": 0.45881212, 
  "height": 0.37653998
}