{
  "width": 0.2390221, 
  "rotation": 0.41139388, 
  "xCenter": 0.09375092, 
  "yCenter": 0.48231888, 
  "height": 0.4249282
}