{
  "width": 0.2275664, 
  "rotation": -0.37542105, 
  "xCenter": 0.5703401, 
  "yCenter": 0.4568813, 
  "height": 0.4045625
}