{
  "width": 0.24141292, 
  "rotation": 0.2433213, 
  "xCenter": 0.04993207, 
  "yCenter": 0.49867028, 
  "height": 0.42917854
}