{
  "width": 0.3133416, 
  "rotation": -2.7263596, 
  "xCenter": 0.43455246, 
  "yCenter": 0.8446729, 
  "height": 0.5570517
}