{
  "width": 0.18388498, 
  "rotation": -0.06521249, 
  "xCenter": 0.29301542, 
  "yCenter": 0.43695474, 
  "height": 0.32690662
}