{
  "width": 0.16834132, 
  "rotation": 0.12597847, 
  "xCenter": 0.1581211, 
  "yCenter": 0.3321916, 
  "height": 0.29927346
}