{
  "width": 0.28460404, 
  "rotation": -0.26611543, 
  "xCenter": 0.44219068, 
  "yCenter": 0.2856231, 
  "height": 0.5059627
}