{
  "width": 0.17044634, 
  "rotation": -0.32042325, 
  "xCenter": 0.28213996, 
  "yCenter": 0.4460925, 
  "height": 0.30301574
}