{
  "width": 0.31832537, 
  "rotation": -1.7161101, 
  "xCenter": 0.5641788, 
  "yCenter": 0.22174728, 
  "height": 0.56591177
}