{
  "width": 0.23518918, 
  "rotation": -0.33431578, 
  "xCenter": 0.48830202, 
  "yCenter": 0.4865504, 
  "height": 0.4181141
}