{
  "width": 0.14862333, 
  "rotation": -0.40911734, 
  "xCenter": 0.34417808, 
  "yCenter": 0.35776877, 
  "height": 0.26421925
}