{
  "width": 0.21067166, 
  "rotation": -0.59081423, 
  "xCenter": 0.44984466, 
  "yCenter": 0.5469243, 
  "height": 0.3745274
}