{
  "width": 0.20741422, 
  "rotation": -2.809481, 
  "xCenter": 0.30749997, 
  "yCenter": 0.5643302, 
  "height": 0.3687364
}