{
  "width": 0.190271, 
  "rotation": -0.26333594, 
  "xCenter": 0.56200856, 
  "yCenter": 0.57336533, 
  "height": 0.33825955
}