{
  "width": 0.15238404, 
  "rotation": 0.41959786, 
  "xCenter": 0.4957489, 
  "yCenter": 0.5318205, 
  "height": 0.27090496
}