{
  "width": 0.16306596, 
  "rotation": -0.82551825, 
  "xCenter": 0.34961486, 
  "yCenter": 0.6309477, 
  "height": 0.28989503
}