{
  "width": 0.15602519, 
  "rotation": -0.3697946, 
  "xCenter": 0.3552128, 
  "yCenter": 0.36179796, 
  "height": 0.2773781
}