{
  "width": 0.20360908, 
  "rotation": 0.45994866, 
  "xCenter": 0.11885563, 
  "yCenter": 0.41148818, 
  "height": 0.3619717
}