{
  "width": 0.30399483, 
  "rotation": -1.0700079, 
  "xCenter": 0.6342399, 
  "yCenter": 0.4621193, 
  "height": 0.54043525
}