{
  "width": 0.19340123, 
  "rotation": -0.22715127, 
  "xCenter": 0.25728658, 
  "yCenter": 0.4261049, 
  "height": 0.34382442
}