{
  "width": 0.23889808, 
  "rotation": -0.21885586, 
  "xCenter": 0.285544, 
  "yCenter": 0.46816266, 
  "height": 0.42470774
}