{
  "width": 0.18383488, 
  "rotation": 0.9253354, 
  "xCenter": 0.23417376, 
  "yCenter": 0.3604885, 
  "height": 0.32681754
}