{
  "width": 0.36435544, 
  "rotation": -0.55322325, 
  "xCenter": 0.82960075, 
  "yCenter": 0.63985085, 
  "height": 0.64774305
}