{
  "width": 0.27542767, 
  "rotation": -0.8684207, 
  "xCenter": 0.5953217, 
  "yCenter": 0.21914873, 
  "height": 0.4896492
}