{
  "width": 0.26555976, 
  "rotation": 0.18554938, 
  "xCenter": 0.15117556, 
  "yCenter": 0.28436667, 
  "height": 0.47210625
}