{
  "width": 0.09911434, 
  "rotation": 3.0516763, 
  "xCenter": 0.96507925, 
  "yCenter": 0.6265925, 
  "height": 0.17620328
}