{
  "width": 0.22724979, 
  "rotation": -0.012830257, 
  "xCenter": 0.2990793, 
  "yCenter": 0.44334036, 
  "height": 0.40399963
}