{
  "width": 0.4090463, 
  "rotation": -0.5319921, 
  "xCenter": 0.6936898, 
  "yCenter": 0.7125158, 
  "height": 0.7271934
}