{
  "width": 0.16769713, 
  "rotation": -0.10497701, 
  "xCenter": 0.12227642, 
  "yCenter": 0.546704, 
  "height": 0.29812825
}