{
  "width": 0.28054303, 
  "rotation": 0.21272206, 
  "xCenter": 0.12287195, 
  "yCenter": 0.70069695, 
  "height": 0.49874318
}