{
  "width": 0.15048937, 
  "rotation": -2.4305594, 
  "xCenter": 0.06158698, 
  "yCenter": 0.92173564, 
  "height": 0.26753667
}