{
  "width": 0.34014308, 
  "rotation": -2.546498, 
  "xCenter": 0.41391847, 
  "yCenter": 0.7931459, 
  "height": 0.60469884
}