{
  "width": 0.18092664, 
  "rotation": -0.25641823, 
  "xCenter": 0.07964273, 
  "yCenter": 0.431211, 
  "height": 0.32164738
}