{
  "width": 0.33089, 
  "rotation": -0.2964182, 
  "xCenter": 0.4887132, 
  "yCenter": 0.65625364, 
  "height": 0.5882489
}