{
  "width": 0.2647427, 
  "rotation": 0.4294654, 
  "xCenter": 0.07941897, 
  "yCenter": 0.41449806, 
  "height": 0.4706537
}