{
  "width": 0.31649047, 
  "rotation": -0.22867918, 
  "xCenter": 0.45556262, 
  "yCenter": 0.6717203, 
  "height": 0.5626497
}