{
  "width": 0.18053317, 
  "rotation": 3.0312576, 
  "xCenter": 0.76927537, 
  "yCenter": 0.7197726, 
  "height": 0.32094786
}