{
  "width": 0.25343016, 
  "rotation": -0.8800508, 
  "xCenter": 0.66808856, 
  "yCenter": 0.26531604, 
  "height": 0.4505425
}