{
  "width": 0.10468054, 
  "rotation": 0.49650264, 
  "xCenter": 0.34922758, 
  "yCenter": 0.55983853, 
  "height": 0.18609874
}