{
  "width": 0.058676146, 
  "rotation": -1.6644872, 
  "xCenter": 0.40526572, 
  "yCenter": 0.56934094, 
  "height": 0.10431314
}