{
  "width": 0.16420616, 
  "rotation": -1.0808812, 
  "xCenter": 0.14932208, 
  "yCenter": 0.62397426, 
  "height": 0.29192206
}