{
  "width": 0.16540156, 
  "rotation": 0.9877903, 
  "xCenter": 0.40033457, 
  "yCenter": 0.8099206, 
  "height": 0.29404724
}