{
  "width": 0.18172358, 
  "rotation": 1.139096, 
  "xCenter": 0.280038, 
  "yCenter": 0.39099088, 
  "height": 0.32306415
}