{
  "width": 0.16327614, 
  "rotation": 1.0338614, 
  "xCenter": 0.36745572, 
  "yCenter": 0.7294724, 
  "height": 0.2902687
}