{
  "width": 0.16749614, 
  "rotation": 2.6331859, 
  "xCenter": 0.40725946, 
  "yCenter": 0.62634516, 
  "height": 0.29777092
}