{
  "width": 0.3106401, 
  "rotation": 0.17994201, 
  "xCenter": 0.1476483, 
  "yCenter": 0.32109058, 
  "height": 0.5522491
}