{
  "width": 0.1852153, 
  "rotation": 0.3911364, 
  "xCenter": 0.19639736, 
  "yCenter": 0.27880517, 
  "height": 0.32927164
}