{
  "width": 0.15937191, 
  "rotation": 0.91637385, 
  "xCenter": 0.41797805, 
  "yCenter": 0.70555973, 
  "height": 0.28332785
}