{
  "width": 0.16325146, 
  "rotation": -0.9267882, 
  "xCenter": 0.54133177, 
  "yCenter": 0.7732005, 
  "height": 0.2902248
}