{
  "width": 0.18494181, 
  "rotation": -0.22715688, 
  "xCenter": 0.07847613, 
  "yCenter": 0.40994266, 
  "height": 0.32878545
}