{
  "width": 0.2288433, 
  "rotation": 0.3687663, 
  "xCenter": 0.08708609, 
  "yCenter": 0.41778287, 
  "height": 0.40683255
}