{
  "width": 0.21456201, 
  "rotation": 0.39669538, 
  "xCenter": 0.16445127, 
  "yCenter": 0.3331948, 
  "height": 0.38144356
}