{
  "width": 0.2089428, 
  "rotation": -0.3583424, 
  "xCenter": 0.55860865, 
  "yCenter": 0.559059, 
  "height": 0.37145388
}