{
  "width": 0.21656416, 
  "rotation": -0.36845052, 
  "xCenter": 0.5278953, 
  "yCenter": 0.561264, 
  "height": 0.38500297
}