{
  "width": 0.19447212, 
  "rotation": 0.21816027, 
  "xCenter": 0.03221289, 
  "yCenter": 0.50164676, 
  "height": 0.34572822
}