{
  "width": 0.2839873, 
  "rotation": -1.7753185, 
  "xCenter": 0.5233233, 
  "yCenter": 0.30597678, 
  "height": 0.50486636
}