{
  "width": 0.22199261, 
  "rotation": -0.47204292, 
  "xCenter": 0.31112394, 
  "yCenter": 0.47704032, 
  "height": 0.39465353
}