{
  "width": 0.23628902, 
  "rotation": -1.1953064, 
  "xCenter": 0.7590429, 
  "yCenter": 0.20474307, 
  "height": 0.42006937
}