{
  "width": 0.33631682, 
  "rotation": -0.45795763, 
  "xCenter": 0.6631115, 
  "yCenter": 0.84400254, 
  "height": 0.5978966
}