{
  "width": 0.19481409, 
  "rotation": 0.7296373, 
  "xCenter": 0.15190102, 
  "yCenter": 0.5006156, 
  "height": 0.34633616
}