{
  "width": 0.15492338, 
  "rotation": 0.7933968, 
  "xCenter": 0.25029337, 
  "yCenter": 0.36365968, 
  "height": 0.27541935
}