{
  "width": 0.2514579, 
  "rotation": -0.95733535, 
  "xCenter": 0.35964248, 
  "yCenter": 0.5798104, 
  "height": 0.4470363
}