{
  "width": 0.17465685, 
  "rotation": -1.4053038, 
  "xCenter": 0.32353488, 
  "yCenter": 0.7730618, 
  "height": 0.31050107
}