{
  "width": 0.23300423, 
  "rotation": -0.9138788, 
  "xCenter": 0.38807216, 
  "yCenter": 0.57624894, 
  "height": 0.41422972
}