{
  "width": 0.18237346, 
  "rotation": 0.5743494, 
  "xCenter": 0.179534, 
  "yCenter": 0.5550403, 
  "height": 0.32421947
}