{
  "width": 0.2516002, 
  "rotation": -0.9004952, 
  "xCenter": 0.66590905, 
  "yCenter": 0.2638499, 
  "height": 0.44728923
}