{
  "width": 0.21687876, 
  "rotation": -2.2060773, 
  "xCenter": 0.30284396, 
  "yCenter": 0.59306437, 
  "height": 0.38556227
}