{
  "width": 0.25459626, 
  "rotation": 0.088285565, 
  "xCenter": 0.092865236, 
  "yCenter": 0.32993355, 
  "height": 0.4526156
}