{
  "width": 0.212295, 
  "rotation": 1.1386399, 
  "xCenter": 0.20094994, 
  "yCenter": 0.44887415, 
  "height": 0.37741333
}