{
  "width": 0.2777059, 
  "rotation": -0.2403866, 
  "xCenter": 0.5781346, 
  "yCenter": 0.63073707, 
  "height": 0.4936994
}