{
  "width": 0.2872002, 
  "rotation": -0.96936524, 
  "xCenter": 0.7021157, 
  "yCenter": 0.3328351, 
  "height": 0.5105782
}