{
  "width": 0.19887412, 
  "rotation": -1.2474242, 
  "xCenter": 0.49878484, 
  "yCenter": 0.68404907, 
  "height": 0.35355398
}