{
  "width": 0.29803464, 
  "rotation": -0.53412163, 
  "xCenter": 0.6887079, 
  "yCenter": 0.4578858, 
  "height": 0.52983934
}