{
  "width": 0.18210551, 
  "rotation": -0.38280165, 
  "xCenter": 0.28960627, 
  "yCenter": 0.43979278, 
  "height": 0.32374313
}