{
  "width": 0.2692142, 
  "rotation": -0.8581182, 
  "xCenter": 0.6391841, 
  "yCenter": 0.29002497, 
  "height": 0.47860307
}