{
  "width": 0.2670141, 
  "rotation": -0.5962728, 
  "xCenter": 0.77943486, 
  "yCenter": 0.5225903, 
  "height": 0.4746917
}