{
  "width": 0.29784763, 
  "rotation": -0.8759943, 
  "xCenter": 0.70270044, 
  "yCenter": 0.34417912, 
  "height": 0.5295069
}