{
  "width": 0.15583263, 
  "rotation": 0.44367254, 
  "xCenter": 0.19962083, 
  "yCenter": 0.29092848, 
  "height": 0.27703577
}