{
  "width": 0.19152673, 
  "rotation": 0.722559, 
  "xCenter": 0.17000435, 
  "yCenter": 0.4690402, 
  "height": 0.34049195
}