{
  "width": 0.2576361, 
  "rotation": -1.066724, 
  "xCenter": 0.6476759, 
  "yCenter": 0.5817851, 
  "height": 0.45801976
}