{
  "width": 0.15567458, 
  "rotation": 0.37691784, 
  "xCenter": 0.5483094, 
  "yCenter": 0.4868977, 
  "height": 0.2767548
}