{
  "width": 0.15239295, 
  "rotation": 0.42300737, 
  "xCenter": 0.41428372, 
  "yCenter": 0.40785092, 
  "height": 0.2709208
}