{
  "width": 0.23240928, 
  "rotation": -0.4250734, 
  "xCenter": 0.5161928, 
  "yCenter": 0.48772067, 
  "height": 0.4131721
}