{
  "width": 0.11152856, 
  "rotation": 3.0304918, 
  "xCenter": 0.9190262, 
  "yCenter": 0.47308788, 
  "height": 0.198273
}