{
  "width": 0.25435457, 
  "rotation": 0.25025868, 
  "xCenter": 0.20113069, 
  "yCenter": 0.2724805, 
  "height": 0.45218593
}