{
  "width": 0.29681337, 
  "rotation": -1.0301791, 
  "xCenter": 0.65037465, 
  "yCenter": 0.30167186, 
  "height": 0.5276682
}