{
  "width": 0.24943422, 
  "rotation": -0.6297797, 
  "xCenter": 0.33672866, 
  "yCenter": 0.49561593, 
  "height": 0.4434386
}