{
  "width": 0.23329845, 
  "rotation": -1.1467181, 
  "xCenter": 0.75734967, 
  "yCenter": 0.2074147, 
  "height": 0.41475278
}