{
  "width": 0.19745426, 
  "rotation": -2.2433388, 
  "xCenter": 0.6935123, 
  "yCenter": 0.4157767, 
  "height": 0.35102978
}