{
  "width": 0.16005778, 
  "rotation": -1.1405541, 
  "xCenter": 0.5068871, 
  "yCenter": 0.6886931, 
  "height": 0.28454718
}