{
  "width": 0.2464194, 
  "rotation": -0.4163171, 
  "xCenter": 0.38993979, 
  "yCenter": 0.6389155, 
  "height": 0.4380789
}