{
  "width": 0.2363775, 
  "rotation": -0.54048216, 
  "xCenter": 0.35944805, 
  "yCenter": 0.6366344, 
  "height": 0.4202267
}