{
  "width": 0.24293251, 
  "rotation": -0.7233201, 
  "xCenter": 0.64690393, 
  "yCenter": 0.48646957, 
  "height": 0.43188003
}