{
  "width": 0.15721878, 
  "rotation": -0.5659915, 
  "xCenter": 0.40600142, 
  "yCenter": 0.3136022, 
  "height": 0.27950007
}