{
  "width": 0.37428916, 
  "rotation": -0.596105, 
  "xCenter": 0.8298565, 
  "yCenter": 0.64177054, 
  "height": 0.66540295
}