{
  "width": 0.1582217, 
  "rotation": 1.9038174, 
  "xCenter": 0.14925227, 
  "yCenter": 0.546622, 
  "height": 0.28128305
}