{
  "width": 0.11446078, 
  "rotation": -0.6638175, 
  "xCenter": 0.058675762, 
  "yCenter": 0.6071724, 
  "height": 0.20348583
}