{
  "width": 0.18201129, 
  "rotation": 2.0488923, 
  "xCenter": 0.15452853, 
  "yCenter": 0.5767599, 
  "height": 0.32357562
}