{
  "width": 0.15392399, 
  "rotation": -0.5030576, 
  "xCenter": 0.387714, 
  "yCenter": 0.57650596, 
  "height": 0.27364266
}