{
  "width": 0.17995155, 
  "rotation": -2.4647558, 
  "xCenter": 0.074812606, 
  "yCenter": 0.892379, 
  "height": 0.3199139
}