{
  "width": 0.1842449, 
  "rotation": -0.48398626, 
  "xCenter": 0.5232036, 
  "yCenter": 0.6103494, 
  "height": 0.32754648
}