{
  "width": 0.20512584, 
  "rotation": -0.26661313, 
  "xCenter": 0.58264506, 
  "yCenter": 0.56649256, 
  "height": 0.36466816
}