{
  "width": 0.23638837, 
  "rotation": -0.56762993, 
  "xCenter": 0.37217, 
  "yCenter": 0.642152, 
  "height": 0.42024598
}