{
  "width": 0.2904778, 
  "rotation": 0.21671319, 
  "xCenter": 0.12846099, 
  "yCenter": 0.6766477, 
  "height": 0.516405
}