{
  "width": 0.30088758, 
  "rotation": -0.9055635, 
  "xCenter": 0.64844495, 
  "yCenter": 0.48398966, 
  "height": 0.5349113
}