{
  "width": 0.21118261, 
  "rotation": -0.50335515, 
  "xCenter": 0.55390173, 
  "yCenter": 0.6368686, 
  "height": 0.37543577
}