{
  "width": 0.4147372, 
  "rotation": -0.38044238, 
  "xCenter": 0.6519724, 
  "yCenter": 0.7773916, 
  "height": 0.7373105
}