{
  "width": 0.2778459, 
  "rotation": 0.09296703, 
  "xCenter": 0.14192349, 
  "yCenter": 0.28547543, 
  "height": 0.49394825
}