{
  "width": 0.26988465, 
  "rotation": -1.2362438, 
  "xCenter": 0.53977334, 
  "yCenter": 0.34082788, 
  "height": 0.47979492
}