{
  "width": 0.3042424, 
  "rotation": -0.40126348, 
  "xCenter": 0.56883836, 
  "yCenter": 0.7365508, 
  "height": 0.5408754
}