{
  "width": 0.19388726, 
  "rotation": 1.1147575, 
  "xCenter": 0.21292697, 
  "yCenter": 0.50393, 
  "height": 0.34468845
}