{
  "width": 0.16398384, 
  "rotation": -0.90751994, 
  "xCenter": 0.39299384, 
  "yCenter": 0.3710712, 
  "height": 0.29152682
}