{
  "width": 0.17911515, 
  "rotation": -1.21144, 
  "xCenter": 0.5966136, 
  "yCenter": 0.28535903, 
  "height": 0.31842694
}