{
  "width": 0.27040517, 
  "rotation": -0.4709059, 
  "xCenter": 0.4221518, 
  "yCenter": 0.7015394, 
  "height": 0.48072034
}