{
  "width": 0.27030033, 
  "rotation": -2.1584208, 
  "xCenter": 0.5509246, 
  "yCenter": 0.3328039, 
  "height": 0.4805339
}