{
  "width": 0.22305904, 
  "rotation": -2.0131013, 
  "xCenter": 0.5103918, 
  "yCenter": 0.7251539, 
  "height": 0.39654943
}