{
  "width": 0.19915473, 
  "rotation": -1.0505005, 
  "xCenter": 0.8122562, 
  "yCenter": 0.91158205, 
  "height": 0.35405287
}