{
  "width": 0.23043145, 
  "rotation": 0.36689365, 
  "xCenter": 0.08817251, 
  "yCenter": 0.40865186, 
  "height": 0.40965593
}