{
  "width": 0.37350285, 
  "rotation": -0.3782487, 
  "xCenter": 0.686048, 
  "yCenter": 0.75618595, 
  "height": 0.66400504
}