{
  "width": 0.2331748, 
  "rotation": -0.22701073, 
  "xCenter": 0.10199423, 
  "yCenter": 0.40901965, 
  "height": 0.41453296
}