{
  "width": 0.18186809, 
  "rotation": -0.10871661, 
  "xCenter": 0.56071746, 
  "yCenter": 0.48701224, 
  "height": 0.32332107
}