{
  "width": 0.30245543, 
  "rotation": -1.1617485, 
  "xCenter": 0.6344787, 
  "yCenter": 0.5457989, 
  "height": 0.5376985
}