{
  "width": 0.16283242, 
  "rotation": -0.99989045, 
  "xCenter": 0.0689641, 
  "yCenter": 0.60429025, 
  "height": 0.28947985
}