{
  "width": 0.21010563, 
  "rotation": 0.08073151, 
  "xCenter": 0.12941104, 
  "yCenter": 0.40413785, 
  "height": 0.37352112
}