{
  "width": 0.27410236, 
  "rotation": -0.9257401, 
  "xCenter": 0.66849685, 
  "yCenter": 0.31566015, 
  "height": 0.4872931
}