{
  "width": 0.14339782, 
  "rotation": -0.32248008, 
  "xCenter": 0.30280897, 
  "yCenter": 0.8879858, 
  "height": 0.25492945
}