{
  "width": 0.22381376, 
  "rotation": -1.2262706, 
  "xCenter": 0.4513361, 
  "yCenter": 0.8555484, 
  "height": 0.39789113
}