{
  "width": 0.17719348, 
  "rotation": 0.873409, 
  "xCenter": 0.10262324, 
  "yCenter": 0.39467436, 
  "height": 0.31501064
}