{
  "width": 0.32006598, 
  "rotation": -0.8942579, 
  "xCenter": 0.64125043, 
  "yCenter": 0.22512318, 
  "height": 0.5690062
}