{
  "width": 0.38880277, 
  "rotation": -0.49436343, 
  "xCenter": 0.6790166, 
  "yCenter": 0.74302787, 
  "height": 0.6912049
}