{
  "width": 0.1525965, 
  "rotation": -0.12127173, 
  "xCenter": 0.3592334, 
  "yCenter": 0.49826473, 
  "height": 0.27128267
}