{
  "width": 0.34828174, 
  "rotation": -2.426472, 
  "xCenter": 0.6543622, 
  "yCenter": 0.7062672, 
  "height": 0.61916757
}