{
  "width": 0.28826928, 
  "rotation": -0.2514732, 
  "xCenter": 0.42673784, 
  "yCenter": 0.30909923, 
  "height": 0.5124787
}