{
  "width": 0.28239965, 
  "rotation": -0.8720523, 
  "xCenter": 0.6776072, 
  "yCenter": 0.44805947, 
  "height": 0.50204384
}