{
  "width": 0.19949831, 
  "rotation": 0.80303836, 
  "xCenter": 0.12360566, 
  "yCenter": 0.27964976, 
  "height": 0.3546637
}