{
  "width": 0.1786081, 
  "rotation": 0.9523875, 
  "xCenter": 0.19656935, 
  "yCenter": 0.4206259, 
  "height": 0.3175255
}