{
  "width": 0.29041657, 
  "rotation": -1.5060421, 
  "xCenter": 0.4778861, 
  "yCenter": 0.22788206, 
  "height": 0.5162961
}