{
  "width": 0.16691047, 
  "rotation": -0.6960679, 
  "xCenter": 0.57732606, 
  "yCenter": 0.80459553, 
  "height": 0.2967297
}