{
  "width": 0.24176355, 
  "rotation": 0.21325982, 
  "xCenter": 0.062466137, 
  "yCenter": 0.39974928, 
  "height": 0.42980185
}