{
  "width": 0.228334, 
  "rotation": -0.5603174, 
  "xCenter": 0.2527271, 
  "yCenter": 0.4457363, 
  "height": 0.4059271
}