{
  "width": 0.23453328, 
  "rotation": -0.049893856, 
  "xCenter": 0.32732427, 
  "yCenter": 0.58048207, 
  "height": 0.41694805
}