{
  "width": 0.23072125, 
  "rotation": -0.19971192, 
  "xCenter": 0.29594025, 
  "yCenter": 0.4331273, 
  "height": 0.41017112
}