{
  "width": 0.27055877, 
  "rotation": -0.8962647, 
  "xCenter": 0.7110337, 
  "yCenter": 0.45100877, 
  "height": 0.48099336
}