{
  "width": 0.40154096, 
  "rotation": -0.50117505, 
  "xCenter": 0.69510543, 
  "yCenter": 0.7177318, 
  "height": 0.7138506
}