{
  "width": 0.2832238, 
  "rotation": -0.2617216, 
  "xCenter": 0.42584532, 
  "yCenter": 0.30921724, 
  "height": 0.503509
}