{
  "width": 0.20755348, 
  "rotation": -0.35995936, 
  "xCenter": 0.5703681, 
  "yCenter": 0.55699396, 
  "height": 0.36898395
}