{
  "width": 0.19888039, 
  "rotation": 1.1460681, 
  "xCenter": 0.13441722, 
  "yCenter": 0.5374498, 
  "height": 0.35356513
}