{
  "width": 0.21117331, 
  "rotation": -0.49401724, 
  "xCenter": 0.30218303, 
  "yCenter": 0.49218684, 
  "height": 0.37541923
}