{
  "width": 0.30267364, 
  "rotation": -0.8995317, 
  "xCenter": 0.6914681, 
  "yCenter": 0.36003792, 
  "height": 0.5380864
}