{
  "width": 0.2873223, 
  "rotation": 0.219921, 
  "xCenter": 0.12543839, 
  "yCenter": 0.69260615, 
  "height": 0.51079524
}