{
  "width": 0.17876641, 
  "rotation": -0.20469987, 
  "xCenter": 0.18523479, 
  "yCenter": 0.51785415, 
  "height": 0.31780696
}