{
  "width": 0.20348167, 
  "rotation": -1.0067405, 
  "xCenter": 0.363272, 
  "yCenter": 0.538837, 
  "height": 0.3617452
}