{
  "width": 0.17665933, 
  "rotation": 0.34785545, 
  "xCenter": 0.12212246, 
  "yCenter": 0.24571921, 
  "height": 0.31406105
}