{
  "width": 0.18812665, 
  "rotation": -0.09386802, 
  "xCenter": 0.15353559, 
  "yCenter": 0.39715618, 
  "height": 0.33444738
}