{
  "width": 0.15504165, 
  "rotation": -0.1323533, 
  "xCenter": 0.577347, 
  "yCenter": 0.46244547, 
  "height": 0.2756296
}