{
  "width": 0.25946045, 
  "rotation": 0.52713096, 
  "xCenter": 0.19978702, 
  "yCenter": 0.2720307, 
  "height": 0.46126303
}