{
  "width": 0.2159139, 
  "rotation": -0.2658931, 
  "xCenter": 0.3074912, 
  "yCenter": 0.44120967, 
  "height": 0.38384694
}