{
  "width": 0.25087094, 
  "rotation": -2.0983198, 
  "xCenter": 0.46325684, 
  "yCenter": 0.59924674, 
  "height": 0.4459928
}