{
  "width": 0.33831078, 
  "rotation": -2.146602, 
  "xCenter": 0.5175526, 
  "yCenter": 0.25627786, 
  "height": 0.60144144
}