{
  "width": 0.2315695, 
  "rotation": -0.792241, 
  "xCenter": 0.7215464, 
  "yCenter": 0.53018343, 
  "height": 0.41167912
}