{
  "width": 0.37210763, 
  "rotation": -0.4245454, 
  "xCenter": 0.21510914, 
  "yCenter": 0.7274732, 
  "height": 0.66152465
}