{
  "width": 0.14828193, 
  "rotation": -0.45322406, 
  "xCenter": 0.3525814, 
  "yCenter": 0.3769969, 
  "height": 0.26361233
}