{
  "width": 0.2256584, 
  "rotation": -0.29770446, 
  "xCenter": 0.52435744, 
  "yCenter": 0.54261863, 
  "height": 0.40117046
}