{
  "width": 0.22001751, 
  "rotation": 0.22478187, 
  "xCenter": 0.1280999, 
  "yCenter": 0.1737118, 
  "height": 0.39114222
}