{
  "width": 0.20643093, 
  "rotation": 0.5619166, 
  "xCenter": 0.17982276, 
  "yCenter": 0.37470546, 
  "height": 0.3669883
}