{
  "width": 0.18244335, 
  "rotation": -1.2265486, 
  "xCenter": 0.5013596, 
  "yCenter": 0.6831569, 
  "height": 0.32434374
}