{
  "width": 0.22322573, 
  "rotation": -0.3766502, 
  "xCenter": 0.52316535, 
  "yCenter": 0.48707443, 
  "height": 0.39684573
}