{
  "width": 0.3024638, 
  "rotation": -0.8311628, 
  "xCenter": 0.26495177, 
  "yCenter": 0.8152144, 
  "height": 0.5377134
}