{
  "width": 0.18317777, 
  "rotation": 0.09602082, 
  "xCenter": 0.3608695, 
  "yCenter": 0.739382, 
  "height": 0.32564935
}