{
  "width": 0.2610568, 
  "rotation": -0.95970976, 
  "xCenter": 0.71039724, 
  "yCenter": 0.48406616, 
  "height": 0.464101
}