{
  "width": 0.20388499, 
  "rotation": 0.3933314, 
  "xCenter": 0.16879244, 
  "yCenter": 0.32593048, 
  "height": 0.3624622
}