{
  "width": 0.116478585, 
  "rotation": -0.20333076, 
  "xCenter": 0.32930017, 
  "yCenter": 0.31089136, 
  "height": 0.20707305
}