{
  "width": 0.100116685, 
  "rotation": 1.7789861, 
  "xCenter": 0.37870428, 
  "yCenter": 0.7583149, 
  "height": 0.1779852
}