{
  "width": 0.21485415, 
  "rotation": -0.8409182, 
  "xCenter": 0.61634254, 
  "yCenter": 0.22940956, 
  "height": 0.38196293
}