{
  "width": 0.18715528, 
  "rotation": -1.2437335, 
  "xCenter": 0.49915648, 
  "yCenter": 0.6837021, 
  "height": 0.3327205
}