{
  "width": 0.2818793, 
  "rotation": -0.603691, 
  "xCenter": 0.79782814, 
  "yCenter": 0.56886137, 
  "height": 0.5011188
}