{
  "width": 0.21811141, 
  "rotation": -0.61638176, 
  "xCenter": 0.35007158, 
  "yCenter": 0.5898215, 
  "height": 0.3877536
}