{
  "width": 0.21546759, 
  "rotation": 0.4528215, 
  "xCenter": 0.51151127, 
  "yCenter": 0.21969268, 
  "height": 0.38305348
}