{
  "width": 0.2869573, 
  "rotation": -0.6580788, 
  "xCenter": 0.80171615, 
  "yCenter": 0.5864309, 
  "height": 0.51014626
}