{
  "width": 0.21505815, 
  "rotation": -0.44039452, 
  "xCenter": 0.33802733, 
  "yCenter": 0.4815733, 
  "height": 0.3823256
}