{
  "width": 0.23643391, 
  "rotation": -0.4465996, 
  "xCenter": 0.30470026, 
  "yCenter": 0.49208507, 
  "height": 0.42032695
}