{
  "width": 0.27168486, 
  "rotation": 0.17416382, 
  "xCenter": 0.14774132, 
  "yCenter": 0.27472717, 
  "height": 0.4829953
}