{
  "width": 0.22952202, 
  "rotation": -0.48835003, 
  "xCenter": 0.30220267, 
  "yCenter": 0.48488674, 
  "height": 0.40803912
}