{
  "width": 0.17688598, 
  "rotation": 0.8366416, 
  "xCenter": 0.10007459, 
  "yCenter": 0.23166978, 
  "height": 0.31446397
}