{
  "width": 0.21744286, 
  "rotation": 0.71442246, 
  "xCenter": 0.11527501, 
  "yCenter": 0.32449317, 
  "height": 0.3865651
}