{
  "width": 0.27995747, 
  "rotation": -1.0965706, 
  "xCenter": 0.67463225, 
  "yCenter": 0.59602183, 
  "height": 0.49770218
}