{
  "width": 0.1578186, 
  "rotation": -0.14878976, 
  "xCenter": 0.5678772, 
  "yCenter": 0.46661314, 
  "height": 0.2805664
}