{
  "width": 0.27940875, 
  "rotation": -0.28723633, 
  "xCenter": 0.43231872, 
  "yCenter": 0.29321837, 
  "height": 0.49672666
}