{
  "width": 0.2755313, 
  "rotation": -0.22104919, 
  "xCenter": 0.4473846, 
  "yCenter": 0.2909739, 
  "height": 0.48983338
}