{
  "width": 0.30187908, 
  "rotation": -0.78170407, 
  "xCenter": 0.7084377, 
  "yCenter": 0.28344, 
  "height": 0.53667396
}