{
  "width": 0.2382727, 
  "rotation": 0.32568538, 
  "xCenter": 0.11075502, 
  "yCenter": 0.43810934, 
  "height": 0.4235959
}