{
  "width": 0.26831093, 
  "rotation": -0.065437436, 
  "xCenter": 0.44970363, 
  "yCenter": 0.5436675, 
  "height": 0.4769972
}