{
  "width": 0.22287409, 
  "rotation": -2.6137035, 
  "xCenter": 0.30287102, 
  "yCenter": 0.5597934, 
  "height": 0.39622062
}