{
  "width": 0.16621453, 
  "rotation": 0.17857397, 
  "xCenter": 0.28557372, 
  "yCenter": 0.6234672, 
  "height": 0.29549247
}