{
  "width": 0.15352215, 
  "rotation": -0.23256385, 
  "xCenter": 0.35661697, 
  "yCenter": 0.35647637, 
  "height": 0.27292827
}