{
  "width": 0.28196022, 
  "rotation": -0.6135622, 
  "xCenter": 0.713058, 
  "yCenter": 0.49914277, 
  "height": 0.5012626
}