{
  "width": 0.27882668, 
  "rotation": -0.25965977, 
  "xCenter": 0.44545975, 
  "yCenter": 0.29456937, 
  "height": 0.4956919
}