{
  "width": 0.2581404, 
  "rotation": -0.9371358, 
  "xCenter": 0.45461988, 
  "yCenter": 0.69442964, 
  "height": 0.45891625
}