{
  "width": 0.3351298, 
  "rotation": -0.42422354, 
  "xCenter": 0.2977071, 
  "yCenter": 0.78385305, 
  "height": 0.5957863
}