{
  "width": 0.19741403, 
  "rotation": 0.8112957, 
  "xCenter": 0.17962961, 
  "yCenter": 0.4459226, 
  "height": 0.3509583
}