{
  "width": 0.19754678, 
  "rotation": -0.7422296, 
  "xCenter": 0.08025916, 
  "yCenter": 0.6887774, 
  "height": 0.35119426
}