{
  "width": 0.10128727, 
  "rotation": -0.19456029, 
  "xCenter": 0.33119947, 
  "yCenter": 0.3133998, 
  "height": 0.18006626
}