{
  "width": 0.27739847, 
  "rotation": 0.64537936, 
  "xCenter": 0.20758948, 
  "yCenter": 0.26451427, 
  "height": 0.49315283
}