{
  "width": 0.27742016, 
  "rotation": -0.914538, 
  "xCenter": 0.67435765, 
  "yCenter": 0.48266262, 
  "height": 0.49319136
}