{
  "width": 0.28525826, 
  "rotation": -0.9193574, 
  "xCenter": 0.6040304, 
  "yCenter": 0.2147905, 
  "height": 0.5071258
}