{
  "width": 0.1895279, 
  "rotation": 0.76598763, 
  "xCenter": 0.24019246, 
  "yCenter": 0.28462622, 
  "height": 0.3369385
}