{
  "width": 0.23504955, 
  "rotation": -2.050945, 
  "xCenter": 0.47055966, 
  "yCenter": 0.62766933, 
  "height": 0.41786587
}