{
  "width": 0.2766535, 
  "rotation": -0.9043251, 
  "xCenter": 0.6760211, 
  "yCenter": 0.35044295, 
  "height": 0.49182847
}