{
  "width": 0.18070936, 
  "rotation": -1.527274, 
  "xCenter": 0.33125994, 
  "yCenter": 0.7302485, 
  "height": 0.3212611
}