{
  "width": 0.22081162, 
  "rotation": -0.034309626, 
  "xCenter": 0.06612055, 
  "yCenter": 0.46211332, 
  "height": 0.39255401
}