{
  "width": 0.203878, 
  "rotation": -1.9598736, 
  "xCenter": 0.50272596, 
  "yCenter": 0.63947934, 
  "height": 0.36244977
}