{
  "width": 0.23005128, 
  "rotation": 0.063254, 
  "xCenter": 0.06457114, 
  "yCenter": 0.35568073, 
  "height": 0.40898
}