{
  "width": 0.15594901, 
  "rotation": -0.46974647, 
  "xCenter": 0.35495973, 
  "yCenter": 0.38532653, 
  "height": 0.2772427
}