{
  "width": 0.37672997, 
  "rotation": -0.40924525, 
  "xCenter": 0.6842437, 
  "yCenter": 0.75308996, 
  "height": 0.66974217
}