{
  "width": 0.1284076, 
  "rotation": -0.24636853, 
  "xCenter": 0.041286808, 
  "yCenter": 0.5226579, 
  "height": 0.22828017
}