{
  "width": 0.28391737, 
  "rotation": -0.31111073, 
  "xCenter": 0.42734104, 
  "yCenter": 0.30755636, 
  "height": 0.50474197
}