{
  "width": 0.22861142, 
  "rotation": -1.9066662, 
  "xCenter": 0.58450675, 
  "yCenter": 0.46970728, 
  "height": 0.4064203
}