{
  "width": 0.28772223, 
  "rotation": -0.2568612, 
  "xCenter": 0.4435785, 
  "yCenter": 0.2849658, 
  "height": 0.5115062
}