{
  "width": 0.24929574, 
  "rotation": -0.48863375, 
  "xCenter": 0.2887476, 
  "yCenter": 0.542625, 
  "height": 0.44319242
}