{
  "width": 0.2902059, 
  "rotation": 0.16145289, 
  "xCenter": 0.14010225, 
  "yCenter": 0.28275865, 
  "height": 0.51592165
}