{
  "width": 0.19500205, 
  "rotation": -1.219633, 
  "xCenter": 0.32065386, 
  "yCenter": 0.7267757, 
  "height": 0.3466703
}