{
  "width": 0.21174501, 
  "rotation": -1.0409805, 
  "xCenter": 0.48919886, 
  "yCenter": 0.8883029, 
  "height": 0.37643558
}