{
  "width": 0.2258504, 
  "rotation": -0.5994557, 
  "xCenter": 0.35047352, 
  "yCenter": 0.60120314, 
  "height": 0.40151182
}