{
  "width": 0.19040276, 
  "rotation": -0.07379401, 
  "xCenter": 0.11499316, 
  "yCenter": 0.538018, 
  "height": 0.33849376
}