{
  "width": 0.19188955, 
  "rotation": 0.48365414, 
  "xCenter": 0.11952508, 
  "yCenter": 0.42983833, 
  "height": 0.34113696
}