{
  "width": 0.28183013, 
  "rotation": 0.13734019, 
  "xCenter": 0.14801268, 
  "yCenter": 0.27212036, 
  "height": 0.50103134
}