{
  "width": 0.28400028, 
  "rotation": -0.54089653, 
  "xCenter": 0.41055334, 
  "yCenter": 0.51772135, 
  "height": 0.50488937
}