{
  "width": 0.24271579, 
  "rotation": 0.17777312, 
  "xCenter": 0.10766014, 
  "yCenter": 0.20195168, 
  "height": 0.43149474
}