{
  "width": 0.2927866, 
  "rotation": -1.3879396, 
  "xCenter": 0.46733004, 
  "yCenter": 0.10334693, 
  "height": 0.5205095
}