{
  "width": 0.14393286, 
  "rotation": -0.46082556, 
  "xCenter": 0.338854, 
  "yCenter": 0.3586572, 
  "height": 0.25588065
}