{
  "width": 0.32242978, 
  "rotation": -2.5837657, 
  "xCenter": 0.43231025, 
  "yCenter": 0.9099403, 
  "height": 0.5732085
}