{
  "width": 0.22298935, 
  "rotation": 0.031508446, 
  "xCenter": 0.09930214, 
  "yCenter": 0.39731935, 
  "height": 0.3964255
}