{
  "width": 0.22535549, 
  "rotation": 0.2720791, 
  "xCenter": 0.06523297, 
  "yCenter": 0.47194058, 
  "height": 0.40063196
}