{
  "width": 0.18921873, 
  "rotation": -0.24795306, 
  "xCenter": 0.57291746, 
  "yCenter": 0.62189645, 
  "height": 0.33638886
}