{
  "width": 0.2124275, 
  "rotation": -0.07486987, 
  "xCenter": 0.48145908, 
  "yCenter": 0.2741957, 
  "height": 0.3776489
}