{
  "width": 0.2056405, 
  "rotation": 1.2272859, 
  "xCenter": 0.2272976, 
  "yCenter": 0.5619966, 
  "height": 0.3655831
}