{
  "width": 0.35975432, 
  "rotation": -0.29440212, 
  "xCenter": 0.39574447, 
  "yCenter": 0.7065145, 
  "height": 0.63956326
}