{
  "width": 0.14810231, 
  "rotation": 1.0782764, 
  "xCenter": 0.27085108, 
  "yCenter": 0.39905447, 
  "height": 0.263293
}