{
  "width": 0.2071042, 
  "rotation": -0.33483553, 
  "xCenter": 0.5627889, 
  "yCenter": 0.5492319, 
  "height": 0.36818528
}