{
  "width": 0.28750527, 
  "rotation": -0.2831452, 
  "xCenter": 0.42737216, 
  "yCenter": 0.31000394, 
  "height": 0.5111205
}