{
  "width": 0.39064664, 
  "rotation": -0.50021136, 
  "xCenter": 0.6787389, 
  "yCenter": 0.7560521, 
  "height": 0.69448286
}