{
  "width": 0.26762557, 
  "rotation": -2.860131, 
  "xCenter": 0.30546546, 
  "yCenter": 0.75265604, 
  "height": 0.4757788
}