{
  "width": 0.18869849, 
  "rotation": -0.68364275, 
  "xCenter": 0.54943323, 
  "yCenter": 0.7052155, 
  "height": 0.33546397
}