{
  "width": 0.28585312, 
  "rotation": -2.1503785, 
  "xCenter": 0.54220104, 
  "yCenter": 0.30440542, 
  "height": 0.5081833
}