{
  "width": 0.27728876, 
  "rotation": 0.1822133, 
  "xCenter": 0.12116077, 
  "yCenter": 0.6895332, 
  "height": 0.4929578
}