{
  "width": 0.18775532, 
  "rotation": 1.0921727, 
  "xCenter": 0.4586014, 
  "yCenter": 0.6671559, 
  "height": 0.33378723
}