{
  "width": 0.40256193, 
  "rotation": -0.34479105, 
  "xCenter": 0.6579001, 
  "yCenter": 0.7779669, 
  "height": 0.7156657
}