{
  "width": 0.3837082, 
  "rotation": -0.43148482, 
  "xCenter": 0.6881978, 
  "yCenter": 0.7313018, 
  "height": 0.6821479
}