{
  "width": 0.23395558, 
  "rotation": 0.10618496, 
  "xCenter": 0.09150346, 
  "yCenter": 0.41541535, 
  "height": 0.41592103
}