{
  "width": 0.28397316, 
  "rotation": -0.21835208, 
  "xCenter": 0.2978462, 
  "yCenter": 0.76585793, 
  "height": 0.50484115
}