{
  "width": 0.24822332, 
  "rotation": 0.16519117, 
  "xCenter": 0.10601142, 
  "yCenter": 0.20993908, 
  "height": 0.4412859
}