{
  "width": 0.18653369, 
  "rotation": 3.1099815, 
  "xCenter": 0.76879984, 
  "yCenter": 0.77515084, 
  "height": 0.33161545
}