{
  "width": 0.28162128, 
  "rotation": -1.3951057, 
  "xCenter": 0.67944115, 
  "yCenter": 0.6117076, 
  "height": 0.50066006
}