{
  "width": 0.2506348, 
  "rotation": -0.8270885, 
  "xCenter": 0.6632281, 
  "yCenter": 0.24822459, 
  "height": 0.44557294
}