{
  "width": 0.2188363, 
  "rotation": -0.53413403, 
  "xCenter": 0.32847473, 
  "yCenter": 0.4154367, 
  "height": 0.38904232
}