{
  "width": 0.21092412, 
  "rotation": -0.5422536, 
  "xCenter": 0.47016525, 
  "yCenter": 0.52615184, 
  "height": 0.3749762
}