{
  "width": 0.21975112, 
  "rotation": -0.4673096, 
  "xCenter": 0.30719712, 
  "yCenter": 0.47680393, 
  "height": 0.39066863
}