{
  "width": 0.22316265, 
  "rotation": -0.615986, 
  "xCenter": 0.76891893, 
  "yCenter": 0.17962158, 
  "height": 0.3967336
}