{
  "width": 0.21143429, 
  "rotation": -0.7875167, 
  "xCenter": 0.5106928, 
  "yCenter": 0.60273564, 
  "height": 0.37588316
}