{
  "width": 0.3196646, 
  "rotation": -0.6609081, 
  "xCenter": 0.24672204, 
  "yCenter": 0.8429336, 
  "height": 0.5682927
}