{
  "width": 0.25420678, 
  "rotation": -0.86550915, 
  "xCenter": 0.6884631, 
  "yCenter": 0.35124773, 
  "height": 0.4519232
}