{
  "width": 0.23294519, 
  "rotation": -0.70583045, 
  "xCenter": 0.7276409, 
  "yCenter": 0.52656215, 
  "height": 0.4141248
}