{
  "width": 0.20744908, 
  "rotation": 0.6012199, 
  "xCenter": 0.11316436, 
  "yCenter": 0.33736086, 
  "height": 0.36879838
}