{
  "width": 0.20220551, 
  "rotation": -0.47388518, 
  "xCenter": 0.086102724, 
  "yCenter": 0.5737534, 
  "height": 0.35947648
}