{
  "width": 0.2668355, 
  "rotation": -0.7842387, 
  "xCenter": 0.65987754, 
  "yCenter": 0.34303087, 
  "height": 0.47437423
}