{
  "width": 0.13730323, 
  "rotation": 0.52523553, 
  "xCenter": 0.41065142, 
  "yCenter": 0.5565814, 
  "height": 0.24409465
}