{
  "width": 0.26615492, 
  "rotation": -0.20505977, 
  "xCenter": 0.5769506, 
  "yCenter": 0.61908394, 
  "height": 0.4731643
}