{
  "width": 0.26995158, 
  "rotation": -2.3848016, 
  "xCenter": 0.43294024, 
  "yCenter": 0.7092867, 
  "height": 0.47991395
}