{
  "width": 0.26674372, 
  "rotation": 0.0925616, 
  "xCenter": 0.13948861, 
  "yCenter": 0.28882778, 
  "height": 0.47421104
}