{
  "width": 0.19332285, 
  "rotation": -2.617501, 
  "xCenter": 0.93935937, 
  "yCenter": 0.83979696, 
  "height": 0.3436851
}