{
  "width": 0.22067899, 
  "rotation": -0.45186865, 
  "xCenter": 0.5443226, 
  "yCenter": 0.58940285, 
  "height": 0.3923182
}