{
  "width": 0.2976382, 
  "rotation": -0.83381426, 
  "xCenter": 0.70179796, 
  "yCenter": 0.33624095, 
  "height": 0.5291346
}