{
  "width": 0.18722956, 
  "rotation": 0.40779626, 
  "xCenter": 0.14248392, 
  "yCenter": 0.51327854, 
  "height": 0.33285257
}