{
  "width": 0.18334436, 
  "rotation": -2.799948, 
  "xCenter": 0.36639464, 
  "yCenter": 0.695998, 
  "height": 0.3259455
}