{
  "width": 0.20075732, 
  "rotation": -0.5519296, 
  "xCenter": 0.46414444, 
  "yCenter": 0.5353509, 
  "height": 0.3569019
}