{
  "width": 0.2537137, 
  "rotation": -1.5655795, 
  "xCenter": 0.67281187, 
  "yCenter": 0.6588658, 
  "height": 0.4510466
}