{
  "width": 0.1847856, 
  "rotation": -0.6413168, 
  "xCenter": 0.48761418, 
  "yCenter": 0.48159248, 
  "height": 0.32850775
}