{
  "width": 0.21957962, 
  "rotation": -0.13804317, 
  "xCenter": 0.58047366, 
  "yCenter": 0.4654421, 
  "height": 0.39036375
}