{
  "width": 0.19307785, 
  "rotation": 1.3397894, 
  "xCenter": 0.23684204, 
  "yCenter": 0.7369821, 
  "height": 0.3432495
}