{
  "width": 0.2131604, 
  "rotation": 0.18658102, 
  "xCenter": 0.102964245, 
  "yCenter": 0.41874304, 
  "height": 0.37895182
}