{
  "width": 0.18586172, 
  "rotation": -0.6600703, 
  "xCenter": 0.5504209, 
  "yCenter": 0.67885244, 
  "height": 0.33042082
}