{
  "width": 0.15869148, 
  "rotation": 0.7405908, 
  "xCenter": 0.4584114, 
  "yCenter": 0.6069976, 
  "height": 0.2821182
}