{
  "width": 0.29576078, 
  "rotation": -0.36106133, 
  "xCenter": 0.56138414, 
  "yCenter": 0.73762846, 
  "height": 0.52579695
}