{
  "width": 0.14013632, 
  "rotation": -2.0509932, 
  "xCenter": 0.4730628, 
  "yCenter": 0.6273508, 
  "height": 0.24913122
}