{
  "width": 0.20362134, 
  "rotation": 0.59667593, 
  "xCenter": 0.11334579, 
  "yCenter": 0.33793396, 
  "height": 0.36199352
}