{
  "width": 0.14779423, 
  "rotation": -0.46916687, 
  "xCenter": 0.34552836, 
  "yCenter": 0.38913342, 
  "height": 0.2627453
}