{
  "width": 0.2272739, 
  "rotation": -0.5425955, 
  "xCenter": 0.35517877, 
  "yCenter": 0.43080938, 
  "height": 0.40404248
}