{
  "width": 0.3370022, 
  "rotation": -0.9354323, 
  "xCenter": 0.6028746, 
  "yCenter": 0.39601508, 
  "height": 0.599115
}