{
  "width": 0.21529742, 
  "rotation": -0.6189114, 
  "xCenter": 0.75420004, 
  "yCenter": 0.22839946, 
  "height": 0.38275096
}