{
  "width": 0.28201663, 
  "rotation": -0.8608695, 
  "xCenter": 0.7125031, 
  "yCenter": 0.42722154, 
  "height": 0.5013629
}