{
  "width": 0.23934281, 
  "rotation": 0.2636913, 
  "xCenter": 0.11834024, 
  "yCenter": 0.46987274, 
  "height": 0.42549834
}