{
  "width": 0.29264694, 
  "rotation": -0.75249135, 
  "xCenter": 0.70648664, 
  "yCenter": 0.41662154, 
  "height": 0.5202612
}