{
  "width": 0.1301308, 
  "rotation": -0.3033949, 
  "xCenter": 0.032969702, 
  "yCenter": 0.5071865, 
  "height": 0.23134363
}