{
  "width": 0.23513408, 
  "rotation": -0.38245034, 
  "xCenter": 0.49464858, 
  "yCenter": 0.4807346, 
  "height": 0.41801617
}