{
  "width": 0.16730994, 
  "rotation": -1.3989655, 
  "xCenter": 0.5230629, 
  "yCenter": 0.23023047, 
  "height": 0.2974399
}