{
  "width": 0.22186625, 
  "rotation": -0.25544763, 
  "xCenter": 0.4222653, 
  "yCenter": 0.28221083, 
  "height": 0.39442888
}