{
  "width": 0.21327488, 
  "rotation": -0.62586606, 
  "xCenter": 0.3533089, 
  "yCenter": 0.5728145, 
  "height": 0.37915537
}