{
  "width": 0.20782429, 
  "rotation": -0.18489838, 
  "xCenter": 0.08758498, 
  "yCenter": 0.4808001, 
  "height": 0.36946538
}