{
  "width": 0.26652983, 
  "rotation": 0.19647276, 
  "xCenter": 0.15258895, 
  "yCenter": 0.28805053, 
  "height": 0.47383082
}