{
  "width": 0.24884269, 
  "rotation": 0.10625982, 
  "xCenter": 0.097106345, 
  "yCenter": 0.32959768, 
  "height": 0.44238698
}