{
  "width": 0.23795617, 
  "rotation": 0.16603124, 
  "xCenter": 0.08206244, 
  "yCenter": 0.5864579, 
  "height": 0.42303318
}