{
  "width": 0.19471437, 
  "rotation": -2.969353, 
  "xCenter": 0.15421921, 
  "yCenter": 0.9115991, 
  "height": 0.34615886
}