{
  "width": 0.23937947, 
  "rotation": -0.6058091, 
  "xCenter": 0.5395548, 
  "yCenter": 0.703763, 
  "height": 0.42556348
}