{
  "width": 0.22189172, 
  "rotation": 0.6024752, 
  "xCenter": 0.12510584, 
  "yCenter": 0.48781893, 
  "height": 0.39447415
}