{
  "width": 0.30490118, 
  "rotation": -0.98288834, 
  "xCenter": 0.6605919, 
  "yCenter": 0.48319548, 
  "height": 0.5420466
}