{
  "width": 0.2112794, 
  "rotation": -0.4914204, 
  "xCenter": 0.33427835, 
  "yCenter": 0.41985404, 
  "height": 0.37560782
}