{
  "width": 0.20410393, 
  "rotation": -0.39918113, 
  "xCenter": 0.56248635, 
  "yCenter": 0.5524226, 
  "height": 0.36285144
}