{
  "width": 0.140606, 
  "rotation": -0.2581904, 
  "xCenter": 0.3562555, 
  "yCenter": 0.6906777, 
  "height": 0.24996622
}