{
  "width": 0.22967744, 
  "rotation": -0.72585356, 
  "xCenter": 0.7102901, 
  "yCenter": 0.5288131, 
  "height": 0.40831545
}