{
  "width": 0.25160718, 
  "rotation": -0.835178, 
  "xCenter": 0.6612697, 
  "yCenter": 0.33116195, 
  "height": 0.44730163
}