{
  "width": 0.24272718, 
  "rotation": -1.2677785, 
  "xCenter": 0.42864418, 
  "yCenter": 0.7353056, 
  "height": 0.43151498
}