{
  "width": 0.2169113, 
  "rotation": -0.2550248, 
  "xCenter": 0.29385138, 
  "yCenter": 0.43593216, 
  "height": 0.38562012
}