{
  "width": 0.17889397, 
  "rotation": -0.3070296, 
  "xCenter": 0.40867433, 
  "yCenter": 0.57657886, 
  "height": 0.31803373
}