{
  "width": 0.18643373, 
  "rotation": -0.43028843, 
  "xCenter": 0.39491335, 
  "yCenter": 0.5647207, 
  "height": 0.3314377
}