{
  "width": 0.2947724, 
  "rotation": -0.81074846, 
  "xCenter": 0.26230326, 
  "yCenter": 0.8166077, 
  "height": 0.52403975
}