{
  "width": 0.21390818, 
  "rotation": -2.1989305, 
  "xCenter": 0.2993984, 
  "yCenter": 0.61502445, 
  "height": 0.3802812
}