{
  "width": 0.39698112, 
  "rotation": -0.40078628, 
  "xCenter": 0.6521708, 
  "yCenter": 0.7756995, 
  "height": 0.7057442
}