{
  "width": 0.21821028, 
  "rotation": -0.4484285, 
  "xCenter": 0.48653206, 
  "yCenter": 0.5020416, 
  "height": 0.38792938
}