{
  "width": 0.2125865, 
  "rotation": -0.34738207, 
  "xCenter": 0.5772711, 
  "yCenter": 0.5940356, 
  "height": 0.37793157
}