{
  "width": 0.20191424, 
  "rotation": -1.342745, 
  "xCenter": 0.5265664, 
  "yCenter": 0.2297264, 
  "height": 0.35895866
}