{
  "width": 0.15242293, 
  "rotation": 0.018020034, 
  "xCenter": 0.29540634, 
  "yCenter": 0.4273444, 
  "height": 0.2709741
}