{
  "width": 0.24083604, 
  "rotation": -2.0966027, 
  "xCenter": 0.48578984, 
  "yCenter": 0.6797742, 
  "height": 0.42815295
}