{
  "width": 0.35385644, 
  "rotation": -0.6701509, 
  "xCenter": 0.6601307, 
  "yCenter": 0.5101443, 
  "height": 0.62907815
}