{
  "width": 0.29174715, 
  "rotation": -0.7928976, 
  "xCenter": 0.65354824, 
  "yCenter": 0.42904496, 
  "height": 0.5186616
}