{
  "width": 0.26721105, 
  "rotation": 0.18431807, 
  "xCenter": 0.15137379, 
  "yCenter": 0.28999493, 
  "height": 0.4750419
}