{
  "width": 0.2517518, 
  "rotation": -0.7324561, 
  "xCenter": 0.6588918, 
  "yCenter": 0.4097783, 
  "height": 0.4475588
}