{
  "width": 0.2427536, 
  "rotation": 0.08220911, 
  "xCenter": 0.11441801, 
  "yCenter": 0.5761313, 
  "height": 0.43156195
}