{
  "width": 0.27996412, 
  "rotation": -0.94419444, 
  "xCenter": 0.6702781, 
  "yCenter": 0.43048507, 
  "height": 0.49771395
}