{
  "width": 0.29136103, 
  "rotation": -0.9982835, 
  "xCenter": 0.5870402, 
  "yCenter": 0.40250647, 
  "height": 0.51797515
}