{
  "width": 0.14398287, 
  "rotation": 0.82259816, 
  "xCenter": 0.16997217, 
  "yCenter": 0.38407913, 
  "height": 0.25596955
}