{
  "width": 0.22046304, 
  "rotation": -2.7374554, 
  "xCenter": 0.30472735, 
  "yCenter": 0.55706924, 
  "height": 0.39193428
}