{
  "width": 0.14805093, 
  "rotation": -0.47074378, 
  "xCenter": 0.35456502, 
  "yCenter": 0.39313075, 
  "height": 0.26320168
}