{
  "width": 0.18706849, 
  "rotation": 0.7767548, 
  "xCenter": 0.123681106, 
  "yCenter": 0.28334212, 
  "height": 0.3325662
}