{
  "width": 0.13749743, 
  "rotation": -0.51538503, 
  "xCenter": 0.33472532, 
  "yCenter": 0.36558577, 
  "height": 0.24443986
}