{
  "width": 0.16380432, 
  "rotation": 1.1063528, 
  "xCenter": 0.23763211, 
  "yCenter": 0.4490845, 
  "height": 0.29120767
}