{
  "width": 0.24736457, 
  "rotation": -1.1194314, 
  "xCenter": 0.4582366, 
  "yCenter": 0.585585, 
  "height": 0.4397592
}