{
  "width": 0.30123672, 
  "rotation": -0.83996785, 
  "xCenter": 0.27440968, 
  "yCenter": 0.79539657, 
  "height": 0.53553194
}