{
  "width": 0.26554868, 
  "rotation": 0.3564558, 
  "xCenter": 0.07778664, 
  "yCenter": 0.3620066, 
  "height": 0.47208655
}