{
  "width": 0.09943376, 
  "rotation": 2.233487, 
  "xCenter": 0.547287, 
  "yCenter": 0.5020422, 
  "height": 0.17677112
}