{
  "width": 0.20394441, 
  "rotation": 0.06564367, 
  "xCenter": 0.14000092, 
  "yCenter": 0.40212673, 
  "height": 0.36256787
}