{
  "width": 0.21251297, 
  "rotation": 0.17448378, 
  "xCenter": 0.3110404, 
  "yCenter": 0.46037653, 
  "height": 0.37780082
}