{
  "width": 0.21462756, 
  "rotation": 0.46084976, 
  "xCenter": 0.046719003, 
  "yCenter": 0.48284486, 
  "height": 0.38156012
}