{
  "width": 0.24850546, 
  "rotation": -2.0238373, 
  "xCenter": 0.50363886, 
  "yCenter": 0.75929147, 
  "height": 0.44178748
}