{
  "width": 0.20386702, 
  "rotation": -0.24815321, 
  "xCenter": 0.5595919, 
  "yCenter": 0.5403412, 
  "height": 0.36243024
}