{
  "width": 0.20715334, 
  "rotation": -0.36575556, 
  "xCenter": 0.56754464, 
  "yCenter": 0.5560985, 
  "height": 0.3682726
}