{
  "width": 0.18797183, 
  "rotation": -0.3862536, 
  "xCenter": 0.39728022, 
  "yCenter": 0.5604971, 
  "height": 0.33417213
}