{
  "width": 0.2747304, 
  "rotation": 0.12104106, 
  "xCenter": 0.14306867, 
  "yCenter": 0.26869586, 
  "height": 0.48840964
}