{
  "width": 0.2436567, 
  "rotation": -0.09831929, 
  "xCenter": 0.5634678, 
  "yCenter": 0.563942, 
  "height": 0.43316746
}