{
  "width": 0.25063184, 
  "rotation": -0.8971101, 
  "xCenter": 0.3842838, 
  "yCenter": 0.5413241, 
  "height": 0.44556773
}