{
  "width": 0.20811494, 
  "rotation": -0.2736715, 
  "xCenter": 0.2903334, 
  "yCenter": 0.4605835, 
  "height": 0.3699821
}