{
  "width": 0.29886177, 
  "rotation": -0.8906151, 
  "xCenter": 0.68651795, 
  "yCenter": 0.35559994, 
  "height": 0.5313098
}