{
  "width": 0.19118486, 
  "rotation": 1.6980321, 
  "xCenter": 0.38869214, 
  "yCenter": 0.7633025, 
  "height": 0.3398842
}