{
  "width": 0.30169404, 
  "rotation": -0.27343154, 
  "xCenter": 0.5588195, 
  "yCenter": 0.6824033, 
  "height": 0.53634495
}