{
  "width": 0.21380015, 
  "rotation": -0.9493371, 
  "xCenter": 0.62570554, 
  "yCenter": 0.23279679, 
  "height": 0.38008913
}