{
  "width": 0.2805388, 
  "rotation": -2.0330288, 
  "xCenter": 0.5571846, 
  "yCenter": 0.46130565, 
  "height": 0.49873564
}