{
  "width": 0.26328376, 
  "rotation": -0.9982821, 
  "xCenter": 0.702427, 
  "yCenter": 0.48453125, 
  "height": 0.46806002
}