{
  "width": 0.26664788, 
  "rotation": -1.9209231, 
  "xCenter": 0.61174166, 
  "yCenter": 0.36014214, 
  "height": 0.47404066
}