{
  "width": 0.2696219, 
  "rotation": -0.22096026, 
  "xCenter": 0.44682676, 
  "yCenter": 0.29270428, 
  "height": 0.4793278
}