{
  "width": 0.2599153, 
  "rotation": 0.3660332, 
  "xCenter": 0.20274273, 
  "yCenter": 0.27404115, 
  "height": 0.46207163
}