{
  "width": 0.2283904, 
  "rotation": -2.251992, 
  "xCenter": 0.30446163, 
  "yCenter": 0.59321207, 
  "height": 0.40602738
}