{
  "width": 0.16897953, 
  "rotation": -3.0024598, 
  "xCenter": 0.3814142, 
  "yCenter": 0.69047487, 
  "height": 0.30040807
}