{
  "width": 0.20706423, 
  "rotation": -0.1572913, 
  "xCenter": 0.108058766, 
  "yCenter": 0.3420075, 
  "height": 0.36811417
}