{
  "width": 0.1736581, 
  "rotation": 1.016711, 
  "xCenter": 0.36811456, 
  "yCenter": 0.7228473, 
  "height": 0.30872554
}