{
  "width": 0.25121397, 
  "rotation": 0.1346904, 
  "xCenter": 0.110194474, 
  "yCenter": 0.57741404, 
  "height": 0.44660264
}