{
  "width": 0.3743975, 
  "rotation": -0.50911677, 
  "xCenter": 0.6681201, 
  "yCenter": 0.7196106, 
  "height": 0.66559553
}