{
  "width": 0.18707067, 
  "rotation": 0.91169816, 
  "xCenter": 0.18942973, 
  "yCenter": 0.44440648, 
  "height": 0.33257008
}