{
  "width": 0.20995523, 
  "rotation": -0.40152884, 
  "xCenter": 0.5407896, 
  "yCenter": 0.49337864, 
  "height": 0.37325376
}