{
  "width": 0.24418958, 
  "rotation": -0.77420866, 
  "xCenter": 0.6536356, 
  "yCenter": 0.41729522, 
  "height": 0.43411478
}