{
  "width": 0.23477153, 
  "rotation": -2.0245755, 
  "xCenter": 0.50061864, 
  "yCenter": 0.753133, 
  "height": 0.4173716
}