{
  "width": 0.27443987, 
  "rotation": -1.8923959, 
  "xCenter": 0.51164836, 
  "yCenter": 0.41634986, 
  "height": 0.48789313
}