{
  "width": 0.19267008, 
  "rotation": -0.11467743, 
  "xCenter": 0.08350776, 
  "yCenter": 0.41119698, 
  "height": 0.3425246
}