{
  "width": 0.15232545, 
  "rotation": -0.9687699, 
  "xCenter": 0.19115975, 
  "yCenter": 0.63785547, 
  "height": 0.2708008
}