{
  "width": 0.23461083, 
  "rotation": -1.2237688, 
  "xCenter": 0.265727, 
  "yCenter": 0.7074136, 
  "height": 0.41708592
}