{
  "width": 0.18335761, 
  "rotation": -0.15023899, 
  "xCenter": 0.1137781, 
  "yCenter": 0.535845, 
  "height": 0.32596907
}