{
  "width": 0.16727848, 
  "rotation": 1.1083685, 
  "xCenter": 0.23694605, 
  "yCenter": 0.44780627, 
  "height": 0.29738396
}