{
  "width": 0.17657277, 
  "rotation": 0.07487607, 
  "xCenter": 0.11959492, 
  "yCenter": 0.25880644, 
  "height": 0.31390718
}