{
  "width": 0.29750454, 
  "rotation": -1.8368858, 
  "xCenter": 0.51766896, 
  "yCenter": 0.14110015, 
  "height": 0.528897
}