{
  "width": 0.22410248, 
  "rotation": 0.53565156, 
  "xCenter": 0.09035578, 
  "yCenter": 0.40582895, 
  "height": 0.39840442
}