{
  "width": 0.32142013, 
  "rotation": -0.13395858, 
  "xCenter": 0.20619455, 
  "yCenter": 0.76571333, 
  "height": 0.5714136
}