{
  "width": 0.26416153, 
  "rotation": -0.945115, 
  "xCenter": 0.68169767, 
  "yCenter": 0.34592283, 
  "height": 0.46962047
}