{
  "width": 0.30050325, 
  "rotation": -0.7883996, 
  "xCenter": 0.70004934, 
  "yCenter": 0.39514482, 
  "height": 0.53422797
}