{
  "width": 0.1616506, 
  "rotation": -0.12717617, 
  "xCenter": 0.60828114, 
  "yCenter": 0.5020467, 
  "height": 0.28737882
}