{
  "width": 0.19379072, 
  "rotation": -1.8120106, 
  "xCenter": 0.3311688, 
  "yCenter": 0.7507998, 
  "height": 0.3445168
}