{
  "width": 0.25195786, 
  "rotation": -0.7135974, 
  "xCenter": 0.6643236, 
  "yCenter": 0.307618, 
  "height": 0.44792506
}