{
  "width": 0.20151553, 
  "rotation": -0.40926838, 
  "xCenter": 0.10319651, 
  "yCenter": 0.43057585, 
  "height": 0.3582498
}