{
  "width": 0.27911073, 
  "rotation": -0.5420948, 
  "xCenter": 0.805158, 
  "yCenter": 0.57351834, 
  "height": 0.49619687
}