{
  "width": 0.23943262, 
  "rotation": -2.0525305, 
  "xCenter": 0.50728726, 
  "yCenter": 0.6963578, 
  "height": 0.425658
}