{
  "width": 0.27154738, 
  "rotation": -0.4677707, 
  "xCenter": 0.5344909, 
  "yCenter": 0.76718754, 
  "height": 0.48275086
}