{
  "width": 0.19658579, 
  "rotation": -0.15743136, 
  "xCenter": 0.339732, 
  "yCenter": 0.44292608, 
  "height": 0.34948584
}