{
  "width": 0.27470246, 
  "rotation": -0.9706582, 
  "xCenter": 0.6402716, 
  "yCenter": 0.39131308, 
  "height": 0.48835996
}