{
  "width": 0.14880991, 
  "rotation": -0.042659283, 
  "xCenter": 0.36486718, 
  "yCenter": 0.585522, 
  "height": 0.26455095
}