{
  "width": 0.37514693, 
  "rotation": -0.42197835, 
  "xCenter": 0.69030476, 
  "yCenter": 0.72890216, 
  "height": 0.6669279
}