{
  "width": 0.18731242, 
  "rotation": -0.5929669, 
  "xCenter": 0.09712181, 
  "yCenter": 0.53343433, 
  "height": 0.33299983
}