{
  "width": 0.250604, 
  "rotation": -0.62629855, 
  "xCenter": 0.6346056, 
  "yCenter": 0.4308464, 
  "height": 0.44551826
}