{
  "width": 0.20125642, 
  "rotation": -0.4535154, 
  "xCenter": 0.49986115, 
  "yCenter": 0.41716373, 
  "height": 0.35778916
}