{
  "width": 0.15339872, 
  "rotation": -0.24758387, 
  "xCenter": 0.3550008, 
  "yCenter": 0.542739, 
  "height": 0.27270883
}