{
  "width": 0.22836661, 
  "rotation": -0.3662007, 
  "xCenter": 0.50624746, 
  "yCenter": 0.33010775, 
  "height": 0.4059851
}