{
  "width": 0.22763972, 
  "rotation": -1.0753762, 
  "xCenter": 0.43756208, 
  "yCenter": 0.62472737, 
  "height": 0.40469283
}