{
  "width": 0.13105004, 
  "rotation": -0.25806952, 
  "xCenter": 0.3007754, 
  "yCenter": 0.4761351, 
  "height": 0.23297784
}