{
  "width": 0.3154503, 
  "rotation": -0.3143344, 
  "xCenter": 0.5614925, 
  "yCenter": 0.6883985, 
  "height": 0.56080055
}