{
  "width": 0.3056663, 
  "rotation": -0.94574845, 
  "xCenter": 0.5907749, 
  "yCenter": 0.3922683, 
  "height": 0.5434067
}