{
  "width": 0.41014722, 
  "rotation": -0.41865802, 
  "xCenter": 0.70381916, 
  "yCenter": 0.7046476, 
  "height": 0.72915065
}