{
  "width": 0.20124061, 
  "rotation": -1.7404126, 
  "xCenter": 0.5281038, 
  "yCenter": 0.1619854, 
  "height": 0.35776109
}