{
  "width": 0.2622208, 
  "rotation": -0.89855206, 
  "xCenter": 0.7391692, 
  "yCenter": 0.44701892, 
  "height": 0.4661703
}