{
  "width": 0.19129628, 
  "rotation": -1.9777979, 
  "xCenter": 0.3315468, 
  "yCenter": 0.7645609, 
  "height": 0.3400823
}