{
  "width": 0.031173903, 
  "rotation": -0.21495211, 
  "xCenter": 0.4616812, 
  "yCenter": 0.35003287, 
  "height": 0.055420272
}