{
  "width": 0.24894181, 
  "rotation": -0.87077963, 
  "xCenter": 0.6950795, 
  "yCenter": 0.44071594, 
  "height": 0.4425632
}