{
  "width": 0.24733248, 
  "rotation": -1.1412352, 
  "xCenter": 0.36710548, 
  "yCenter": 0.5397974, 
  "height": 0.43970218
}