{
  "width": 0.24338883, 
  "rotation": -1.150783, 
  "xCenter": 0.3151605, 
  "yCenter": 0.07224019, 
  "height": 0.43269125
}