{
  "width": 0.18778, 
  "rotation": -1.2048365, 
  "xCenter": 0.47581005, 
  "yCenter": 0.6877686, 
  "height": 0.33383107
}