{
  "width": 0.19119553, 
  "rotation": -0.23692882, 
  "xCenter": 0.078357846, 
  "yCenter": 0.52809924, 
  "height": 0.33990318
}