{
  "width": 0.21932083, 
  "rotation": -2.635823, 
  "xCenter": 0.097063184, 
  "yCenter": 0.902712, 
  "height": 0.3899037
}