{
  "width": 0.22396186, 
  "rotation": -0.7119931, 
  "xCenter": 0.7464746, 
  "yCenter": 0.5173773, 
  "height": 0.3981544
}