{
  "width": 0.10831455, 
  "rotation": -0.85685647, 
  "xCenter": 0.5793933, 
  "yCenter": 0.81696635, 
  "height": 0.1925592
}