{
  "width": 0.19464159, 
  "rotation": -0.060882926, 
  "xCenter": 0.6123867, 
  "yCenter": 0.48452812, 
  "height": 0.3460295
}