{
  "width": 0.15015197, 
  "rotation": 0.83299595, 
  "xCenter": 0.1486321, 
  "yCenter": 0.48347852, 
  "height": 0.26693684
}