{
  "width": 0.16638884, 
  "rotation": -2.5394256, 
  "xCenter": 0.9594158, 
  "yCenter": 0.6585983, 
  "height": 0.29580238
}