{
  "width": 0.3111173, 
  "rotation": -1.0351392, 
  "xCenter": 0.6358851, 
  "yCenter": 0.441962, 
  "height": 0.55309737
}