{
  "width": 0.2271822, 
  "rotation": -0.6063889, 
  "xCenter": 0.24747585, 
  "yCenter": 0.4580693, 
  "height": 0.4038795
}