{
  "width": 0.30644843, 
  "rotation": -0.8075477, 
  "xCenter": 0.6373582, 
  "yCenter": 0.49194962, 
  "height": 0.54479724
}