{
  "width": 0.1612038, 
  "rotation": 0.8186675, 
  "xCenter": 0.24886964, 
  "yCenter": 0.38159776, 
  "height": 0.28658456
}