{
  "width": 0.26521268, 
  "rotation": 0.003010869, 
  "xCenter": 0.09661315, 
  "yCenter": 0.30341768, 
  "height": 0.47148925
}