{
  "width": 0.38135573, 
  "rotation": -0.44453847, 
  "xCenter": 0.68194383, 
  "yCenter": 0.74534994, 
  "height": 0.67796576
}