{
  "width": 0.17726973, 
  "rotation": -0.31988776, 
  "xCenter": 0.09546794, 
  "yCenter": 0.51765645, 
  "height": 0.31514618
}