{
  "width": 0.26896906, 
  "rotation": -0.20404685, 
  "xCenter": 0.45413852, 
  "yCenter": 0.31779927, 
  "height": 0.4781672
}