{
  "width": 0.12680775, 
  "rotation": -1.49626, 
  "xCenter": 0.00786276, 
  "yCenter": 0.65569913, 
  "height": 0.22543602
}