{
  "width": 0.17616943, 
  "rotation": -0.631971, 
  "xCenter": 0.39237228, 
  "yCenter": 0.57925236, 
  "height": 0.31319007
}