{
  "width": 0.27544364, 
  "rotation": -0.3361758, 
  "xCenter": 0.4283291, 
  "yCenter": 0.29762158, 
  "height": 0.48967758
}