{
  "width": 0.30281433, 
  "rotation": -1.6786345, 
  "xCenter": 0.5418131, 
  "yCenter": 0.16429473, 
  "height": 0.5383366
}