{
  "width": 0.16285315, 
  "rotation": -0.14992857, 
  "xCenter": 0.6173507, 
  "yCenter": 0.47439334, 
  "height": 0.28951672
}