{
  "width": 0.23296045, 
  "rotation": -0.49290335, 
  "xCenter": 0.29535568, 
  "yCenter": 0.4611615, 
  "height": 0.4141519
}