{
  "width": 0.20225608, 
  "rotation": 0.33528197, 
  "xCenter": 0.048424825, 
  "yCenter": 0.48785743, 
  "height": 0.35956636
}