{
  "width": 0.13183458, 
  "rotation": -1.0944642, 
  "xCenter": 0.023128228, 
  "yCenter": 0.60132176, 
  "height": 0.23437259
}