{
  "width": 0.25087714, 
  "rotation": -0.8158413, 
  "xCenter": 0.6710976, 
  "yCenter": 0.4400559, 
  "height": 0.44600385
}