{
  "width": 0.18608397, 
  "rotation": 0.35599053, 
  "xCenter": 0.19604546, 
  "yCenter": 0.27711406, 
  "height": 0.33081594
}