{
  "width": 0.23161243, 
  "rotation": -0.4585663, 
  "xCenter": 0.35835475, 
  "yCenter": 0.43861377, 
  "height": 0.4117554
}