{
  "width": 0.22300696, 
  "rotation": -0.311136, 
  "xCenter": 0.065604396, 
  "yCenter": 0.47933924, 
  "height": 0.39645684
}