{
  "width": 0.19759838, 
  "rotation": -0.39146972, 
  "xCenter": 0.5686797, 
  "yCenter": 0.5642192, 
  "height": 0.351286
}