{
  "width": 0.20000453, 
  "rotation": 1.1311178, 
  "xCenter": 0.4489729, 
  "yCenter": 0.67807555, 
  "height": 0.3555636
}