{
  "width": 0.1425041, 
  "rotation": -0.28180504, 
  "xCenter": 0.42237338, 
  "yCenter": 0.24137218, 
  "height": 0.25334063
}