{
  "width": 0.17701909, 
  "rotation": 0.77209914, 
  "xCenter": 0.15207031, 
  "yCenter": 0.2943987, 
  "height": 0.31470063
}