{
  "width": 0.16999155, 
  "rotation": 2.3473728, 
  "xCenter": 0.15641001, 
  "yCenter": 0.54711205, 
  "height": 0.30220723
}