{
  "width": 0.2129552, 
  "rotation": 1.0040628, 
  "xCenter": 0.101175606, 
  "yCenter": 0.3595834, 
  "height": 0.378587
}