{
  "width": 0.27054513, 
  "rotation": -0.87446225, 
  "xCenter": 0.744169, 
  "yCenter": 0.43394315, 
  "height": 0.4809691
}