{
  "width": 0.29141778, 
  "rotation": 0.047897935, 
  "xCenter": 0.15034544, 
  "yCenter": 0.2795505, 
  "height": 0.51807606
}