{
  "width": 0.17590535, 
  "rotation": 1.0954853, 
  "xCenter": 0.11999793, 
  "yCenter": 0.42351407, 
  "height": 0.31272063
}