{
  "width": 0.12835632, 
  "rotation": -1.4915453, 
  "xCenter": 0.015471479, 
  "yCenter": 0.6594266, 
  "height": 0.228189
}