{
  "width": 0.17683145, 
  "rotation": 1.3092651, 
  "xCenter": 0.48785034, 
  "yCenter": 0.64011306, 
  "height": 0.31436703
}