{
  "width": 0.24813624, 
  "rotation": -0.48891652, 
  "xCenter": 0.3047936, 
  "yCenter": 0.4870202, 
  "height": 0.4411311
}