{
  "width": 0.14245637, 
  "rotation": 1.2209582, 
  "xCenter": 0.16598167, 
  "yCenter": 0.42451495, 
  "height": 0.25325575
}