{
  "width": 0.24115576, 
  "rotation": -0.24457264, 
  "xCenter": 0.53390336, 
  "yCenter": 0.5426017, 
  "height": 0.42872137
}