{
  "width": 0.16706368, 
  "rotation": 1.2424934, 
  "xCenter": 0.12153243, 
  "yCenter": 0.43739718, 
  "height": 0.2970021
}