{
  "width": 0.29734218, 
  "rotation": -0.8888947, 
  "xCenter": 0.7033149, 
  "yCenter": 0.34372532, 
  "height": 0.5286083
}