{
  "width": 0.29277307, 
  "rotation": -0.33133388, 
  "xCenter": 0.5736176, 
  "yCenter": 0.73786956, 
  "height": 0.52048546
}