{
  "width": 0.17856692, 
  "rotation": 1.121409, 
  "xCenter": 0.11538069, 
  "yCenter": 0.42873532, 
  "height": 0.31745228
}