{
  "width": 0.27580738, 
  "rotation": 0.17836225, 
  "xCenter": 0.09202151, 
  "yCenter": 0.5774296, 
  "height": 0.49032423
}