{
  "width": 0.23162435, 
  "rotation": -0.45507252, 
  "xCenter": 0.29657167, 
  "yCenter": 0.46099934, 
  "height": 0.41177663
}