{
  "width": 0.21847326, 
  "rotation": 0.3202666, 
  "xCenter": 0.121145315, 
  "yCenter": 0.3271302, 
  "height": 0.3883969
}