{
  "width": 0.1591911, 
  "rotation": 1.0368075, 
  "xCenter": 0.23193584, 
  "yCenter": 0.44601053, 
  "height": 0.2830064
}