{
  "width": 0.18871492, 
  "rotation": -0.33130836, 
  "xCenter": 0.58939356, 
  "yCenter": 0.45794395, 
  "height": 0.33549318
}