{
  "width": 0.16101715, 
  "rotation": -0.4165287, 
  "xCenter": 0.3109101, 
  "yCenter": 0.32742205, 
  "height": 0.2862527
}