{
  "width": 0.19039176, 
  "rotation": 0.80285454, 
  "xCenter": 0.18257807, 
  "yCenter": 0.37837467, 
  "height": 0.33847427
}