{
  "width": 0.3832681, 
  "rotation": -0.61856425, 
  "xCenter": 0.85743475, 
  "yCenter": 0.62562984, 
  "height": 0.6813655
}