{
  "width": 0.19791344, 
  "rotation": 0.03438449, 
  "xCenter": 0.30533296, 
  "yCenter": 0.59880036, 
  "height": 0.3518461
}