{
  "width": 0.2712438, 
  "rotation": -0.09668112, 
  "xCenter": 0.10080318, 
  "yCenter": 0.30435374, 
  "height": 0.4822112
}