{
  "width": 0.2033779, 
  "rotation": -0.36437166, 
  "xCenter": 0.5699344, 
  "yCenter": 0.55441076, 
  "height": 0.36156073
}