{
  "width": 0.19865258, 
  "rotation": 0.97906613, 
  "xCenter": 0.1847359, 
  "yCenter": 0.4222867, 
  "height": 0.3531601
}