{
  "width": 0.22044234, 
  "rotation": 2.576532, 
  "xCenter": 0.13756219, 
  "yCenter": 0.6789822, 
  "height": 0.39189753
}