{
  "width": 0.23850743, 
  "rotation": -2.2223656, 
  "xCenter": 0.48654434, 
  "yCenter": 0.6794261, 
  "height": 0.42401323
}