{
  "width": 0.23427437, 
  "rotation": -1.1668371, 
  "xCenter": 0.40365306, 
  "yCenter": 0.64645475, 
  "height": 0.41648778
}