{
  "width": 0.22627239, 
  "rotation": -0.837814, 
  "xCenter": 0.6984449, 
  "yCenter": 0.47828832, 
  "height": 0.40226206
}