{
  "width": 0.20706728, 
  "rotation": 0.71503097, 
  "xCenter": 0.13250132, 
  "yCenter": 0.46184936, 
  "height": 0.36811966
}