{
  "width": 0.32534975, 
  "rotation": -0.7781421, 
  "xCenter": 0.69226325, 
  "yCenter": 0.7985294, 
  "height": 0.5783996
}