{
  "width": 0.23139453, 
  "rotation": -0.6600596, 
  "xCenter": 0.6966573, 
  "yCenter": 0.52758497, 
  "height": 0.41136804
}