{
  "width": 0.21041022, 
  "rotation": -1.4490255, 
  "xCenter": 0.47079742, 
  "yCenter": 0.7031573, 
  "height": 0.37406263
}