{
  "width": 0.25465947, 
  "rotation": -0.5515436, 
  "xCenter": 0.68114203, 
  "yCenter": 0.32950953, 
  "height": 0.45272797
}