{
  "width": 0.18061483, 
  "rotation": -1.0589465, 
  "xCenter": 0.54301965, 
  "yCenter": 0.7841462, 
  "height": 0.32109305
}