{
  "width": 0.21010299, 
  "rotation": -1.1882676, 
  "xCenter": 0.4416922, 
  "yCenter": 0.8929255, 
  "height": 0.37351644
}