{
  "width": 0.3219065, 
  "rotation": -2.0814922, 
  "xCenter": 0.50414014, 
  "yCenter": 0.1418878, 
  "height": 0.57227826
}