{
  "width": 0.1851879, 
  "rotation": -0.28305912, 
  "xCenter": 0.4012669, 
  "yCenter": 0.5758466, 
  "height": 0.32922295
}