{
  "width": 0.18281445, 
  "rotation": 0.12771189, 
  "xCenter": 0.021904638, 
  "yCenter": 0.50084984, 
  "height": 0.32500347
}