{
  "width": 0.18840402, 
  "rotation": -0.08373237, 
  "xCenter": 0.2633639, 
  "yCenter": 0.4579143, 
  "height": 0.3349405
}