{
  "width": 0.27521428, 
  "rotation": -1.0059298, 
  "xCenter": 0.61403406, 
  "yCenter": 0.26923522, 
  "height": 0.48926985
}