{
  "width": 0.18640293, 
  "rotation": 0.9225497, 
  "xCenter": 0.2457281, 
  "yCenter": 0.34279993, 
  "height": 0.331383
}