{
  "width": 0.18499853, 
  "rotation": 1.0406084, 
  "xCenter": 0.26170418, 
  "yCenter": 0.44887128, 
  "height": 0.32888627
}