{
  "width": 0.22803071, 
  "rotation": -0.31613624, 
  "xCenter": 0.29205194, 
  "yCenter": 0.5313013, 
  "height": 0.4053879
}