{
  "width": 0.19535105, 
  "rotation": 0.82052416, 
  "xCenter": 0.15457614, 
  "yCenter": 0.4931679, 
  "height": 0.34729075
}