{
  "width": 0.25066313, 
  "rotation": -0.68545353, 
  "xCenter": 0.77158594, 
  "yCenter": 0.5301286, 
  "height": 0.44562334
}