{
  "width": 0.3504105, 
  "rotation": -0.3718164, 
  "xCenter": 0.22909366, 
  "yCenter": 0.73519117, 
  "height": 0.622952
}