{
  "width": 0.2610928, 
  "rotation": 0.16225028, 
  "xCenter": 0.101800635, 
  "yCenter": 0.23098771, 
  "height": 0.46416494
}