{
  "width": 0.26663953, 
  "rotation": -0.76901495, 
  "xCenter": 0.78656876, 
  "yCenter": 0.5549415, 
  "height": 0.47402582
}