{
  "width": 0.191789, 
  "rotation": 0.7001572, 
  "xCenter": 0.34385648, 
  "yCenter": 0.50679725, 
  "height": 0.34095824
}