{
  "width": 0.15839675, 
  "rotation": 0.5924801, 
  "xCenter": 0.364538, 
  "yCenter": 0.63705766, 
  "height": 0.28159422
}