{
  "width": 0.23867528, 
  "rotation": -2.0400107, 
  "xCenter": 0.49673152, 
  "yCenter": 0.68467814, 
  "height": 0.42431158
}