{
  "width": 0.3148631, 
  "rotation": -0.80429685, 
  "xCenter": 0.66416836, 
  "yCenter": 0.50968033, 
  "height": 0.5597566
}