{
  "width": 0.19421495, 
  "rotation": -0.30851173, 
  "xCenter": 0.36545378, 
  "yCenter": 0.4909993, 
  "height": 0.34527102
}