{
  "width": 0.18954676, 
  "rotation": 0.8853208, 
  "xCenter": 0.2447025, 
  "yCenter": 0.44132864, 
  "height": 0.33697206
}