{
  "width": 0.24458607, 
  "rotation": -0.8367332, 
  "xCenter": 0.660797, 
  "yCenter": 0.32368135, 
  "height": 0.43481967
}