{
  "width": 0.30087534, 
  "rotation": -0.5241896, 
  "xCenter": 0.5152901, 
  "yCenter": 0.62311864, 
  "height": 0.53488946
}