{
  "width": 0.33679578, 
  "rotation": -1.701075, 
  "xCenter": 0.47485775, 
  "yCenter": 0.21918851, 
  "height": 0.598748
}