{
  "width": 0.21072157, 
  "rotation": -0.8875028, 
  "xCenter": 0.26769662, 
  "yCenter": 0.55388755, 
  "height": 0.37461612
}