{
  "width": 0.14054331, 
  "rotation": -0.628384, 
  "xCenter": 0.4055931, 
  "yCenter": 0.29530987, 
  "height": 0.24985477
}