{
  "width": 0.17684358, 
  "rotation": 3.0376418, 
  "xCenter": 0.39473128, 
  "yCenter": 0.6755744, 
  "height": 0.3143886
}