{
  "width": 0.23536383, 
  "rotation": -0.47280705, 
  "xCenter": 0.5308596, 
  "yCenter": 0.61010873, 
  "height": 0.41842458
}