{
  "width": 0.1847467, 
  "rotation": 0.7820693, 
  "xCenter": 0.18162987, 
  "yCenter": 0.37181294, 
  "height": 0.32843858
}