{
  "width": 0.34300527, 
  "rotation": -0.8963295, 
  "xCenter": 0.6142157, 
  "yCenter": 0.40885222, 
  "height": 0.6097871
}