{
  "width": 0.31684783, 
  "rotation": -0.72246563, 
  "xCenter": 0.52208763, 
  "yCenter": 0.6885465, 
  "height": 0.56328505
}