{
  "width": 0.19655828, 
  "rotation": -1.3190292, 
  "xCenter": 0.50005525, 
  "yCenter": 0.6844708, 
  "height": 0.34943694
}