{
  "width": 0.31592894, 
  "rotation": -1.3343734, 
  "xCenter": 0.54085916, 
  "yCenter": 0.29649895, 
  "height": 0.56165147
}