{
  "width": 0.28126195, 
  "rotation": 0.22367632, 
  "xCenter": 0.15294263, 
  "yCenter": 0.27934778, 
  "height": 0.5000212
}