{
  "width": 0.3390345, 
  "rotation": -0.8262476, 
  "xCenter": 0.29652297, 
  "yCenter": 0.7558464, 
  "height": 0.602728
}