{
  "width": 0.209919, 
  "rotation": 0.9403629, 
  "xCenter": 0.18703952, 
  "yCenter": 0.4017217, 
  "height": 0.37318933
}