{
  "width": 0.21759373, 
  "rotation": -0.115046024, 
  "xCenter": 0.11259897, 
  "yCenter": 0.34261468, 
  "height": 0.3868333
}