{
  "width": 0.22685401, 
  "rotation": -0.9868258, 
  "xCenter": 0.7022525, 
  "yCenter": 0.48569205, 
  "height": 0.40329602
}