{
  "width": 0.24075374, 
  "rotation": -1.748052, 
  "xCenter": 0.45580876, 
  "yCenter": 0.84202343, 
  "height": 0.42800668
}