{
  "width": 0.29579148, 
  "rotation": -1.0057377, 
  "xCenter": 0.6474371, 
  "yCenter": 0.3736524, 
  "height": 0.5258515
}