{
  "width": 0.22078699, 
  "rotation": -0.106042385, 
  "xCenter": 0.10737106, 
  "yCenter": 0.41669178, 
  "height": 0.3925102
}