{
  "width": 0.23440495, 
  "rotation": 0.32279158, 
  "xCenter": 0.043336913, 
  "yCenter": 0.49492192, 
  "height": 0.4167199
}