{
  "width": 0.17075628, 
  "rotation": -0.55336773, 
  "xCenter": 0.03290472, 
  "yCenter": 0.45946348, 
  "height": 0.30356672
}