{
  "width": 0.25699174, 
  "rotation": -0.85534513, 
  "xCenter": 0.65616775, 
  "yCenter": 0.36981502, 
  "height": 0.45687422
}