{
  "width": 0.15474814, 
  "rotation": -2.98369, 
  "xCenter": 0.74147856, 
  "yCenter": 0.5367773, 
  "height": 0.2751078
}