{
  "width": 0.2798076, 
  "rotation": -0.9906963, 
  "xCenter": 0.7077732, 
  "yCenter": 0.32334396, 
  "height": 0.49743572
}