{
  "width": 0.38474652, 
  "rotation": -0.6011921, 
  "xCenter": 0.6827826, 
  "yCenter": 0.74263746, 
  "height": 0.6839938
}