{
  "width": 0.04849491, 
  "rotation": 1.0266616, 
  "xCenter": 0.18075672, 
  "yCenter": 0.087911546, 
  "height": 0.08621317
}