{
  "width": 0.22982807, 
  "rotation": -0.2506764, 
  "xCenter": 0.28435943, 
  "yCenter": 0.5033125, 
  "height": 0.40858325
}