{
  "width": 0.2729371, 
  "rotation": 0.25438416, 
  "xCenter": 0.154119, 
  "yCenter": 0.28135088, 
  "height": 0.4852215
}