{
  "width": 0.30469462, 
  "rotation": -0.8637558, 
  "xCenter": 0.63973266, 
  "yCenter": 0.49406198, 
  "height": 0.5416793
}