{
  "width": 0.27527565, 
  "rotation": -0.21067286, 
  "xCenter": 0.430641, 
  "yCenter": 0.30408567, 
  "height": 0.48937893
}