{
  "width": 0.272426, 
  "rotation": -1.0044721, 
  "xCenter": 0.6704483, 
  "yCenter": 0.47740418, 
  "height": 0.48431295
}