{
  "width": 0.22148709, 
  "rotation": 0.613492, 
  "xCenter": 0.13471341, 
  "yCenter": 0.3775984, 
  "height": 0.3937548
}