{
  "width": 0.20104511, 
  "rotation": -0.28469706, 
  "xCenter": 0.5429754, 
  "yCenter": 0.48588237, 
  "height": 0.35741353
}