{
  "width": 0.31610987, 
  "rotation": -2.666252, 
  "xCenter": 0.43636742, 
  "yCenter": 0.8522353, 
  "height": 0.5619731
}