{
  "width": 0.2831927, 
  "rotation": -1.4224635, 
  "xCenter": 0.5350871, 
  "yCenter": 0.23157628, 
  "height": 0.5034537
}