{
  "width": 0.22379121, 
  "rotation": -0.0134317875, 
  "xCenter": 0.083277225, 
  "yCenter": 0.39829516, 
  "height": 0.39785105
}