{
  "width": 0.29676393, 
  "rotation": -1.1511911, 
  "xCenter": 0.63989985, 
  "yCenter": 0.3707981, 
  "height": 0.5275803
}