{
  "width": 0.2195745, 
  "rotation": -0.32066834, 
  "xCenter": 0.54587555, 
  "yCenter": 0.56728154, 
  "height": 0.39035466
}