{
  "width": 0.15892138, 
  "rotation": 0.72842455, 
  "xCenter": 0.24988322, 
  "yCenter": 0.3603998, 
  "height": 0.28252688
}