{
  "width": 0.17051974, 
  "rotation": 1.0256486, 
  "xCenter": 0.36751336, 
  "yCenter": 0.71488893, 
  "height": 0.30314618
}