{
  "width": 0.2151998, 
  "rotation": 0.22098148, 
  "xCenter": 0.15469739, 
  "yCenter": 0.4726417, 
  "height": 0.38257742
}