{
  "width": 0.2246404, 
  "rotation": -1.059322, 
  "xCenter": 0.37458324, 
  "yCenter": 0.54879296, 
  "height": 0.39936072
}