{
  "width": 0.18117335, 
  "rotation": -0.47308552, 
  "xCenter": 0.30143523, 
  "yCenter": 0.5152029, 
  "height": 0.32208598
}