{
  "width": 0.17473504, 
  "rotation": 0.09439075, 
  "xCenter": 0.2953546, 
  "yCenter": 0.4282932, 
  "height": 0.31064007
}