{
  "width": 0.20337187, 
  "rotation": -0.31901002, 
  "xCenter": 0.58335125, 
  "yCenter": 0.5719411, 
  "height": 0.36155
}