{
  "width": 0.23437464, 
  "rotation": -0.5425502, 
  "xCenter": 0.40066516, 
  "yCenter": 0.65772176, 
  "height": 0.41666603
}