{
  "width": 0.19651566, 
  "rotation": 0.46390247, 
  "xCenter": 0.6202769, 
  "yCenter": 0.44731128, 
  "height": 0.34936118
}