{
  "width": 0.20955649, 
  "rotation": 0.84950566, 
  "xCenter": 0.10402521, 
  "yCenter": 0.4102022, 
  "height": 0.37254488
}