{
  "width": 0.16849571, 
  "rotation": 0.61460006, 
  "xCenter": 0.18516694, 
  "yCenter": 0.34536162, 
  "height": 0.2995479
}