{
  "width": 0.2685183, 
  "rotation": -0.15484405, 
  "xCenter": 0.4595278, 
  "yCenter": 0.33000576, 
  "height": 0.47736588
}