{
  "width": 0.27540445, 
  "rotation": 0.17637718, 
  "xCenter": 0.08924319, 
  "yCenter": 0.5795235, 
  "height": 0.48960793
}