{
  "width": 0.2091748, 
  "rotation": 0.67387336, 
  "xCenter": 0.14983952, 
  "yCenter": 0.48059383, 
  "height": 0.3718663
}