{
  "width": 0.22246395, 
  "rotation": -2.1722405, 
  "xCenter": 0.4794231, 
  "yCenter": 0.64519733, 
  "height": 0.39549148
}