{
  "width": 0.22796878, 
  "rotation": -2.4877336, 
  "xCenter": 0.3033578, 
  "yCenter": 0.57333934, 
  "height": 0.40527785
}