{
  "width": 0.31023937, 
  "rotation": -1.1131014, 
  "xCenter": 0.63849413, 
  "yCenter": 0.43759364, 
  "height": 0.5515367
}