{
  "width": 0.34109026, 
  "rotation": -2.1031926, 
  "xCenter": 0.4992536, 
  "yCenter": 0.20944715, 
  "height": 0.6063827
}