{
  "width": 0.17656359, 
  "rotation": 0.77317923, 
  "xCenter": 0.14475945, 
  "yCenter": 0.2639907, 
  "height": 0.3138908
}