{
  "width": 0.25064838, 
  "rotation": 0.06903541, 
  "xCenter": 0.072053716, 
  "yCenter": 0.3758836, 
  "height": 0.4455971
}