{
  "width": 0.29171616, 
  "rotation": -2.106261, 
  "xCenter": 0.5421971, 
  "yCenter": 0.31602016, 
  "height": 0.51860654
}