{
  "width": 0.21501274, 
  "rotation": -2.3551552, 
  "xCenter": 0.30749154, 
  "yCenter": 0.5889531, 
  "height": 0.38224488
}