{
  "width": 0.16956061, 
  "rotation": 2.2222526, 
  "xCenter": 0.16261481, 
  "yCenter": 0.52182144, 
  "height": 0.3014411
}