{
  "width": 0.37036496, 
  "rotation": -0.6645855, 
  "xCenter": 0.859592, 
  "yCenter": 0.6240046, 
  "height": 0.6584266
}