{
  "width": 0.29941916, 
  "rotation": -0.7807776, 
  "xCenter": 0.66622347, 
  "yCenter": 0.45737317, 
  "height": 0.5323007
}