{
  "width": 0.27433658, 
  "rotation": -0.26708412, 
  "xCenter": 0.44243556, 
  "yCenter": 0.29124865, 
  "height": 0.48770946
}