{
  "width": 0.27847955, 
  "rotation": 0.0980885, 
  "xCenter": 0.14579973, 
  "yCenter": 0.27501667, 
  "height": 0.49507475
}