{
  "width": 0.23726086, 
  "rotation": -1.1460654, 
  "xCenter": 0.7623892, 
  "yCenter": 0.20823005, 
  "height": 0.4217971
}