{
  "width": 0.29850283, 
  "rotation": 0.18315601, 
  "xCenter": 0.17850393, 
  "yCenter": 0.31012428, 
  "height": 0.5306717
}