{
  "width": 0.17057046, 
  "rotation": 0.00013685226, 
  "xCenter": 0.02688483, 
  "yCenter": 0.49976707, 
  "height": 0.30323637
}