{
  "width": 0.21585177, 
  "rotation": -0.8533443, 
  "xCenter": 0.5071273, 
  "yCenter": 0.63337195, 
  "height": 0.38373646
}