{
  "width": 0.1944846, 
  "rotation": -0.24915957, 
  "xCenter": 0.33402953, 
  "yCenter": 0.48342165, 
  "height": 0.3457504
}