{
  "width": 0.3360739, 
  "rotation": -0.9321662, 
  "xCenter": 0.6360666, 
  "yCenter": 0.4573524, 
  "height": 0.5974647
}