{
  "width": 0.14730781, 
  "rotation": -0.08254242, 
  "xCenter": 0.648058, 
  "yCenter": 0.52957183, 
  "height": 0.26188055
}