{
  "width": 0.15757382, 
  "rotation": 0.30233073, 
  "xCenter": 0.10111941, 
  "yCenter": 0.19788177, 
  "height": 0.28013122
}