{
  "width": 0.16393581, 
  "rotation": 2.9158573, 
  "xCenter": 0.39095357, 
  "yCenter": 0.6269313, 
  "height": 0.29144144
}