{
  "width": 0.1489056, 
  "rotation": -0.37309885, 
  "xCenter": 0.35669285, 
  "yCenter": 0.37034044, 
  "height": 0.2647211
}