{
  "width": 0.2064689, 
  "rotation": -0.2161026, 
  "xCenter": 0.2952834, 
  "yCenter": 0.43819973, 
  "height": 0.36705583
}