{
  "width": 0.26731604, 
  "rotation": 0.16340744, 
  "xCenter": 0.16892362, 
  "yCenter": 0.30600768, 
  "height": 0.47522855
}