{
  "width": 0.40040693, 
  "rotation": -0.46469462, 
  "xCenter": 0.1748427, 
  "yCenter": 0.76612663, 
  "height": 0.71183455
}