{
  "width": 0.15248735, 
  "rotation": -0.7100204, 
  "xCenter": 0.5706354, 
  "yCenter": 0.78692484, 
  "height": 0.27108863
}