{
  "width": 0.23834084, 
  "rotation": -1.9784774, 
  "xCenter": 0.49987838, 
  "yCenter": 0.74006534, 
  "height": 0.42371705
}