{
  "width": 0.3117459, 
  "rotation": -1.6056088, 
  "xCenter": 0.47592768, 
  "yCenter": 0.19725427, 
  "height": 0.55421495
}