{
  "width": 0.22990558, 
  "rotation": -0.30104756, 
  "xCenter": 0.5410982, 
  "yCenter": 0.4609198, 
  "height": 0.408721
}