{
  "width": 0.30315048, 
  "rotation": -0.67531264, 
  "xCenter": 0.71365947, 
  "yCenter": 0.51042753, 
  "height": 0.5389342
}