{
  "width": 0.2659468, 
  "rotation": -0.93005645, 
  "xCenter": 0.61257654, 
  "yCenter": 0.25677264, 
  "height": 0.4727943
}