{
  "width": 0.260687, 
  "rotation": -0.9389092, 
  "xCenter": 0.7052104, 
  "yCenter": 0.48422378, 
  "height": 0.46344352
}