{
  "width": 0.21473211, 
  "rotation": -0.7014319, 
  "xCenter": 0.74112916, 
  "yCenter": 0.514064, 
  "height": 0.38174596
}