{
  "width": 0.27064916, 
  "rotation": 0.37496758, 
  "xCenter": 0.19037963, 
  "yCenter": 0.2523973, 
  "height": 0.4811541
}