{
  "width": 0.39659, 
  "rotation": -0.47442353, 
  "xCenter": 0.68414, 
  "yCenter": 0.729203, 
  "height": 0.70504886
}