{
  "width": 0.22375302, 
  "rotation": -0.8530091, 
  "xCenter": 0.5023948, 
  "yCenter": 0.76943517, 
  "height": 0.39778313
}