{
  "width": 0.23495547, 
  "rotation": -0.59581983, 
  "xCenter": 0.40382507, 
  "yCenter": 0.70520234, 
  "height": 0.41769862
}