{
  "width": 0.2634474, 
  "rotation": -0.20021975, 
  "xCenter": 0.44704866, 
  "yCenter": 0.29307765, 
  "height": 0.46835095
}