{
  "width": 0.2302355, 
  "rotation": -2.1136825, 
  "xCenter": 0.5132352, 
  "yCenter": 0.7193761, 
  "height": 0.40930754
}