{
  "width": 0.2881222, 
  "rotation": -0.9361049, 
  "xCenter": 0.7079627, 
  "yCenter": 0.41113448, 
  "height": 0.5122172
}