{
  "width": 0.11515872, 
  "rotation": -2.9593163, 
  "xCenter": 0.38349608, 
  "yCenter": 0.5788798, 
  "height": 0.20472662
}