{
  "width": 0.3183447, 
  "rotation": -0.7961458, 
  "xCenter": 0.24137625, 
  "yCenter": 0.8569795, 
  "height": 0.56594616
}