{
  "width": 0.15125099, 
  "rotation": 0.22115481, 
  "xCenter": 0.36266536, 
  "yCenter": 0.6115124, 
  "height": 0.26889065
}