{
  "width": 0.18556201, 
  "rotation": 0.97457474, 
  "xCenter": 0.15802541, 
  "yCenter": 0.42006066, 
  "height": 0.329888
}