{
  "width": 0.15505481, 
  "rotation": -1.3801681, 
  "xCenter": 0.65544564, 
  "yCenter": 0.15834905, 
  "height": 0.275653
}