{
  "width": 0.19231616, 
  "rotation": 0.7502701, 
  "xCenter": 0.15916818, 
  "yCenter": 0.4922854, 
  "height": 0.3418954
}