{
  "width": 0.20757584, 
  "rotation": -0.27136934, 
  "xCenter": 0.12524989, 
  "yCenter": 0.61812633, 
  "height": 0.36902374
}