{
  "width": 0.18988542, 
  "rotation": 0.19898987, 
  "xCenter": 0.121714234, 
  "yCenter": 0.42765275, 
  "height": 0.33757406
}