{
  "width": 0.1918579, 
  "rotation": -0.59162366, 
  "xCenter": 0.07686552, 
  "yCenter": 0.5406283, 
  "height": 0.3410807
}