{
  "width": 0.21169434, 
  "rotation": 0.0120995045, 
  "xCenter": 0.072460644, 
  "yCenter": 0.3819362, 
  "height": 0.3763455
}