{
  "width": 0.17679244, 
  "rotation": -0.67757165, 
  "xCenter": 0.34145924, 
  "yCenter": 0.7219725, 
  "height": 0.3142977
}