{
  "width": 0.21487299, 
  "rotation": -2.22428, 
  "xCenter": 0.4915828, 
  "yCenter": 0.97264737, 
  "height": 0.3819964
}