{
  "width": 0.20719306, 
  "rotation": -0.4583565, 
  "xCenter": 0.05154543, 
  "yCenter": 0.48898914, 
  "height": 0.36834323
}