{
  "width": 0.21793035, 
  "rotation": -1.4222895, 
  "xCenter": 0.6852961, 
  "yCenter": 0.6508523, 
  "height": 0.3874317
}