{
  "width": 0.19377291, 
  "rotation": -0.71515906, 
  "xCenter": 0.083573595, 
  "yCenter": 0.65667224, 
  "height": 0.34448516
}