{
  "width": 0.26518726, 
  "rotation": -0.97810805, 
  "xCenter": 0.6773267, 
  "yCenter": 0.44633332, 
  "height": 0.47144407
}