{
  "width": 0.2374857, 
  "rotation": -0.12821198, 
  "xCenter": 0.32798806, 
  "yCenter": 0.57830423, 
  "height": 0.4221968
}