{
  "width": 0.26211724, 
  "rotation": -0.89727557, 
  "xCenter": 0.67373717, 
  "yCenter": 0.45297706, 
  "height": 0.4659862
}