{
  "width": 0.15692812, 
  "rotation": -0.2564695, 
  "xCenter": 0.35258123, 
  "yCenter": 0.34538832, 
  "height": 0.27898332
}