{
  "width": 0.17491534, 
  "rotation": 0.6664682, 
  "xCenter": 0.18341063, 
  "yCenter": 0.34402418, 
  "height": 0.31096062
}