{
  "width": 0.29118297, 
  "rotation": -0.8404707, 
  "xCenter": 0.69659805, 
  "yCenter": 0.35273957, 
  "height": 0.51765865
}