{
  "width": 0.2342041, 
  "rotation": -2.148905, 
  "xCenter": 0.4740106, 
  "yCenter": 0.9023081, 
  "height": 0.41636285
}