{
  "width": 0.27508008, 
  "rotation": -0.21865618, 
  "xCenter": 0.44810623, 
  "yCenter": 0.29196894, 
  "height": 0.48903126
}