{
  "width": 0.20692351, 
  "rotation": 0.48437405, 
  "xCenter": 0.32667634, 
  "yCenter": 0.6527639, 
  "height": 0.367864
}