{
  "width": 0.19208169, 
  "rotation": -0.08967173, 
  "xCenter": 0.29697454, 
  "yCenter": 0.60357386, 
  "height": 0.34147856
}