{
  "width": 0.3816232, 
  "rotation": -0.43777883, 
  "xCenter": 0.6818713, 
  "yCenter": 0.7453353, 
  "height": 0.6784413
}