{
  "width": 0.30218762, 
  "rotation": -1.0081564, 
  "xCenter": 0.6686981, 
  "yCenter": 0.4076074, 
  "height": 0.53722245
}