{
  "width": 0.26345298, 
  "rotation": -0.9117509, 
  "xCenter": 0.67297846, 
  "yCenter": 0.3271412, 
  "height": 0.46836084
}