{
  "width": 0.17697029, 
  "rotation": -0.28881526, 
  "xCenter": 0.19968879, 
  "yCenter": 0.60327226, 
  "height": 0.31461385
}