{
  "width": 0.2507948, 
  "rotation": 0.51178443, 
  "xCenter": 0.07153921, 
  "yCenter": 0.4196277, 
  "height": 0.4458574
}