{
  "width": 0.18350565, 
  "rotation": -2.0348628, 
  "xCenter": 0.5143313, 
  "yCenter": 0.56371164, 
  "height": 0.32623228
}