{
  "width": 0.25583005, 
  "rotation": -0.5960094, 
  "xCenter": 0.41851413, 
  "yCenter": 0.7337801, 
  "height": 0.454809
}