{
  "width": 0.23260222, 
  "rotation": -0.50882304, 
  "xCenter": 0.5266575, 
  "yCenter": 0.62569624, 
  "height": 0.41351506
}