{
  "width": 0.21843961, 
  "rotation": 0.6426319, 
  "xCenter": 0.13847463, 
  "yCenter": 0.51737803, 
  "height": 0.38833708
}