{
  "width": 0.21515681, 
  "rotation": -0.19211125, 
  "xCenter": 0.10946252, 
  "yCenter": 0.4117524, 
  "height": 0.38250098
}