{
  "width": 0.24427061, 
  "rotation": -0.73437774, 
  "xCenter": 0.7633226, 
  "yCenter": 0.21090452, 
  "height": 0.43425888
}