{
  "width": 0.18959206, 
  "rotation": 2.9804568, 
  "xCenter": 0.3642975, 
  "yCenter": 0.65445983, 
  "height": 0.33705255
}