{
  "width": 0.35346356, 
  "rotation": -0.39891744, 
  "xCenter": 0.6633877, 
  "yCenter": 0.85263306, 
  "height": 0.62837964
}