{
  "width": 0.2048575, 
  "rotation": 2.8037062, 
  "xCenter": 0.33420795, 
  "yCenter": 0.5837856, 
  "height": 0.36419111
}