{
  "width": 0.35786942, 
  "rotation": -0.4589082, 
  "xCenter": 0.1805714, 
  "yCenter": 0.7335887, 
  "height": 0.6362123
}