{
  "width": 0.19395795, 
  "rotation": -1.0664693, 
  "xCenter": 0.5267067, 
  "yCenter": 0.23864001, 
  "height": 0.34481412
}