{
  "width": 0.22568536, 
  "rotation": -0.3967893, 
  "xCenter": 0.5160132, 
  "yCenter": 0.48715037, 
  "height": 0.40121844
}