{
  "width": 0.28872257, 
  "rotation": -0.9249507, 
  "xCenter": 0.7068356, 
  "yCenter": 0.407974, 
  "height": 0.51328456
}