{
  "width": 0.22065993, 
  "rotation": -0.28868544, 
  "xCenter": 0.52843165, 
  "yCenter": 0.5471984, 
  "height": 0.39228433
}