{
  "width": 0.24332514, 
  "rotation": 0.14082563, 
  "xCenter": 0.05348772, 
  "yCenter": 0.50390345, 
  "height": 0.43257803
}