{
  "width": 0.27519077, 
  "rotation": -0.31414652, 
  "xCenter": 0.505702, 
  "yCenter": 0.29896328, 
  "height": 0.48922807
}