{
  "width": 0.26372474, 
  "rotation": -0.38993263, 
  "xCenter": 0.46348327, 
  "yCenter": 0.26925558, 
  "height": 0.46884397
}