{
  "width": 0.17604192, 
  "rotation": 3.0930817, 
  "xCenter": 0.35260516, 
  "yCenter": 0.65027726, 
  "height": 0.3129634
}