{
  "width": 0.3143298, 
  "rotation": -2.6684406, 
  "xCenter": 0.4437194, 
  "yCenter": 0.85352004, 
  "height": 0.5588085
}