{
  "width": 0.23730195, 
  "rotation": 0.10490596, 
  "xCenter": 0.10204184, 
  "yCenter": 0.32564527, 
  "height": 0.4218701
}