{
  "width": 0.25606763, 
  "rotation": -1.4294299, 
  "xCenter": 0.44984314, 
  "yCenter": 0.66849625, 
  "height": 0.45523134
}