{
  "width": 0.13120636, 
  "rotation": -0.35783386, 
  "xCenter": 0.28093156, 
  "yCenter": 0.6378413, 
  "height": 0.23325577
}