{
  "width": 0.24295206, 
  "rotation": -0.6783997, 
  "xCenter": 0.5328552, 
  "yCenter": 0.67261994, 
  "height": 0.43191475
}