{
  "width": 0.23877236, 
  "rotation": -0.4953617, 
  "xCenter": 0.29352227, 
  "yCenter": 0.47251698, 
  "height": 0.4244842
}