{
  "width": 0.15546656, 
  "rotation": 0.65809035, 
  "xCenter": 0.1912877, 
  "yCenter": 0.33791497, 
  "height": 0.27638498
}