{
  "width": 0.26158124, 
  "rotation": -0.8466276, 
  "xCenter": 0.5225251, 
  "yCenter": 0.77167535, 
  "height": 0.4650333
}