{
  "width": 0.088764586, 
  "rotation": -0.6622788, 
  "xCenter": 0.57432556, 
  "yCenter": 0.8192417, 
  "height": 0.1578037
}