{
  "width": 0.17712517, 
  "rotation": 0.014939308, 
  "xCenter": 0.295424, 
  "yCenter": 0.43290776, 
  "height": 0.3148892
}