{
  "width": 0.32497796, 
  "rotation": -2.4107177, 
  "xCenter": 0.42653868, 
  "yCenter": 0.7684928, 
  "height": 0.57773864
}