{
  "width": 0.35989287, 
  "rotation": -0.7131022, 
  "xCenter": 0.8611197, 
  "yCenter": 0.66577184, 
  "height": 0.63980955
}