{
  "width": 0.17278999, 
  "rotation": -1.1403598, 
  "xCenter": 0.33115703, 
  "yCenter": 0.76038235, 
  "height": 0.3071822
}