{
  "width": 0.13316989, 
  "rotation": -2.7330492, 
  "xCenter": 0.33518216, 
  "yCenter": 0.8119078, 
  "height": 0.23674648
}