{
  "width": 0.26975027, 
  "rotation": -0.96672714, 
  "xCenter": 0.6723495, 
  "yCenter": 0.34520656, 
  "height": 0.47955602
}