{
  "width": 0.29735383, 
  "rotation": -2.101186, 
  "xCenter": 0.5299089, 
  "yCenter": 0.27207267, 
  "height": 0.528629
}