{
  "width": 0.22617236, 
  "rotation": -0.3794458, 
  "xCenter": 0.34358492, 
  "yCenter": 0.46762127, 
  "height": 0.40208417
}