{
  "width": 0.20450471, 
  "rotation": -0.48752797, 
  "xCenter": 0.05110716, 
  "yCenter": 0.4829944, 
  "height": 0.36356393
}