{
  "width": 0.19072235, 
  "rotation": -0.18233645, 
  "xCenter": 0.3397383, 
  "yCenter": 0.44133148, 
  "height": 0.33906195
}