{
  "width": 0.2262655, 
  "rotation": -1.1732844, 
  "xCenter": 0.4511813, 
  "yCenter": 0.87216663, 
  "height": 0.40224978
}