{
  "width": 0.15627477, 
  "rotation": -0.0038108826, 
  "xCenter": 0.5506209, 
  "yCenter": 0.3862351, 
  "height": 0.2778218
}