{
  "width": 0.22051828, 
  "rotation": -1.112065, 
  "xCenter": 0.72552365, 
  "yCenter": 0.3428403, 
  "height": 0.3920325
}