{
  "width": 0.37059462, 
  "rotation": -0.471676, 
  "xCenter": 0.66452044, 
  "yCenter": 0.73657376, 
  "height": 0.65883493
}