{
  "width": 0.20635667, 
  "rotation": -0.17405915, 
  "xCenter": 0.6079881, 
  "yCenter": 0.55250275, 
  "height": 0.3668563
}