{
  "width": 0.22477235, 
  "rotation": -0.017614603, 
  "xCenter": 0.32100794, 
  "yCenter": 0.615728, 
  "height": 0.3995953
}