{
  "width": 0.3391022, 
  "rotation": -0.1768769, 
  "xCenter": 0.22514719, 
  "yCenter": 0.7641228, 
  "height": 0.6028484
}