{
  "width": 0.14710088, 
  "rotation": -2.3705018, 
  "xCenter": 0.06109998, 
  "yCenter": 0.9169657, 
  "height": 0.26151267
}