{
  "width": 0.18592758, 
  "rotation": 0.18652153, 
  "xCenter": 0.4116318, 
  "yCenter": 0.396789, 
  "height": 0.33053792
}