{
  "width": 0.18627271, 
  "rotation": 0.7436018, 
  "xCenter": 0.14209016, 
  "yCenter": 0.26073113, 
  "height": 0.3311515
}