{
  "width": 0.28606123, 
  "rotation": 0.22472811, 
  "xCenter": 0.1309711, 
  "yCenter": 0.65157866, 
  "height": 0.5085533
}