{
  "width": 0.20562601, 
  "rotation": -0.56172454, 
  "xCenter": 0.45541155, 
  "yCenter": 0.5454936, 
  "height": 0.36555734
}