{
  "width": 0.2765006, 
  "rotation": -0.23532271, 
  "xCenter": 0.44475636, 
  "yCenter": 0.3195632, 
  "height": 0.49155664
}