{
  "width": 0.26692295, 
  "rotation": -0.9492575, 
  "xCenter": 0.73444754, 
  "yCenter": 0.45972002, 
  "height": 0.4745297
}