{
  "width": 0.2622828, 
  "rotation": -0.69256413, 
  "xCenter": 0.6520563, 
  "yCenter": 0.3910035, 
  "height": 0.46628052
}