{
  "width": 0.19506443, 
  "rotation": -0.82410896, 
  "xCenter": 0.56445396, 
  "yCenter": 0.73842955, 
  "height": 0.3467812
}