{
  "width": 0.21396041, 
  "rotation": -0.18810797, 
  "xCenter": 0.29256034, 
  "yCenter": 0.46406522, 
  "height": 0.38037407
}