{
  "width": 0.1970352, 
  "rotation": 1.0122856, 
  "xCenter": 0.38537067, 
  "yCenter": 0.5975075, 
  "height": 0.35028479
}