{
  "width": 0.21436898, 
  "rotation": -2.2397559, 
  "xCenter": 0.4837398, 
  "yCenter": 0.6647373, 
  "height": 0.38110042
}