{
  "width": 0.23746246, 
  "rotation": -0.555807, 
  "xCenter": 0.4035611, 
  "yCenter": 0.47193626, 
  "height": 0.4221555
}