{
  "width": 0.21226928, 
  "rotation": 0.6322543, 
  "xCenter": 0.15048936, 
  "yCenter": 0.51943606, 
  "height": 0.37736762
}