{
  "width": 0.27124467, 
  "rotation": -1.7312478, 
  "xCenter": 0.5322946, 
  "yCenter": 0.2806573, 
  "height": 0.48221275
}