{
  "width": 0.23047733, 
  "rotation": -2.4532058, 
  "xCenter": 0.3039384, 
  "yCenter": 0.5794146, 
  "height": 0.40973747
}