{
  "width": 0.21629606, 
  "rotation": -0.43106377, 
  "xCenter": 0.5450432, 
  "yCenter": 0.58768034, 
  "height": 0.38452634
}