{
  "width": 0.18037307, 
  "rotation": -0.8641809, 
  "xCenter": 0.5619677, 
  "yCenter": 0.7551011, 
  "height": 0.32066324
}