{
  "width": 0.2312329, 
  "rotation": -1.1855351, 
  "xCenter": 0.42559582, 
  "yCenter": 0.84479874, 
  "height": 0.4110807
}