{
  "width": 0.27197582, 
  "rotation": -0.2317493, 
  "xCenter": 0.44519, 
  "yCenter": 0.29097396, 
  "height": 0.48351258
}