{
  "width": 0.3405677, 
  "rotation": -2.5364888, 
  "xCenter": 0.6595306, 
  "yCenter": 0.7254948, 
  "height": 0.6054537
}