{
  "width": 0.18413977, 
  "rotation": -0.16501534, 
  "xCenter": 0.07967319, 
  "yCenter": 0.43883577, 
  "height": 0.3273596
}