{
  "width": 0.21318915, 
  "rotation": -0.7581922, 
  "xCenter": 0.7549172, 
  "yCenter": 0.22997828, 
  "height": 0.37900293
}