{
  "width": 0.22930458, 
  "rotation": -0.75704706, 
  "xCenter": 0.72951627, 
  "yCenter": 0.53093404, 
  "height": 0.4076526
}