{
  "width": 0.14232287, 
  "rotation": 0.5885004, 
  "xCenter": 0.15620653, 
  "yCenter": 0.39333016, 
  "height": 0.25301844
}