{
  "width": 0.3023327, 
  "rotation": -0.89370835, 
  "xCenter": 0.61794114, 
  "yCenter": 0.44190502, 
  "height": 0.53748035
}