{
  "width": 0.194499, 
  "rotation": -0.7277719, 
  "xCenter": 0.08087796, 
  "yCenter": 0.67790234, 
  "height": 0.34577602
}