{
  "width": 0.10980749, 
  "rotation": -2.0288994, 
  "xCenter": 0.47725448, 
  "yCenter": 0.6426121, 
  "height": 0.19521332
}