{
  "width": 0.37450746, 
  "rotation": -0.3474114, 
  "xCenter": 0.22372814, 
  "yCenter": 0.714509, 
  "height": 0.66579103
}