{
  "width": 0.13075133, 
  "rotation": -1.6051615, 
  "xCenter": 0.51881635, 
  "yCenter": 0.22851236, 
  "height": 0.2324468
}