{
  "width": 0.16551933, 
  "rotation": -1.047969, 
  "xCenter": 0.33704862, 
  "yCenter": 0.72270554, 
  "height": 0.2942566
}