{
  "width": 0.21929948, 
  "rotation": -0.69926345, 
  "xCenter": 0.7630618, 
  "yCenter": 0.20282313, 
  "height": 0.38986576
}