{
  "width": 0.28865314, 
  "rotation": -0.82336485, 
  "xCenter": 0.7036808, 
  "yCenter": 0.3463999, 
  "height": 0.5131611
}