{
  "width": 0.093810834, 
  "rotation": 0.0032702684, 
  "xCenter": 0.12575756, 
  "yCenter": 0.593096, 
  "height": 0.16677481
}