{
  "width": 0.28591567, 
  "rotation": -0.059383273, 
  "xCenter": 0.1049656, 
  "yCenter": 0.29559627, 
  "height": 0.5082945
}