{
  "width": 0.2165132, 
  "rotation": -0.49954903, 
  "xCenter": 0.15120304, 
  "yCenter": 0.6417613, 
  "height": 0.38491234
}