{
  "width": 0.38265008, 
  "rotation": -0.38052678, 
  "xCenter": 0.69200855, 
  "yCenter": 0.734128, 
  "height": 0.6802668
}