{
  "width": 0.21699266, 
  "rotation": -1.9615692, 
  "xCenter": 0.57987475, 
  "yCenter": 0.4639581, 
  "height": 0.38576475
}