{
  "width": 0.2571433, 
  "rotation": -0.6884891, 
  "xCenter": 0.3296752, 
  "yCenter": 0.47189483, 
  "height": 0.45714363
}