{
  "width": 0.22312026, 
  "rotation": 0.7114551, 
  "xCenter": 0.08654875, 
  "yCenter": 0.3602354, 
  "height": 0.39665827
}