{
  "width": 0.23797356, 
  "rotation": -0.47000158, 
  "xCenter": 0.16521972, 
  "yCenter": 0.56585765, 
  "height": 0.4230641
}