{
  "width": 0.22354658, 
  "rotation": 0.45545185, 
  "xCenter": 0.12512486, 
  "yCenter": 0.44179606, 
  "height": 0.39741614
}