{
  "width": 0.08693105, 
  "rotation": 1.7686393, 
  "xCenter": 0.37598744, 
  "yCenter": 0.75675744, 
  "height": 0.15454409
}