{
  "width": 0.20687981, 
  "rotation": -0.26420665, 
  "xCenter": 0.56051624, 
  "yCenter": 0.54376936, 
  "height": 0.36778635
}