{
  "width": 0.19009277, 
  "rotation": -0.29324412, 
  "xCenter": 0.5710889, 
  "yCenter": 0.6363308, 
  "height": 0.33794272
}