{
  "width": 0.19493937, 
  "rotation": -0.32874572, 
  "xCenter": 0.060252294, 
  "yCenter": 0.47788644, 
  "height": 0.3465589
}