{
  "width": 0.22321387, 
  "rotation": -2.0514138, 
  "xCenter": 0.51355773, 
  "yCenter": 0.7236077, 
  "height": 0.39682466
}