{
  "width": 0.33491278, 
  "rotation": -0.68619907, 
  "xCenter": 0.8043205, 
  "yCenter": 0.6091953, 
  "height": 0.5954005
}