{
  "width": 0.18416625, 
  "rotation": 2.8796315, 
  "xCenter": 0.3320923, 
  "yCenter": 0.7550941, 
  "height": 0.32740667
}