{
  "width": 0.24128872, 
  "rotation": -0.71405256, 
  "xCenter": 0.7537278, 
  "yCenter": 0.51755387, 
  "height": 0.42895773
}