{
  "width": 0.1552098, 
  "rotation": -0.6544477, 
  "xCenter": 0.39949307, 
  "yCenter": 0.35028774, 
  "height": 0.27592853
}