{
  "width": 0.251786, 
  "rotation": 0.07429063, 
  "xCenter": 0.08584264, 
  "yCenter": 0.3712515, 
  "height": 0.44761956
}