{
  "width": 0.2049136, 
  "rotation": -1.4276205, 
  "xCenter": 0.48276857, 
  "yCenter": 0.70210814, 
  "height": 0.36429083
}