{
  "width": 0.16800019, 
  "rotation": 0.8881377, 
  "xCenter": 0.07060198, 
  "yCenter": 0.41172037, 
  "height": 0.29866698
}