{
  "width": 0.18127242, 
  "rotation": 1.0202472, 
  "xCenter": 0.2523786, 
  "yCenter": 0.40093163, 
  "height": 0.32226205
}