{
  "width": 0.19578941, 
  "rotation": 0.90641665, 
  "xCenter": 0.18573259, 
  "yCenter": 0.37869695, 
  "height": 0.34807006
}