{
  "width": 0.1279361, 
  "rotation": -0.20923269, 
  "xCenter": 0.03536942, 
  "yCenter": 0.5209371, 
  "height": 0.22744195
}