{
  "width": 0.07446524, 
  "rotation": 1.2553551, 
  "xCenter": 0.16625999, 
  "yCenter": 0.079384066, 
  "height": 0.13238265
}