{
  "width": 0.28938958, 
  "rotation": -1.0871583, 
  "xCenter": 0.6460058, 
  "yCenter": 0.41891032, 
  "height": 0.51447034
}