{
  "width": 0.14033976, 
  "rotation": -0.4494506, 
  "xCenter": 0.35493967, 
  "yCenter": 0.37823072, 
  "height": 0.24949291
}