{
  "width": 0.07249297, 
  "rotation": 1.3720653, 
  "xCenter": 0.1720454, 
  "yCenter": 0.08200072, 
  "height": 0.12887639
}