{
  "width": 0.21924363, 
  "rotation": -0.85766757, 
  "xCenter": 0.69869995, 
  "yCenter": 0.4858843, 
  "height": 0.38976645
}