{
  "width": 0.31933653, 
  "rotation": -0.67304265, 
  "xCenter": 0.27159828, 
  "yCenter": 0.6830428, 
  "height": 0.5677094
}