{
  "width": 0.28985992, 
  "rotation": -0.94099224, 
  "xCenter": 0.6748387, 
  "yCenter": 0.35685158, 
  "height": 0.51530653
}