{
  "width": 0.3475872, 
  "rotation": -0.66880906, 
  "xCenter": 0.65928686, 
  "yCenter": 0.50007945, 
  "height": 0.6179328
}