{
  "width": 0.28492546, 
  "rotation": 0.18422031, 
  "xCenter": 0.14241348, 
  "yCenter": 0.2856028, 
  "height": 0.5065341
}