{
  "width": 0.2962804, 
  "rotation": -1.6720461, 
  "xCenter": 0.5301912, 
  "yCenter": 0.20693219, 
  "height": 0.52672076
}