{
  "width": 0.15329373, 
  "rotation": -0.4416057, 
  "xCenter": 0.35174194, 
  "yCenter": 0.39447448, 
  "height": 0.27252218
}