{
  "width": 0.22557068, 
  "rotation": -0.49639237, 
  "xCenter": 0.5140595, 
  "yCenter": 0.50090396, 
  "height": 0.40101457
}