{
  "width": 0.15784897, 
  "rotation": -0.8882903, 
  "xCenter": 0.1582038, 
  "yCenter": 0.61950696, 
  "height": 0.2806204
}