{
  "width": 0.25172687, 
  "rotation": -2.0407908, 
  "xCenter": 0.5007833, 
  "yCenter": 0.75808114, 
  "height": 0.44751444
}