{
  "width": 0.23488884, 
  "rotation": -0.8799952, 
  "xCenter": 0.47794077, 
  "yCenter": 0.5529199, 
  "height": 0.41758016
}