{
  "width": 0.15959498, 
  "rotation": -0.15883577, 
  "xCenter": 0.5815625, 
  "yCenter": 0.5004609, 
  "height": 0.28372443
}