{
  "width": 0.175493, 
  "rotation": -2.2546618, 
  "xCenter": 0.68610686, 
  "yCenter": 0.40785813, 
  "height": 0.31198758
}