{
  "width": 0.2684719, 
  "rotation": -1.8988093, 
  "xCenter": 0.61032444, 
  "yCenter": 0.3726641, 
  "height": 0.4772834
}