{
  "width": 0.28740135, 
  "rotation": -0.2610072, 
  "xCenter": 0.44352037, 
  "yCenter": 0.28527498, 
  "height": 0.5109357
}