{
  "width": 0.18916589, 
  "rotation": -0.23904741, 
  "xCenter": 0.29033414, 
  "yCenter": 0.44311112, 
  "height": 0.3362949
}