{
  "width": 0.16268775, 
  "rotation": -0.023787618, 
  "xCenter": 0.36179334, 
  "yCenter": 0.78621256, 
  "height": 0.28922266
}