{
  "width": 0.0643621, 
  "rotation": 1.4823273, 
  "xCenter": 0.17443928, 
  "yCenter": 0.08190346, 
  "height": 0.11442152
}