{
  "width": 0.28255892, 
  "rotation": -0.83914196, 
  "xCenter": 0.73095393, 
  "yCenter": 0.39888668, 
  "height": 0.502327
}