{
  "width": 0.2751909, 
  "rotation": -0.22743952, 
  "xCenter": 0.44659555, 
  "yCenter": 0.29041326, 
  "height": 0.48922822
}