{
  "width": 0.14649054, 
  "rotation": -0.46639693, 
  "xCenter": 0.03277511, 
  "yCenter": 0.46724322, 
  "height": 0.26042765
}