{
  "width": 0.16858853, 
  "rotation": 3.0821257, 
  "xCenter": 0.7550556, 
  "yCenter": 0.6170995, 
  "height": 0.29971296
}