{
  "width": 0.13795313, 
  "rotation": -0.3007152, 
  "xCenter": 0.407075, 
  "yCenter": 0.25927156, 
  "height": 0.24525002
}