{
  "width": 0.24548082, 
  "rotation": 0.2704996, 
  "xCenter": 0.09965753, 
  "yCenter": 0.43126434, 
  "height": 0.43641037
}