{
  "width": 0.17428175, 
  "rotation": 0.53495395, 
  "xCenter": 0.15879378, 
  "yCenter": 0.5143374, 
  "height": 0.3098342
}