{
  "width": 0.22906259, 
  "rotation": -0.5262729, 
  "xCenter": 0.29529688, 
  "yCenter": 0.4692968, 
  "height": 0.4072224
}