{
  "width": 0.16916937, 
  "rotation": -0.95337737, 
  "xCenter": 0.54106516, 
  "yCenter": 0.7772462, 
  "height": 0.30074555
}