{
  "width": 0.22862487, 
  "rotation": -1.3124655, 
  "xCenter": 0.3947572, 
  "yCenter": 0.6253556, 
  "height": 0.4064442
}