{
  "width": 0.37313944, 
  "rotation": -0.53172266, 
  "xCenter": 0.8698765, 
  "yCenter": 0.61342394, 
  "height": 0.6633589
}