{
  "width": 0.2955095, 
  "rotation": -0.7621294, 
  "xCenter": 0.713342, 
  "yCenter": 0.31379092, 
  "height": 0.5253502
}