{
  "width": 0.19578536, 
  "rotation": 1.0322627, 
  "xCenter": 0.20298627, 
  "yCenter": 0.46967486, 
  "height": 0.34806284
}