{
  "width": 0.2459813, 
  "rotation": -0.47380483, 
  "xCenter": 0.7664862, 
  "yCenter": 0.20236188, 
  "height": 0.43730012
}