{
  "width": 0.19323894, 
  "rotation": -1.2633642, 
  "xCenter": 0.31993726, 
  "yCenter": 0.7281975, 
  "height": 0.3435359
}