{
  "width": 0.23388182, 
  "rotation": -0.6012775, 
  "xCenter": 0.3495924, 
  "yCenter": 0.62312025, 
  "height": 0.4157899
}