{
  "width": 0.16493027, 
  "rotation": 1.0772023, 
  "xCenter": 0.12177251, 
  "yCenter": 0.42244014, 
  "height": 0.29320937
}