{
  "width": 0.20140368, 
  "rotation": 0.21559513, 
  "xCenter": 0.13446425, 
  "yCenter": 0.42688394, 
  "height": 0.358051
}