{
  "width": 0.23427114, 
  "rotation": -1.4240547, 
  "xCenter": 0.40836215, 
  "yCenter": 0.6676299, 
  "height": 0.416482
}