{
  "width": 0.1682617, 
  "rotation": -0.8578218, 
  "xCenter": 0.043603092, 
  "yCenter": 0.5874826, 
  "height": 0.2991319
}