{
  "width": 0.28740525, 
  "rotation": -0.2854272, 
  "xCenter": 0.42351514, 
  "yCenter": 0.30660585, 
  "height": 0.5109427
}