{
  "width": 0.31556398, 
  "rotation": -1.7241563, 
  "xCenter": 0.57228446, 
  "yCenter": 0.24666406, 
  "height": 0.5610026
}