{
  "width": 0.25306165, 
  "rotation": -0.8538276, 
  "xCenter": 0.66266227, 
  "yCenter": 0.24938238, 
  "height": 0.44988737
}