{
  "width": 0.16727987, 
  "rotation": 0.34264982, 
  "xCenter": 0.19520532, 
  "yCenter": 0.28117028, 
  "height": 0.29738644
}