{
  "width": 0.21931012, 
  "rotation": -0.39673913, 
  "xCenter": 0.5492463, 
  "yCenter": 0.5779063, 
  "height": 0.38988465
}