{
  "width": 0.3552597, 
  "rotation": -0.5755569, 
  "xCenter": 0.8419077, 
  "yCenter": 0.63898575, 
  "height": 0.6315727
}