{
  "width": 0.20617144, 
  "rotation": -0.2911625, 
  "xCenter": 0.563831, 
  "yCenter": 0.54834557, 
  "height": 0.366527
}