{
  "width": 0.26462787, 
  "rotation": 0.17125118, 
  "xCenter": 0.15086167, 
  "yCenter": 0.2900156, 
  "height": 0.47044957
}