{
  "width": 0.21947265, 
  "rotation": 0.6470703, 
  "xCenter": 0.099812455, 
  "yCenter": 0.4152735, 
  "height": 0.3901736
}