{
  "width": 0.28024364, 
  "rotation": -0.8118893, 
  "xCenter": 0.6467437, 
  "yCenter": 0.3914284, 
  "height": 0.49821097
}