{
  "width": 0.24475344, 
  "rotation": -0.5492724, 
  "xCenter": 0.41539738, 
  "yCenter": 0.7252936, 
  "height": 0.43511721
}