{
  "width": 0.20908707, 
  "rotation": -0.39743125, 
  "xCenter": 0.55326456, 
  "yCenter": 0.5256323, 
  "height": 0.37171036
}