{
  "width": 0.17163196, 
  "rotation": -0.7039639, 
  "xCenter": 0.34619784, 
  "yCenter": 0.73179525, 
  "height": 0.30512348
}