{
  "width": 0.20660491, 
  "rotation": -0.33093452, 
  "xCenter": 0.5565398, 
  "yCenter": 0.5417034, 
  "height": 0.3672976
}