{
  "width": 0.2420577, 
  "rotation": -1.1399487, 
  "xCenter": 0.65778327, 
  "yCenter": 0.580691, 
  "height": 0.4303248
}