{
  "width": 0.23764145, 
  "rotation": -0.6515225, 
  "xCenter": 0.42978498, 
  "yCenter": 0.555197, 
  "height": 0.4224737
}