{
  "width": 0.17245083, 
  "rotation": 0.90531015, 
  "xCenter": 0.25998458, 
  "yCenter": 0.44467324, 
  "height": 0.30657926
}