{
  "width": 0.17178077, 
  "rotation": 1.0979191, 
  "xCenter": 0.244931, 
  "yCenter": 0.45457557, 
  "height": 0.30538803
}