{
  "width": 0.20320968, 
  "rotation": -1.145104, 
  "xCenter": 0.40997115, 
  "yCenter": 0.6998106, 
  "height": 0.36126167
}