{
  "width": 0.20191048, 
  "rotation": -0.56310546, 
  "xCenter": 0.5183391, 
  "yCenter": 0.57625747, 
  "height": 0.35895196
}