{
  "width": 0.3793251, 
  "rotation": -0.29037595, 
  "xCenter": 0.23377527, 
  "yCenter": 0.70046055, 
  "height": 0.67435575
}