{
  "width": 0.06950842, 
  "rotation": -2.2338674, 
  "xCenter": 0.38810027, 
  "yCenter": 0.5198427, 
  "height": 0.123570524
}