{
  "width": 0.13659829, 
  "rotation": 1.4037818, 
  "xCenter": 0.17413278, 
  "yCenter": 0.4536255, 
  "height": 0.24284141
}