{
  "width": 0.34082815, 
  "rotation": -0.4454223, 
  "xCenter": 0.36812317, 
  "yCenter": 0.7357099, 
  "height": 0.6059167
}