{
  "width": 0.06841279, 
  "rotation": -0.18574095, 
  "xCenter": 0.33133224, 
  "yCenter": 0.32001242, 
  "height": 0.121622734
}