{
  "width": 0.28537822, 
  "rotation": -0.22980547, 
  "xCenter": 0.4447897, 
  "yCenter": 0.2878608, 
  "height": 0.50733906
}