{
  "width": 0.276711, 
  "rotation": 0.29568613, 
  "xCenter": 0.16063297, 
  "yCenter": 0.2863554, 
  "height": 0.49193066
}