{
  "width": 0.22792624, 
  "rotation": -0.5958992, 
  "xCenter": 0.40566155, 
  "yCenter": 0.6617321, 
  "height": 0.4052022
}