{
  "width": 0.22514182, 
  "rotation": 0.85315835, 
  "xCenter": 0.10590706, 
  "yCenter": 0.4241171, 
  "height": 0.4002521
}