{
  "width": 0.28182927, 
  "rotation": -0.9600173, 
  "xCenter": 0.66894245, 
  "yCenter": 0.47295168, 
  "height": 0.5010298
}