{
  "width": 0.36879402, 
  "rotation": -0.49536002, 
  "xCenter": 0.6623535, 
  "yCenter": 0.7358837, 
  "height": 0.6556338
}