{
  "width": 0.21689348, 
  "rotation": -0.023254871, 
  "xCenter": 0.07379194, 
  "yCenter": 0.461454, 
  "height": 0.3855884
}