{
  "width": 0.21882936, 
  "rotation": 0.13774633, 
  "xCenter": 0.101316914, 
  "yCenter": 0.41834006, 
  "height": 0.38902998
}