{
  "width": 0.07200537, 
  "rotation": 0.39165914, 
  "xCenter": 0.46332213, 
  "yCenter": 0.33782429, 
  "height": 0.12800954
}