{
  "width": 0.3843095, 
  "rotation": -0.47955287, 
  "xCenter": 0.6734391, 
  "yCenter": 0.74732006, 
  "height": 0.6832169
}