{
  "width": 0.2374961, 
  "rotation": -2.1527545, 
  "xCenter": 0.47237915, 
  "yCenter": 0.62305874, 
  "height": 0.42221528
}