{
  "width": 0.16683616, 
  "rotation": 1.0723367, 
  "xCenter": 0.23819809, 
  "yCenter": 0.43466237, 
  "height": 0.2965976
}