{
  "width": 0.27002916, 
  "rotation": 0.1440736, 
  "xCenter": 0.15113407, 
  "yCenter": 0.28577417, 
  "height": 0.48005185
}