{
  "width": 0.25530228, 
  "rotation": 0.11140537, 
  "xCenter": 0.07545389, 
  "yCenter": 0.42279008, 
  "height": 0.45387068
}