{
  "width": 0.17030703, 
  "rotation": 0.01868987, 
  "xCenter": 0.3586908, 
  "yCenter": 0.7616575, 
  "height": 0.30276805
}