{
  "width": 0.27711454, 
  "rotation": -0.7851254, 
  "xCenter": 0.63845736, 
  "yCenter": 0.4880647, 
  "height": 0.49264807
}