{
  "width": 0.21714903, 
  "rotation": -0.97429454, 
  "xCenter": 0.62039036, 
  "yCenter": 0.47818035, 
  "height": 0.3860427
}