{
  "width": 0.2758505, 
  "rotation": -0.9445933, 
  "xCenter": 0.6647232, 
  "yCenter": 0.40236923, 
  "height": 0.4904009
}