{
  "width": 0.22818545, 
  "rotation": -1.2974659, 
  "xCenter": 0.46992648, 
  "yCenter": 0.6704558, 
  "height": 0.40566304
}