{
  "width": 0.13374087, 
  "rotation": -2.9934554, 
  "xCenter": 0.8015639, 
  "yCenter": 0.46954095, 
  "height": 0.23776156
}