{
  "width": 0.21374832, 
  "rotation": -0.16472864, 
  "xCenter": 0.29797933, 
  "yCenter": 0.4442132, 
  "height": 0.37999701
}