{
  "width": 0.23717251, 
  "rotation": -0.96947634, 
  "xCenter": 0.60714954, 
  "yCenter": 0.16930956, 
  "height": 0.42164004
}