{
  "width": 0.291524, 
  "rotation": -1.3376483, 
  "xCenter": 0.5282551, 
  "yCenter": 0.39389393, 
  "height": 0.5182649
}