{
  "width": 0.2416901, 
  "rotation": -0.42043495, 
  "xCenter": 0.406219, 
  "yCenter": 0.5661193, 
  "height": 0.4296713
}