{
  "width": 0.22214702, 
  "rotation": -0.10594201, 
  "xCenter": 0.10846285, 
  "yCenter": 0.45482856, 
  "height": 0.39492804
}