{
  "width": 0.06183525, 
  "rotation": 0.13656008, 
  "xCenter": 0.462739, 
  "yCenter": 0.34113982, 
  "height": 0.10992933
}