{
  "width": 0.18314992, 
  "rotation": -0.22302318, 
  "xCenter": 0.2936925, 
  "yCenter": 0.36074615, 
  "height": 0.32559988
}