{
  "width": 0.24251007, 
  "rotation": -1.0960318, 
  "xCenter": 0.36748725, 
  "yCenter": 0.5322342, 
  "height": 0.431129
}