{
  "width": 0.22591102, 
  "rotation": -2.082857, 
  "xCenter": 0.5119978, 
  "yCenter": 0.7192439, 
  "height": 0.40161958
}