{
  "width": 0.2237606, 
  "rotation": -0.5337759, 
  "xCenter": 0.40561417, 
  "yCenter": 0.6617026, 
  "height": 0.39779666
}