{
  "width": 0.22712396, 
  "rotation": -1.4658548, 
  "xCenter": 0.43488026, 
  "yCenter": 0.6910253, 
  "height": 0.40377593
}