{
  "width": 0.23393361, 
  "rotation": -2.0004942, 
  "xCenter": 0.50138354, 
  "yCenter": 0.733941, 
  "height": 0.41588196
}