{
  "width": 0.21623714, 
  "rotation": 0.5035839, 
  "xCenter": 0.122608975, 
  "yCenter": 0.4295574, 
  "height": 0.3844216
}