{
  "width": 0.27208936, 
  "rotation": 0.16068935, 
  "xCenter": 0.09522015, 
  "yCenter": 0.5768857, 
  "height": 0.48371443
}