{
  "width": 0.31160322, 
  "rotation": -0.6983074, 
  "xCenter": 0.27455387, 
  "yCenter": 0.80996877, 
  "height": 0.5539613
}