{
  "width": 0.17690298, 
  "rotation": 0.9243584, 
  "xCenter": 0.10996176, 
  "yCenter": 0.27026328, 
  "height": 0.3144942
}