{
  "width": 0.24205677, 
  "rotation": -0.2680403, 
  "xCenter": 0.5418874, 
  "yCenter": 0.54968303, 
  "height": 0.43032315
}