{
  "width": 0.2517251, 
  "rotation": -1.610514, 
  "xCenter": 0.49831787, 
  "yCenter": 0.15706791, 
  "height": 0.4475113
}