{
  "width": 0.31010547, 
  "rotation": -0.46230948, 
  "xCenter": 0.3254671, 
  "yCenter": 0.848866, 
  "height": 0.5512986
}