{
  "width": 0.23109949, 
  "rotation": -0.999745, 
  "xCenter": 0.48957026, 
  "yCenter": 0.85628194, 
  "height": 0.41084352
}