{
  "width": 0.18068628, 
  "rotation": 0.86821306, 
  "xCenter": 0.25171944, 
  "yCenter": 0.6922623, 
  "height": 0.32122004
}