{
  "width": 0.2726743, 
  "rotation": -1.9801668, 
  "xCenter": 0.5435054, 
  "yCenter": 0.31835404, 
  "height": 0.4847543
}