{
  "width": 0.24106231, 
  "rotation": -0.45739806, 
  "xCenter": 0.68621016, 
  "yCenter": 0.33846268, 
  "height": 0.42855522
}