{
  "width": 0.15139322, 
  "rotation": -0.31080127, 
  "xCenter": 0.3556513, 
  "yCenter": 0.55596554, 
  "height": 0.2691435
}