{
  "width": 0.2010414, 
  "rotation": -0.110814214, 
  "xCenter": 0.29651067, 
  "yCenter": 0.37676975, 
  "height": 0.35740694
}