{
  "width": 0.2697718, 
  "rotation": -0.8743447, 
  "xCenter": 0.67051905, 
  "yCenter": 0.31580883, 
  "height": 0.47959435
}