{
  "width": 0.23669077, 
  "rotation": -0.23447227, 
  "xCenter": 0.31941706, 
  "yCenter": 0.573288, 
  "height": 0.4207836
}