{
  "width": 0.18509927, 
  "rotation": -0.0982734, 
  "xCenter": 0.5966518, 
  "yCenter": 0.4905864, 
  "height": 0.32906538
}