{
  "width": 0.21465172, 
  "rotation": -0.16285431, 
  "xCenter": 0.293708, 
  "yCenter": 0.4179807, 
  "height": 0.38160306
}