{
  "width": 0.2012514, 
  "rotation": 0.56174195, 
  "xCenter": 0.11521368, 
  "yCenter": 0.4276616, 
  "height": 0.35778025
}