{
  "width": 0.2696367, 
  "rotation": 0.16041505, 
  "xCenter": 0.097553246, 
  "yCenter": 0.57850206, 
  "height": 0.47935408
}