{
  "width": 0.25071862, 
  "rotation": -0.9185163, 
  "xCenter": 0.37677652, 
  "yCenter": 0.5167915, 
  "height": 0.44572198
}