{
  "width": 0.34068656, 
  "rotation": 0.10076761, 
  "xCenter": 0.32498482, 
  "yCenter": 0.7193892, 
  "height": 0.605665
}