{
  "width": 0.21280502, 
  "rotation": -0.5301329, 
  "xCenter": 0.36737427, 
  "yCenter": 0.57685214, 
  "height": 0.37832004
}