{
  "width": 0.31061423, 
  "rotation": -0.2927289, 
  "xCenter": 0.5760228, 
  "yCenter": 0.71418124, 
  "height": 0.5522031
}