{
  "width": 0.08789872, 
  "rotation": 0.43135536, 
  "xCenter": 0.66854906, 
  "yCenter": 0.57517475, 
  "height": 0.1562644
}