{
  "width": 0.23525815, 
  "rotation": 0.4609691, 
  "xCenter": 0.06285627, 
  "yCenter": 0.46117333, 
  "height": 0.41823667
}