{
  "width": 0.20531645, 
  "rotation": -2.1633866, 
  "xCenter": 0.32981014, 
  "yCenter": 0.77787805, 
  "height": 0.36500704
}