{
  "width": 0.32375345, 
  "rotation": -2.6016204, 
  "xCenter": 0.42633128, 
  "yCenter": 0.835397, 
  "height": 0.5755617
}