{
  "width": 0.19421263, 
  "rotation": 1.0117159, 
  "xCenter": 0.2058655, 
  "yCenter": 0.4795504, 
  "height": 0.34526688
}