{
  "width": 0.2081752, 
  "rotation": -1.560763, 
  "xCenter": 0.27479708, 
  "yCenter": 0.64901984, 
  "height": 0.37008926
}