{
  "width": 0.19076915, 
  "rotation": -1.4613699, 
  "xCenter": 0.16827765, 
  "yCenter": 0.667371, 
  "height": 0.33914515
}