{
  "width": 0.38382626, 
  "rotation": -0.4633335, 
  "xCenter": 0.6825277, 
  "yCenter": 0.75251174, 
  "height": 0.68235785
}