{
  "width": 0.1584174, 
  "rotation": -1.1770011, 
  "xCenter": 0.50490993, 
  "yCenter": 0.6869015, 
  "height": 0.28163096
}