{
  "width": 0.22772324, 
  "rotation": -2.2048028, 
  "xCenter": 0.48723334, 
  "yCenter": 0.9447589, 
  "height": 0.40484133
}