{
  "width": 0.16650316, 
  "rotation": 1.0122931, 
  "xCenter": 0.11456272, 
  "yCenter": 0.4134056, 
  "height": 0.2960056
}