{
  "width": 0.20878643, 
  "rotation": -0.28368187, 
  "xCenter": 0.561147, 
  "yCenter": 0.5427437, 
  "height": 0.3711759
}