{
  "width": 0.06073921, 
  "rotation": -0.5748044, 
  "xCenter": 0.5710986, 
  "yCenter": 0.81969154, 
  "height": 0.107980825
}