{
  "width": 0.20651925, 
  "rotation": 0.56130326, 
  "xCenter": 0.13606054, 
  "yCenter": 0.47152206, 
  "height": 0.36714533
}