{
  "width": 0.19347434, 
  "rotation": -0.97572815, 
  "xCenter": 0.43100291, 
  "yCenter": 0.67216647, 
  "height": 0.34395438
}