{
  "width": 0.2267456, 
  "rotation": -2.1097753, 
  "xCenter": 0.48374224, 
  "yCenter": 0.94590634, 
  "height": 0.4031033
}