{
  "width": 0.22534814, 
  "rotation": -0.80769503, 
  "xCenter": 0.66389644, 
  "yCenter": 0.50564694, 
  "height": 0.4006189
}