{
  "width": 0.21291411, 
  "rotation": -2.2423217, 
  "xCenter": 0.47204068, 
  "yCenter": 0.5848962, 
  "height": 0.37851396
}