{
  "width": 0.22343373, 
  "rotation": 0.56085145, 
  "xCenter": 0.11224407, 
  "yCenter": 0.32888567, 
  "height": 0.39721555
}