{
  "width": 0.2702859, 
  "rotation": -0.34114134, 
  "xCenter": 0.45394138, 
  "yCenter": 0.26460403, 
  "height": 0.4805083
}