{
  "width": 0.20379618, 
  "rotation": -0.42628157, 
  "xCenter": 0.11104032, 
  "yCenter": 0.67845035, 
  "height": 0.3623043
}