{
  "width": 0.22573984, 
  "rotation": -0.27301145, 
  "xCenter": 0.298348, 
  "yCenter": 0.43464503, 
  "height": 0.40131524
}