{
  "width": 0.25032124, 
  "rotation": 0.2611295, 
  "xCenter": 0.07989049, 
  "yCenter": 0.35621572, 
  "height": 0.44501555
}