{
  "width": 0.133709, 
  "rotation": 1.1603702, 
  "xCenter": 0.61049056, 
  "yCenter": 0.28384438, 
  "height": 0.23770489
}