{
  "width": 0.18991107, 
  "rotation": -0.31393635, 
  "xCenter": 0.078099325, 
  "yCenter": 0.41005212, 
  "height": 0.33761966
}