{
  "width": 0.3838054, 
  "rotation": -0.42522478, 
  "xCenter": 0.6810577, 
  "yCenter": 0.7477845, 
  "height": 0.68232065
}