{
  "width": 0.27154753, 
  "rotation": 0.03623569, 
  "xCenter": 0.10115069, 
  "yCenter": 0.29907972, 
  "height": 0.48275113
}