{
  "width": 0.20631586, 
  "rotation": -0.284909, 
  "xCenter": 0.5536362, 
  "yCenter": 0.51836604, 
  "height": 0.36678374
}