{
  "width": 0.35068366, 
  "rotation": -0.1908189, 
  "xCenter": 0.4428351, 
  "yCenter": 0.682567, 
  "height": 0.6234376
}