{
  "width": 0.24505161, 
  "rotation": -2.1815393, 
  "xCenter": 0.46895397, 
  "yCenter": 0.6095422, 
  "height": 0.4356473
}