{
  "width": 0.14960562, 
  "rotation": 0.865385, 
  "xCenter": 0.25607008, 
  "yCenter": 0.39664567, 
  "height": 0.26596555
}