{
  "width": 0.18120404, 
  "rotation": -0.1823529, 
  "xCenter": 0.57746446, 
  "yCenter": 0.6229061, 
  "height": 0.3221405
}