{
  "width": 0.16291486, 
  "rotation": 0.9501823, 
  "xCenter": 0.10003139, 
  "yCenter": 0.3855982, 
  "height": 0.28962642
}