{
  "width": 0.2827086, 
  "rotation": -0.98909867, 
  "xCenter": 0.60418755, 
  "yCenter": 0.42555472, 
  "height": 0.50259304
}