{
  "width": 0.29100215, 
  "rotation": -2.1188872, 
  "xCenter": 0.55538166, 
  "yCenter": 0.34800148, 
  "height": 0.51733714
}