{
  "width": 0.20450652, 
  "rotation": -0.24784625, 
  "xCenter": 0.11193063, 
  "yCenter": 0.42804807, 
  "height": 0.3635671
}