{
  "width": 0.19355768, 
  "rotation": 0.7096065, 
  "xCenter": 0.18707001, 
  "yCenter": 0.54855454, 
  "height": 0.3441025
}