{
  "width": 0.24867332, 
  "rotation": -0.9533137, 
  "xCenter": 0.70431674, 
  "yCenter": 0.47600776, 
  "height": 0.4420859
}