{
  "width": 0.31185138, 
  "rotation": -1.1696628, 
  "xCenter": 0.63034534, 
  "yCenter": 0.5183048, 
  "height": 0.5544025
}