{
  "width": 0.106950186, 
  "rotation": 1.5619614, 
  "xCenter": 0.37303522, 
  "yCenter": 0.7596157, 
  "height": 0.19013366
}