{
  "width": 0.2327792, 
  "rotation": -0.87701905, 
  "xCenter": 0.47755358, 
  "yCenter": 0.54000527, 
  "height": 0.4138297
}