{
  "width": 0.23603714, 
  "rotation": 0.14590621, 
  "xCenter": 0.13912338, 
  "yCenter": 0.47813913, 
  "height": 0.4196216
}