{
  "width": 0.1645834, 
  "rotation": 0.12523413, 
  "xCenter": 0.11997246, 
  "yCenter": 0.63989127, 
  "height": 0.2925927
}