{
  "width": 0.21705194, 
  "rotation": 0.12641692, 
  "xCenter": 0.13062021, 
  "yCenter": 0.43262184, 
  "height": 0.3858701
}