{
  "width": 0.24998553, 
  "rotation": -0.67003644, 
  "xCenter": 0.31426418, 
  "yCenter": 0.483641, 
  "height": 0.44441873
}