{
  "width": 0.21571639, 
  "rotation": 0.0209862, 
  "xCenter": 0.49153718, 
  "yCenter": 0.26244068, 
  "height": 0.38349584
}