{
  "width": 0.16494095, 
  "rotation": 3.0310564, 
  "xCenter": 0.09779424, 
  "yCenter": 0.7324985, 
  "height": 0.29322836
}