{
  "width": 0.21439458, 
  "rotation": -1.5157276, 
  "xCenter": 0.46261433, 
  "yCenter": 0.71225613, 
  "height": 0.3811459
}