{
  "width": 0.2673125, 
  "rotation": -1.1193706, 
  "xCenter": 0.440457, 
  "yCenter": 0.78690225, 
  "height": 0.47522223
}