{
  "width": 0.22621211, 
  "rotation": 0.2687446, 
  "xCenter": 0.072836466, 
  "yCenter": 0.44233254, 
  "height": 0.4021549
}