{
  "width": 0.2183073, 
  "rotation": -0.44308388, 
  "xCenter": 0.5565927, 
  "yCenter": 0.60571986, 
  "height": 0.38810188
}