{
  "width": 0.22910993, 
  "rotation": -2.1137006, 
  "xCenter": 0.51387435, 
  "yCenter": 0.717693, 
  "height": 0.40730655
}