{
  "width": 0.1505745, 
  "rotation": -0.37856042, 
  "xCenter": 0.31598595, 
  "yCenter": 0.3174875, 
  "height": 0.267688
}