{
  "width": 0.21469626, 
  "rotation": 0.53952515, 
  "xCenter": 0.11076885, 
  "yCenter": 0.3363536, 
  "height": 0.38168222
}