{
  "width": 0.2811598, 
  "rotation": -0.66876113, 
  "xCenter": 0.70544827, 
  "yCenter": 0.4960842, 
  "height": 0.49983963
}