{
  "width": 0.26899025, 
  "rotation": -0.96935, 
  "xCenter": 0.7088547, 
  "yCenter": 0.40151823, 
  "height": 0.47820485
}