{
  "width": 0.26209527, 
  "rotation": -0.9492816, 
  "xCenter": 0.5186245, 
  "yCenter": 0.76591146, 
  "height": 0.46594715
}