{
  "width": 0.2706936, 
  "rotation": -0.7600535, 
  "xCenter": 0.6533997, 
  "yCenter": 0.37502956, 
  "height": 0.48123306
}