{
  "width": 0.2695592, 
  "rotation": -0.88926613, 
  "xCenter": 0.6684347, 
  "yCenter": 0.30731577, 
  "height": 0.47921634
}