{
  "width": 0.29730588, 
  "rotation": -1.9751114, 
  "xCenter": 0.50630784, 
  "yCenter": 0.10188485, 
  "height": 0.52854383
}