{
  "width": 0.18611884, 
  "rotation": -1.5576655, 
  "xCenter": 0.33034152, 
  "yCenter": 0.73161596, 
  "height": 0.33087793
}