{
  "width": 0.15185605, 
  "rotation": 1.0979702, 
  "xCenter": 0.27291796, 
  "yCenter": 0.40164483, 
  "height": 0.2699663
}