{
  "width": 0.27169454, 
  "rotation": -0.2509637, 
  "xCenter": 0.45099124, 
  "yCenter": 0.33340365, 
  "height": 0.48301253
}