{
  "width": 0.23454578, 
  "rotation": -0.075098395, 
  "xCenter": 0.44348142, 
  "yCenter": 0.53949845, 
  "height": 0.41697028
}