{
  "width": 0.18604831, 
  "rotation": -0.16110206, 
  "xCenter": 0.34049398, 
  "yCenter": 0.43069667, 
  "height": 0.33075255
}