{
  "width": 0.16647844, 
  "rotation": 0.8240611, 
  "xCenter": 0.1524058, 
  "yCenter": 0.28763166, 
  "height": 0.29596168
}