{
  "width": 0.21009484, 
  "rotation": -1.121554, 
  "xCenter": 0.74064124, 
  "yCenter": 0.22097476, 
  "height": 0.37350193
}