{
  "width": 0.37264875, 
  "rotation": -0.24911416, 
  "xCenter": 0.23876989, 
  "yCenter": 0.69549865, 
  "height": 0.6624867
}