{
  "width": 0.3680363, 
  "rotation": -0.55529463, 
  "xCenter": 0.678758, 
  "yCenter": 0.74954987, 
  "height": 0.6542868
}