{
  "width": 0.2771387, 
  "rotation": -2.0864675, 
  "xCenter": 0.5542242, 
  "yCenter": 0.33838433, 
  "height": 0.49269107
}