{
  "width": 0.21732306, 
  "rotation": -0.4601165, 
  "xCenter": 0.53674304, 
  "yCenter": 0.6144959, 
  "height": 0.38635212
}