{
  "width": 0.16724788, 
  "rotation": -0.6522423, 
  "xCenter": 0.38730657, 
  "yCenter": 0.56441027, 
  "height": 0.29732955
}