{
  "width": 0.2675467, 
  "rotation": -0.7509934, 
  "xCenter": 0.6520381, 
  "yCenter": 0.31076527, 
  "height": 0.47563863
}