{
  "width": 0.2620549, 
  "rotation": -0.7855271, 
  "xCenter": 0.63118535, 
  "yCenter": 0.231492, 
  "height": 0.4658754
}