{
  "width": 0.241009, 
  "rotation": -0.9370326, 
  "xCenter": 0.6010749, 
  "yCenter": 0.16751502, 
  "height": 0.42846042
}