{
  "width": 0.19896963, 
  "rotation": 1.1759439, 
  "xCenter": 0.49460337, 
  "yCenter": 0.626171, 
  "height": 0.3537238
}