{
  "width": 0.081022546, 
  "rotation": 0.5084654, 
  "xCenter": 0.12895381, 
  "yCenter": 0.5833396, 
  "height": 0.1440401
}