{
  "width": 0.2871617, 
  "rotation": -0.40598464, 
  "xCenter": 0.43195078, 
  "yCenter": 0.26360375, 
  "height": 0.51050967
}