{
  "width": 0.24992162, 
  "rotation": -0.61688983, 
  "xCenter": 0.4150868, 
  "yCenter": 0.73074687, 
  "height": 0.4443051
}