{
  "width": 0.23872766, 
  "rotation": -0.2911346, 
  "xCenter": 0.29622558, 
  "yCenter": 0.5542255, 
  "height": 0.42440474
}