{
  "width": 0.22975013, 
  "rotation": 0.5183259, 
  "xCenter": 0.09204495, 
  "yCenter": 0.41593075, 
  "height": 0.40844467
}