{
  "width": 0.1804061, 
  "rotation": -0.76155865, 
  "xCenter": 0.3403401, 
  "yCenter": 0.7347233, 
  "height": 0.32072192
}