{
  "width": 0.26839426, 
  "rotation": -1.696688, 
  "xCenter": 0.49410266, 
  "yCenter": 0.37588596, 
  "height": 0.47714537
}