{
  "width": 0.4071688, 
  "rotation": -0.5151478, 
  "xCenter": 0.6945013, 
  "yCenter": 0.7107547, 
  "height": 0.7238556
}