{
  "width": 0.22349352, 
  "rotation": -0.35954404, 
  "xCenter": 0.2813741, 
  "yCenter": 0.49832273, 
  "height": 0.39732182
}