{
  "width": 0.19302809, 
  "rotation": -2.7194252, 
  "xCenter": 0.36628684, 
  "yCenter": 0.69069403, 
  "height": 0.34316105
}