{
  "width": 0.29921094, 
  "rotation": -0.83670247, 
  "xCenter": 0.7186316, 
  "yCenter": 0.33549356, 
  "height": 0.53193057
}