{
  "width": 0.1684692, 
  "rotation": -0.32761598, 
  "xCenter": 0.3914143, 
  "yCenter": 0.45290363, 
  "height": 0.2995008
}