{
  "width": 0.3488171, 
  "rotation": -0.6550766, 
  "xCenter": 0.669052, 
  "yCenter": 0.40872517, 
  "height": 0.62011933
}