{
  "width": 0.3007082, 
  "rotation": -0.77244246, 
  "xCenter": 0.6624113, 
  "yCenter": 0.4686015, 
  "height": 0.53459233
}