{
  "width": 0.27328482, 
  "rotation": -0.22349727, 
  "xCenter": 0.4464714, 
  "yCenter": 0.29183438, 
  "height": 0.4858397
}