{
  "width": 0.21241604, 
  "rotation": -0.61802256, 
  "xCenter": 0.35312492, 
  "yCenter": 0.5820354, 
  "height": 0.3776285
}