{
  "width": 0.29652983, 
  "rotation": -0.55802786, 
  "xCenter": 0.2909227, 
  "yCenter": 0.85224, 
  "height": 0.5271641
}