{
  "width": 0.24489787, 
  "rotation": -0.70535004, 
  "xCenter": 0.6397265, 
  "yCenter": 0.47458124, 
  "height": 0.435374
}