{
  "width": 0.2831054, 
  "rotation": -0.3568102, 
  "xCenter": 0.43498936, 
  "yCenter": 0.70127976, 
  "height": 0.5032985
}