{
  "width": 0.18012153, 
  "rotation": 0.46975172, 
  "xCenter": 0.21322113, 
  "yCenter": 0.24368903, 
  "height": 0.32021603
}