{
  "width": 0.30221274, 
  "rotation": -0.6397153, 
  "xCenter": 0.69438064, 
  "yCenter": 0.81949985, 
  "height": 0.5372671
}