{
  "width": 0.25639525, 
  "rotation": -1.1516079, 
  "xCenter": 0.62335134, 
  "yCenter": 0.11714813, 
  "height": 0.45581377
}