{
  "width": 0.29015598, 
  "rotation": -1.3749968, 
  "xCenter": 0.5321125, 
  "yCenter": 0.38856044, 
  "height": 0.51583284
}