{
  "width": 0.23459688, 
  "rotation": -0.4000088, 
  "xCenter": 0.49130303, 
  "yCenter": 0.4858767, 
  "height": 0.41706112
}