{
  "width": 0.25858474, 
  "rotation": 0.5419471, 
  "xCenter": 0.2072481, 
  "yCenter": 0.2730896, 
  "height": 0.45970616
}