{
  "width": 0.258565, 
  "rotation": -0.93333876, 
  "xCenter": 0.5190997, 
  "yCenter": 0.7703237, 
  "height": 0.45967114
}