{
  "width": 0.24690129, 
  "rotation": 0.011979818, 
  "xCenter": 0.08070343, 
  "yCenter": 0.365155, 
  "height": 0.4389356
}