{
  "width": 0.2804872, 
  "rotation": -0.0751009, 
  "xCenter": 0.102537006, 
  "yCenter": 0.29618123, 
  "height": 0.4986439
}