{
  "width": 0.24998173, 
  "rotation": -0.74362457, 
  "xCenter": 0.6573786, 
  "yCenter": 0.37257588, 
  "height": 0.44441196
}