{
  "width": 0.27820525, 
  "rotation": 0.13634455, 
  "xCenter": 0.14163229, 
  "yCenter": 0.2894241, 
  "height": 0.4945871
}