{
  "width": 0.18485944, 
  "rotation": -0.42974865, 
  "xCenter": 0.06698774, 
  "yCenter": 0.4334697, 
  "height": 0.328639
}