{
  "width": 0.27115348, 
  "rotation": -0.11893797, 
  "xCenter": 0.118046775, 
  "yCenter": 0.30642197, 
  "height": 0.48205063
}