{
  "width": 0.21122213, 
  "rotation": -0.25375712, 
  "xCenter": 0.56380963, 
  "yCenter": 0.48591828, 
  "height": 0.375506
}