{
  "width": 0.36834863, 
  "rotation": -0.70854795, 
  "xCenter": 0.851818, 
  "yCenter": 0.6697551, 
  "height": 0.654842
}