{
  "width": 0.18374711, 
  "rotation": 0.13929093, 
  "xCenter": 0.15626723, 
  "yCenter": 0.33575472, 
  "height": 0.32666153
}