{
  "width": 0.15351754, 
  "rotation": -0.30250812, 
  "xCenter": 0.38267383, 
  "yCenter": 0.4956743, 
  "height": 0.27292007
}