{
  "width": 0.20455523, 
  "rotation": -2.0920608, 
  "xCenter": 0.32926002, 
  "yCenter": 0.77771515, 
  "height": 0.36365375
}