{
  "width": 0.2832567, 
  "rotation": -0.89317095, 
  "xCenter": 0.65770125, 
  "yCenter": 0.3642204, 
  "height": 0.50356746
}