{
  "width": 0.19557041, 
  "rotation": 0.2585783, 
  "xCenter": 0.15102473, 
  "yCenter": 0.5484811, 
  "height": 0.34768072
}