{
  "width": 0.18406345, 
  "rotation": -0.26789534, 
  "xCenter": 0.4091457, 
  "yCenter": 0.58184695, 
  "height": 0.3272239
}