{
  "width": 0.19931342, 
  "rotation": -0.097697735, 
  "xCenter": 0.12703244, 
  "yCenter": 0.6290252, 
  "height": 0.35433495
}