{
  "width": 0.07491912, 
  "rotation": 2.7918253, 
  "xCenter": 0.15413581, 
  "yCenter": 0.86908865, 
  "height": 0.13318954
}