{
  "width": 0.18637003, 
  "rotation": -0.6472813, 
  "xCenter": 0.5514004, 
  "yCenter": 0.7164759, 
  "height": 0.33132452
}