{
  "width": 0.27766475, 
  "rotation": -0.27992892, 
  "xCenter": 0.52419806, 
  "yCenter": 0.4598138, 
  "height": 0.49362627
}