{
  "width": 0.23911309, 
  "rotation": -1.0888084, 
  "xCenter": 0.76366204, 
  "yCenter": 0.2082699, 
  "height": 0.42508996
}