{
  "width": 0.29235393, 
  "rotation": 0.18756628, 
  "xCenter": 0.14703666, 
  "yCenter": 0.28307128, 
  "height": 0.51974034
}