{
  "width": 0.20048234, 
  "rotation": 0.6191784, 
  "xCenter": 0.17080474, 
  "yCenter": 0.54153407, 
  "height": 0.356413
}