{
  "width": 0.2151707, 
  "rotation": 0.42086864, 
  "xCenter": 0.15840787, 
  "yCenter": 0.3288824, 
  "height": 0.38252565
}