{
  "width": 0.380542, 
  "rotation": -2.0762136, 
  "xCenter": 0.4807683, 
  "yCenter": 0.13780633, 
  "height": 0.6765191
}