{
  "width": 0.39954683, 
  "rotation": -0.3699715, 
  "xCenter": 0.66191685, 
  "yCenter": 0.78512686, 
  "height": 0.7103055
}