{
  "width": 0.18983614, 
  "rotation": 0.7264572, 
  "xCenter": 0.07667523, 
  "yCenter": 0.518839, 
  "height": 0.33748648
}