{
  "width": 0.20856005, 
  "rotation": 0.69287753, 
  "xCenter": 0.18190944, 
  "yCenter": 0.45831323, 
  "height": 0.37077343
}