{
  "width": 0.20047559, 
  "rotation": 0.65920365, 
  "xCenter": 0.104916066, 
  "yCenter": 0.4714346, 
  "height": 0.35640106
}