{
  "width": 0.26485413, 
  "rotation": -0.09906316, 
  "xCenter": 0.115064606, 
  "yCenter": 0.3341554, 
  "height": 0.47085184
}