{
  "width": 0.33414248, 
  "rotation": -0.4485718, 
  "xCenter": 0.18683714, 
  "yCenter": 0.7434554, 
  "height": 0.5940311
}