{
  "width": 0.1668179, 
  "rotation": -0.39446127, 
  "xCenter": 0.39107323, 
  "yCenter": 0.48409373, 
  "height": 0.29656518
}