{
  "width": 0.17468777, 
  "rotation": 2.4655695, 
  "xCenter": 0.3704186, 
  "yCenter": 0.77317226, 
  "height": 0.31055605
}