{
  "width": 0.3891533, 
  "rotation": -0.43640578, 
  "xCenter": 0.68316627, 
  "yCenter": 0.7465068, 
  "height": 0.6918281
}