{
  "width": 0.26913348, 
  "rotation": -0.21742511, 
  "xCenter": 0.4491752, 
  "yCenter": 0.3292877, 
  "height": 0.47845954
}