{
  "width": 0.28971547, 
  "rotation": -1.0585247, 
  "xCenter": 0.58961654, 
  "yCenter": 0.40204382, 
  "height": 0.51504976
}