{
  "width": 0.2860649, 
  "rotation": -0.93958056, 
  "xCenter": 0.69723743, 
  "yCenter": 0.43126854, 
  "height": 0.5085598
}