{
  "width": 0.33621198, 
  "rotation": -1.6956114, 
  "xCenter": 0.48368838, 
  "yCenter": 0.31065154, 
  "height": 0.59771013
}