{
  "width": 0.20462172, 
  "rotation": -0.07365298, 
  "xCenter": 0.13876568, 
  "yCenter": 0.4613946, 
  "height": 0.36377195
}