{
  "width": 0.21436043, 
  "rotation": -0.3399148, 
  "xCenter": 0.28265598, 
  "yCenter": 0.88479066, 
  "height": 0.38108522
}