{
  "width": 0.23251684, 
  "rotation": -0.49350607, 
  "xCenter": 0.2939682, 
  "yCenter": 0.45969817, 
  "height": 0.41336328
}