{
  "width": 0.21486102, 
  "rotation": -0.32829952, 
  "xCenter": 0.07441284, 
  "yCenter": 0.5160198, 
  "height": 0.38197517
}