{
  "width": 0.2635524, 
  "rotation": 0.3848735, 
  "xCenter": 0.0757349, 
  "yCenter": 0.4142952, 
  "height": 0.4685376
}