{
  "width": 0.13048634, 
  "rotation": 0.6422622, 
  "xCenter": 0.40193838, 
  "yCenter": 0.41223407, 
  "height": 0.23197572
}