{
  "width": 0.2386573, 
  "rotation": -0.73336804, 
  "xCenter": 0.67834646, 
  "yCenter": 0.44595355, 
  "height": 0.42427963
}