{
  "width": 0.37397695, 
  "rotation": -0.39109766, 
  "xCenter": 0.21755561, 
  "yCenter": 0.732356, 
  "height": 0.66484785
}