{
  "width": 0.20388444, 
  "rotation": 0.6398911, 
  "xCenter": 0.11310259, 
  "yCenter": 0.43627185, 
  "height": 0.36246124
}