{
  "width": 0.19263566, 
  "rotation": -0.10593796, 
  "xCenter": 0.11682368, 
  "yCenter": 0.23193723, 
  "height": 0.34246337
}