{
  "width": 0.19598535, 
  "rotation": 0.56551623, 
  "xCenter": 0.1776294, 
  "yCenter": 0.34088424, 
  "height": 0.34841838
}