{
  "width": 0.19094674, 
  "rotation": -1.5605356, 
  "xCenter": 0.18348297, 
  "yCenter": 0.65905637, 
  "height": 0.3394609
}