{
  "width": 0.12174404, 
  "rotation": 0.11093128, 
  "xCenter": 0.0715794, 
  "yCenter": 0.65288526, 
  "height": 0.21643384
}