{
  "width": 0.088731885, 
  "rotation": -1.2885677, 
  "xCenter": 0.0062049977, 
  "yCenter": 0.6503446, 
  "height": 0.15774557
}