{
  "width": 0.32347992, 
  "rotation": -0.54765093, 
  "xCenter": 0.23196726, 
  "yCenter": 0.81884205, 
  "height": 0.5750753
}