{
  "width": 0.19525495, 
  "rotation": -0.50114644, 
  "xCenter": 0.75813097, 
  "yCenter": 0.22054788, 
  "height": 0.34711993
}