{
  "width": 0.34023437, 
  "rotation": -0.69793284, 
  "xCenter": 0.8138409, 
  "yCenter": 0.67236745, 
  "height": 0.6048611
}