{
  "width": 0.27967584, 
  "rotation": -1.111112, 
  "xCenter": 0.64001966, 
  "yCenter": 0.45353872, 
  "height": 0.49720147
}