{
  "width": 0.1965178, 
  "rotation": 0.5523379, 
  "xCenter": 0.1807674, 
  "yCenter": 0.36303502, 
  "height": 0.34936497
}