{
  "width": 0.2751218, 
  "rotation": 0.17185736, 
  "xCenter": 0.14312808, 
  "yCenter": 0.28860635, 
  "height": 0.4891054
}