{
  "width": 0.23113912, 
  "rotation": 0.5198678, 
  "xCenter": 0.1661771, 
  "yCenter": 0.30132714, 
  "height": 0.41091397
}