{
  "width": 0.22288053, 
  "rotation": -2.1178887, 
  "xCenter": 0.4841618, 
  "yCenter": 0.956754, 
  "height": 0.39623204
}