{
  "width": 0.14335552, 
  "rotation": 0.5006367, 
  "xCenter": 0.5547624, 
  "yCenter": 0.5089485, 
  "height": 0.25485426
}