{
  "width": 0.17835891, 
  "rotation": -0.70267355, 
  "xCenter": 0.19373651, 
  "yCenter": 0.5865917, 
  "height": 0.3170825
}