{
  "width": 0.20670833, 
  "rotation": 0.46481204, 
  "xCenter": 0.17554323, 
  "yCenter": 0.3362169, 
  "height": 0.36748147
}