{
  "width": 0.20621619, 
  "rotation": 0.5793584, 
  "xCenter": 0.1344619, 
  "yCenter": 0.48838645, 
  "height": 0.36660653
}