{
  "width": 0.123120815, 
  "rotation": -0.15183699, 
  "xCenter": 0.3309435, 
  "yCenter": 0.3107638, 
  "height": 0.21888144
}