{
  "width": 0.25136393, 
  "rotation": -0.9729279, 
  "xCenter": 0.71011126, 
  "yCenter": 0.48329085, 
  "height": 0.44686922
}