{
  "width": 0.14631347, 
  "rotation": 0.4710046, 
  "xCenter": 0.48779714, 
  "yCenter": 0.5470388, 
  "height": 0.26011282
}