{
  "width": 0.2524075, 
  "rotation": -0.55123484, 
  "xCenter": 0.41234577, 
  "yCenter": 0.69371986, 
  "height": 0.44872445
}