{
  "width": 0.2226118, 
  "rotation": -0.3849746, 
  "xCenter": 0.4526219, 
  "yCenter": 0.47990352, 
  "height": 0.3957543
}