{
  "width": 0.30119634, 
  "rotation": -0.7889794, 
  "xCenter": 0.2708851, 
  "yCenter": 0.81226814, 
  "height": 0.5354602
}