{
  "width": 0.1890013, 
  "rotation": -0.5865809, 
  "xCenter": 0.08288257, 
  "yCenter": 0.5583049, 
  "height": 0.33600232
}