{
  "width": 0.2231719, 
  "rotation": -0.70575345, 
  "xCenter": 0.3689955, 
  "yCenter": 0.51503545, 
  "height": 0.39675003
}