{
  "width": 0.24039268, 
  "rotation": -1.0005766, 
  "xCenter": 0.7645344, 
  "yCenter": 0.20489682, 
  "height": 0.42736477
}