{
  "width": 0.30436772, 
  "rotation": -1.7223128, 
  "xCenter": 0.50487167, 
  "yCenter": 0.14896187, 
  "height": 0.5410982
}