{
  "width": 0.2030954, 
  "rotation": -0.275787, 
  "xCenter": 0.110387295, 
  "yCenter": 0.43371314, 
  "height": 0.3610585
}