{
  "width": 0.21064012, 
  "rotation": -0.83349, 
  "xCenter": 0.7565579, 
  "yCenter": 0.22440805, 
  "height": 0.37447134
}