{
  "width": 0.14730525, 
  "rotation": -0.42735922, 
  "xCenter": 0.61018926, 
  "yCenter": 0.43354794, 
  "height": 0.261876
}