{
  "width": 0.21130024, 
  "rotation": 0.45520484, 
  "xCenter": 0.34351975, 
  "yCenter": 0.63166094, 
  "height": 0.37564486
}