{
  "width": 0.27846062, 
  "rotation": -1.4220055, 
  "xCenter": 0.51387644, 
  "yCenter": 0.39857364, 
  "height": 0.4950411
}