{
  "width": 0.18898186, 
  "rotation": -0.31775868, 
  "xCenter": 0.076700576, 
  "yCenter": 0.52342224, 
  "height": 0.33596775
}