{
  "width": 0.23049663, 
  "rotation": -1.0188056, 
  "xCenter": 0.6347801, 
  "yCenter": 0.29559308, 
  "height": 0.40977177
}