{
  "width": 0.23746882, 
  "rotation": 0.37601733, 
  "xCenter": 0.04713698, 
  "yCenter": 0.46738982, 
  "height": 0.42216676
}