{
  "width": 0.15532833, 
  "rotation": -0.16078496, 
  "xCenter": 0.26801902, 
  "yCenter": 0.6168749, 
  "height": 0.27613926
}