{
  "width": 0.24443938, 
  "rotation": -0.56371415, 
  "xCenter": 0.411376, 
  "yCenter": 0.68945545, 
  "height": 0.4345589
}