{
  "width": 0.22849493, 
  "rotation": 0.35253084, 
  "xCenter": 0.086594746, 
  "yCenter": 0.4230096, 
  "height": 0.40621322
}