{
  "width": 0.2807285, 
  "rotation": -1.8283676, 
  "xCenter": 0.55660427, 
  "yCenter": 0.31459025, 
  "height": 0.49907285
}