{
  "width": 0.20586267, 
  "rotation": -2.187136, 
  "xCenter": 0.48320854, 
  "yCenter": 0.6116485, 
  "height": 0.36597806
}