{
  "width": 0.062411427, 
  "rotation": 0.67817056, 
  "xCenter": 0.12671277, 
  "yCenter": 0.5777821, 
  "height": 0.11095365
}