{
  "width": 0.22535728, 
  "rotation": -0.30428195, 
  "xCenter": 0.34690046, 
  "yCenter": 0.4919728, 
  "height": 0.40063518
}