{
  "width": 0.26546282, 
  "rotation": -0.8268386, 
  "xCenter": 0.6001658, 
  "yCenter": 0.21145159, 
  "height": 0.4719339
}