{
  "width": 0.20434439, 
  "rotation": -0.5405909, 
  "xCenter": 0.2973889, 
  "yCenter": 0.50784266, 
  "height": 0.3632789
}