{
  "width": 0.2003386, 
  "rotation": -0.25167334, 
  "xCenter": 0.5539682, 
  "yCenter": 0.50073534, 
  "height": 0.3561575
}