{
  "width": 0.1889208, 
  "rotation": 0.50114286, 
  "xCenter": 0.11135654, 
  "yCenter": 0.40985015, 
  "height": 0.33585918
}