{
  "width": 0.28052104, 
  "rotation": -0.9951209, 
  "xCenter": 0.6152616, 
  "yCenter": 0.27933863, 
  "height": 0.49870408
}