{
  "width": 0.21769764, 
  "rotation": -0.5308901, 
  "xCenter": 0.49069095, 
  "yCenter": 0.63577276, 
  "height": 0.38701802
}