{
  "width": 0.20755835, 
  "rotation": -0.45082223, 
  "xCenter": 0.5192788, 
  "yCenter": 0.61342937, 
  "height": 0.36899266
}