{
  "width": 0.21038425, 
  "rotation": 0.4216751, 
  "xCenter": 0.1275775, 
  "yCenter": 0.4749251, 
  "height": 0.37401646
}