{
  "width": 0.2096077, 
  "rotation": -0.5493566, 
  "xCenter": 0.37969765, 
  "yCenter": 0.57372636, 
  "height": 0.37263593
}