{
  "width": 0.29589862, 
  "rotation": -1.0286914, 
  "xCenter": 0.58198905, 
  "yCenter": 0.4042539, 
  "height": 0.526042
}