{
  "width": 0.26087052, 
  "rotation": -0.85753596, 
  "xCenter": 0.65981776, 
  "yCenter": 0.33216536, 
  "height": 0.46376985
}