{
  "width": 0.31162667, 
  "rotation": -1.014033, 
  "xCenter": 0.6444169, 
  "yCenter": 0.41026413, 
  "height": 0.554003
}