{
  "width": 0.28353387, 
  "rotation": -0.59000003, 
  "xCenter": 0.6757503, 
  "yCenter": 0.4580404, 
  "height": 0.5040602
}