{
  "width": 0.22534208, 
  "rotation": 0.28983665, 
  "xCenter": 0.10949124, 
  "yCenter": 0.33304936, 
  "height": 0.40060815
}