{
  "width": 0.2089878, 
  "rotation": -2.2857416, 
  "xCenter": 0.31108916, 
  "yCenter": 0.63164926, 
  "height": 0.37153387
}