{
  "width": 0.13788004, 
  "rotation": 0.47761607, 
  "xCenter": 0.40769848, 
  "yCenter": 0.4112136, 
  "height": 0.24512008
}