{
  "width": 0.27668005, 
  "rotation": -0.20791793, 
  "xCenter": 0.10044787, 
  "yCenter": 0.29773262, 
  "height": 0.4918757
}