{
  "width": 0.24747281, 
  "rotation": 0.1498127, 
  "xCenter": 0.058326315, 
  "yCenter": 0.5087907, 
  "height": 0.43995166
}