{
  "width": 0.25675663, 
  "rotation": -0.845332, 
  "xCenter": 0.28408217, 
  "yCenter": 0.53674364, 
  "height": 0.45645624
}