{
  "width": 0.22387235, 
  "rotation": -1.090882, 
  "xCenter": 0.44457963, 
  "yCenter": 0.6296348, 
  "height": 0.3979953
}