{
  "width": 0.21850039, 
  "rotation": -0.709746, 
  "xCenter": 0.6799898, 
  "yCenter": 0.51988417, 
  "height": 0.38844514
}