{
  "width": 0.16853027, 
  "rotation": -1.1291364, 
  "xCenter": 0.56761646, 
  "yCenter": 0.79807174, 
  "height": 0.29960936
}