{
  "width": 0.19827205, 
  "rotation": -0.2936957, 
  "xCenter": 0.56785136, 
  "yCenter": 0.5554364, 
  "height": 0.35248363
}