{
  "width": 0.15342166, 
  "rotation": 0.790242, 
  "xCenter": 0.25528893, 
  "yCenter": 0.39246863, 
  "height": 0.2727496
}