{
  "width": 0.24073553, 
  "rotation": 0.123104334, 
  "xCenter": 0.117767215, 
  "yCenter": 0.5753485, 
  "height": 0.42797428
}