{
  "width": 0.29888862, 
  "rotation": -1.977722, 
  "xCenter": 0.50642645, 
  "yCenter": 0.10079864, 
  "height": 0.5313575
}