{
  "width": 0.15417257, 
  "rotation": -0.86723816, 
  "xCenter": 0.18515599, 
  "yCenter": 0.62645936, 
  "height": 0.27408457
}