{
  "width": 0.15507333, 
  "rotation": -2.3801095, 
  "xCenter": 0.053728122, 
  "yCenter": 0.91106576, 
  "height": 0.2756859
}