{
  "width": 0.2904386, 
  "rotation": 0.1438421, 
  "xCenter": 0.14097108, 
  "yCenter": 0.28157708, 
  "height": 0.51633525
}