{
  "width": 0.28561327, 
  "rotation": -1.0012962, 
  "xCenter": 0.64833915, 
  "yCenter": 0.49672782, 
  "height": 0.50775695
}