{
  "width": 0.19458154, 
  "rotation": 0.74775803, 
  "xCenter": 0.11705653, 
  "yCenter": 0.4538482, 
  "height": 0.34592274
}