{
  "width": 0.1953448, 
  "rotation": 0.116882324, 
  "xCenter": 0.10412151, 
  "yCenter": 0.5217914, 
  "height": 0.34727967
}