{
  "width": 0.21928602, 
  "rotation": -0.36266148, 
  "xCenter": 0.5288571, 
  "yCenter": 0.48666668, 
  "height": 0.38984182
}