{
  "width": 0.16235308, 
  "rotation": -0.54399145, 
  "xCenter": 0.124261975, 
  "yCenter": 0.39213634, 
  "height": 0.28862768
}