{
  "width": 0.27836594, 
  "rotation": -0.3046633, 
  "xCenter": 0.42265207, 
  "yCenter": 0.302055, 
  "height": 0.49487278
}