{
  "width": 0.3079306, 
  "rotation": -0.8513967, 
  "xCenter": 0.6447938, 
  "yCenter": 0.50325954, 
  "height": 0.5474322
}