{
  "width": 0.23491023, 
  "rotation": -1.2533134, 
  "xCenter": 0.42698538, 
  "yCenter": 0.77089024, 
  "height": 0.4176182
}