{
  "width": 0.2681348, 
  "rotation": 0.24087524, 
  "xCenter": 0.18287951, 
  "yCenter": 0.25716537, 
  "height": 0.47668412
}