{
  "width": 0.10325035, 
  "rotation": 0.58844227, 
  "xCenter": 0.3619549, 
  "yCenter": 0.712821, 
  "height": 0.18355617
}