{
  "width": 0.27260268, 
  "rotation": -0.2149458, 
  "xCenter": 0.44885918, 
  "yCenter": 0.29337397, 
  "height": 0.484627
}