{
  "width": 0.20991935, 
  "rotation": -0.23809075, 
  "xCenter": 0.29589325, 
  "yCenter": 0.44916427, 
  "height": 0.37318996
}