{
  "width": 0.2168256, 
  "rotation": 0.44658208, 
  "xCenter": 0.1163171, 
  "yCenter": 0.4294372, 
  "height": 0.38546777
}