{
  "width": 0.27946517, 
  "rotation": 0.067905545, 
  "xCenter": 0.14677352, 
  "yCenter": 0.28757018, 
  "height": 0.49682698
}