{
  "width": 0.2897378, 
  "rotation": -0.779174, 
  "xCenter": 0.66419905, 
  "yCenter": 0.3455751, 
  "height": 0.51508945
}