{
  "width": 0.23585966, 
  "rotation": -0.5296961, 
  "xCenter": 0.38121146, 
  "yCenter": 0.64267504, 
  "height": 0.41930607
}