{
  "width": 0.30496612, 
  "rotation": -0.30176616, 
  "xCenter": 0.5804301, 
  "yCenter": 0.7137948, 
  "height": 0.542162
}