{
  "width": 0.28485012, 
  "rotation": -0.28716302, 
  "xCenter": 0.42562336, 
  "yCenter": 0.31002647, 
  "height": 0.5064002
}