{
  "width": 0.40095088, 
  "rotation": -0.4550768, 
  "xCenter": 0.68078446, 
  "yCenter": 0.7330831, 
  "height": 0.7128016
}