{
  "width": 0.28824314, 
  "rotation": 0.23015082, 
  "xCenter": 0.12937728, 
  "yCenter": 0.6898075, 
  "height": 0.5124323
}