{
  "width": 0.27852228, 
  "rotation": 0.19259536, 
  "xCenter": 0.12202254, 
  "yCenter": 0.7052505, 
  "height": 0.49515072
}