{
  "width": 0.14006577, 
  "rotation": -1.1121291, 
  "xCenter": 0.17302027, 
  "yCenter": 0.6337913, 
  "height": 0.24900581
}