{
  "width": 0.18306348, 
  "rotation": -0.52436507, 
  "xCenter": 0.50271994, 
  "yCenter": 0.47554424, 
  "height": 0.32544616
}