{
  "width": 0.222577, 
  "rotation": 0.4644382, 
  "xCenter": 0.12672542, 
  "yCenter": 0.44239423, 
  "height": 0.39569244
}