{
  "width": 0.29894763, 
  "rotation": -0.31557107, 
  "xCenter": 0.56419224, 
  "yCenter": 0.7340594, 
  "height": 0.53146243
}