{
  "width": 0.26911768, 
  "rotation": -1.6692966, 
  "xCenter": 0.68728334, 
  "yCenter": 0.64869434, 
  "height": 0.47843143
}