{
  "width": 0.15197398, 
  "rotation": -1.68794, 
  "xCenter": 0.33513942, 
  "yCenter": 0.69127214, 
  "height": 0.27017596
}