{
  "width": 0.22309376, 
  "rotation": -0.62396634, 
  "xCenter": 0.23879607, 
  "yCenter": 0.5286391, 
  "height": 0.39661115
}