{
  "width": 0.31500646, 
  "rotation": -0.60718906, 
  "xCenter": 0.26550898, 
  "yCenter": 0.8613146, 
  "height": 0.5600115
}