{
  "width": 0.17982665, 
  "rotation": -0.94348156, 
  "xCenter": 0.33589962, 
  "yCenter": 0.75024766, 
  "height": 0.3196918
}