{
  "width": 0.2766642, 
  "rotation": -0.37065005, 
  "xCenter": 0.49981767, 
  "yCenter": 0.29485363, 
  "height": 0.49184746
}