{
  "width": 0.20897426, 
  "rotation": -0.159109, 
  "xCenter": 0.58226544, 
  "yCenter": 0.48434952, 
  "height": 0.3715098
}