{
  "width": 0.1311697, 
  "rotation": -0.26374114, 
  "xCenter": 0.29392603, 
  "yCenter": 0.64452904, 
  "height": 0.23319058
}