{
  "width": 0.25594705, 
  "rotation": -0.9640728, 
  "xCenter": 0.7069028, 
  "yCenter": 0.32590428, 
  "height": 0.45501703
}