{
  "width": 0.30343887, 
  "rotation": -0.71033084, 
  "xCenter": 0.27845725, 
  "yCenter": 0.8069194, 
  "height": 0.5394469
}