{
  "width": 0.38957638, 
  "rotation": -0.50333345, 
  "xCenter": 0.66920376, 
  "yCenter": 0.7412147, 
  "height": 0.6925803
}