{
  "width": 0.18735512, 
  "rotation": 0.17730284, 
  "xCenter": 0.5557072, 
  "yCenter": 0.41331264, 
  "height": 0.33307576
}