{
  "width": 0.21398993, 
  "rotation": -0.35730004, 
  "xCenter": 0.3003962, 
  "yCenter": 0.4382767, 
  "height": 0.38042653
}