{
  "width": 0.35728765, 
  "rotation": -0.66334975, 
  "xCenter": 0.6234464, 
  "yCenter": 0.78538007, 
  "height": 0.635178
}