{
  "width": 0.20597818, 
  "rotation": -0.28734565, 
  "xCenter": 0.07714772, 
  "yCenter": 0.57152414, 
  "height": 0.36618343
}