{
  "width": 0.1755491, 
  "rotation": 0.46247625, 
  "xCenter": 0.36018792, 
  "yCenter": 0.6906185, 
  "height": 0.3120873
}