{
  "width": 0.33706054, 
  "rotation": -0.7154614, 
  "xCenter": 0.8126748, 
  "yCenter": 0.6686069, 
  "height": 0.5992187
}