{
  "width": 0.18763193, 
  "rotation": 0.51569057, 
  "xCenter": 0.14788008, 
  "yCenter": 0.5256181, 
  "height": 0.3335679
}