{
  "width": 0.24078496, 
  "rotation": 0.3052889, 
  "xCenter": 0.1056075, 
  "yCenter": 0.43609333, 
  "height": 0.42806214
}