{
  "width": 0.18728848, 
  "rotation": 0.84908664, 
  "xCenter": 0.15776409, 
  "yCenter": 0.48956358, 
  "height": 0.3329573
}