{
  "width": 0.26362514, 
  "rotation": -1.7247986, 
  "xCenter": 0.51755625, 
  "yCenter": 0.2003243, 
  "height": 0.46866697
}