{
  "width": 0.33824143, 
  "rotation": -0.53059304, 
  "xCenter": 0.6518555, 
  "yCenter": 0.8463823, 
  "height": 0.6013181
}