{
  "width": 0.40197647, 
  "rotation": -0.40899348, 
  "xCenter": 0.6737838, 
  "yCenter": 0.77536887, 
  "height": 0.7146249
}