{
  "width": 0.27580565, 
  "rotation": 0.12039173, 
  "xCenter": 0.16087298, 
  "yCenter": 0.26485452, 
  "height": 0.49032116
}