{
  "width": 0.17412537, 
  "rotation": -0.49777758, 
  "xCenter": 0.38711482, 
  "yCenter": 0.5549536, 
  "height": 0.30955622
}