{
  "width": 0.2829179, 
  "rotation": -0.87984574, 
  "xCenter": 0.70110154, 
  "yCenter": 0.3479673, 
  "height": 0.5029651
}