{
  "width": 0.30172318, 
  "rotation": -1.1234978, 
  "xCenter": 0.63269365, 
  "yCenter": 0.48350608, 
  "height": 0.53639674
}