{
  "width": 0.12346554, 
  "rotation": 0.5827753, 
  "xCenter": 0.39105424, 
  "yCenter": 0.51513475, 
  "height": 0.21949428
}