{
  "width": 0.17735934, 
  "rotation": -0.4041233, 
  "xCenter": 0.35560524, 
  "yCenter": 0.49643198, 
  "height": 0.31530547
}