{
  "width": 0.20041282, 
  "rotation": -0.54101384, 
  "xCenter": 0.57298714, 
  "yCenter": 0.7204791, 
  "height": 0.35628948
}