{
  "width": 0.2088046, 
  "rotation": -0.6695415, 
  "xCenter": 0.75203586, 
  "yCenter": 0.2333022, 
  "height": 0.3712082
}