{
  "width": 0.3238017, 
  "rotation": -0.8182951, 
  "xCenter": 0.31812644, 
  "yCenter": 0.7673665, 
  "height": 0.5756474
}