{
  "width": 0.28812796, 
  "rotation": -0.86201394, 
  "xCenter": 0.6961734, 
  "yCenter": 0.36015296, 
  "height": 0.5122275
}