{
  "width": 0.17986873, 
  "rotation": 0.43370664, 
  "xCenter": 0.19707118, 
  "yCenter": 0.2812721, 
  "height": 0.3197666
}