{
  "width": 0.22129555, 
  "rotation": -1.8803905, 
  "xCenter": 0.56032753, 
  "yCenter": 0.40942353, 
  "height": 0.39341432
}