{
  "width": 0.3775552, 
  "rotation": -0.4928881, 
  "xCenter": 0.6822526, 
  "yCenter": 0.75157535, 
  "height": 0.6712092
}