{
  "width": 0.22082931, 
  "rotation": -0.7250346, 
  "xCenter": 0.53644717, 
  "yCenter": 0.74323374, 
  "height": 0.39258543
}