{
  "width": 0.20598146, 
  "rotation": 0.75349104, 
  "xCenter": 0.102648236, 
  "yCenter": 0.40740898, 
  "height": 0.36618924
}