{
  "width": 0.324724, 
  "rotation": -2.1062343, 
  "xCenter": 0.5192041, 
  "yCenter": 0.26277614, 
  "height": 0.5772871
}