{
  "width": 0.19585603, 
  "rotation": -0.34611487, 
  "xCenter": 0.559351, 
  "yCenter": 0.60134715, 
  "height": 0.3481885
}