{
  "width": 0.1878387, 
  "rotation": 0.82192826, 
  "xCenter": 0.18174317, 
  "yCenter": 0.55601007, 
  "height": 0.33393547
}