{
  "width": 0.41864935, 
  "rotation": -0.2753445, 
  "xCenter": 0.6593613, 
  "yCenter": 0.7807796, 
  "height": 0.74426544
}