{
  "width": 0.27225968, 
  "rotation": 0.21932185, 
  "xCenter": 0.15161228, 
  "yCenter": 0.27585524, 
  "height": 0.48401722
}