{
  "width": 0.15059674, 
  "rotation": -0.18259251, 
  "xCenter": 0.60658693, 
  "yCenter": 0.49695, 
  "height": 0.26772755
}