{
  "width": 0.23914926, 
  "rotation": -1.1397022, 
  "xCenter": 0.30131167, 
  "yCenter": 0.6639418, 
  "height": 0.42515424
}