{
  "width": 0.2205867, 
  "rotation": 0.14028788, 
  "xCenter": 0.09490111, 
  "yCenter": 0.37434024, 
  "height": 0.39215416
}