{
  "width": 0.23083834, 
  "rotation": -0.7760917, 
  "xCenter": 0.481485, 
  "yCenter": 0.5424637, 
  "height": 0.41037926
}