{
  "width": 0.20336644, 
  "rotation": -0.9483224, 
  "xCenter": 0.5071643, 
  "yCenter": 0.6497273, 
  "height": 0.36154035
}