{
  "width": 0.3229364, 
  "rotation": -0.3876642, 
  "xCenter": 0.2313866, 
  "yCenter": 0.76178646, 
  "height": 0.5741091
}