{
  "width": 0.1823503, 
  "rotation": -0.10935509, 
  "xCenter": 0.38308698, 
  "yCenter": 0.43400395, 
  "height": 0.32417828
}