{
  "width": 0.19023588, 
  "rotation": 0.73951477, 
  "xCenter": 0.24331322, 
  "yCenter": 0.4288287, 
  "height": 0.33819714
}