{
  "width": 0.17247458, 
  "rotation": 0.07806015, 
  "xCenter": 0.36693588, 
  "yCenter": 0.8088509, 
  "height": 0.30662146
}