{
  "width": 0.13106298, 
  "rotation": 0.019601345, 
  "xCenter": 0.5558636, 
  "yCenter": 0.3891448, 
  "height": 0.23300086
}