{
  "width": 0.17727053, 
  "rotation": -0.3557546, 
  "xCenter": 0.29344746, 
  "yCenter": 0.34254816, 
  "height": 0.3151476
}