{
  "width": 0.2685748, 
  "rotation": -0.9351069, 
  "xCenter": 0.6711279, 
  "yCenter": 0.41296828, 
  "height": 0.47746632
}