{
  "width": 0.3676402, 
  "rotation": -0.42521477, 
  "xCenter": 0.8441274, 
  "yCenter": 0.6679834, 
  "height": 0.65358263
}