{
  "width": 0.16105488, 
  "rotation": 0.5862532, 
  "xCenter": 0.3671086, 
  "yCenter": 0.6721539, 
  "height": 0.28631976
}