{
  "width": 0.18106705, 
  "rotation": -0.06506181, 
  "xCenter": 0.35590947, 
  "yCenter": 0.76979786, 
  "height": 0.32189697
}