{
  "width": 0.3113922, 
  "rotation": -0.9103924, 
  "xCenter": 0.6952059, 
  "yCenter": 0.35959083, 
  "height": 0.5535861
}