{
  "width": 0.21822082, 
  "rotation": -0.3424573, 
  "xCenter": 0.28258377, 
  "yCenter": 0.51264024, 
  "height": 0.38794813
}