{
  "width": 0.28820738, 
  "rotation": -0.34018564, 
  "xCenter": 0.49551338, 
  "yCenter": 0.29699683, 
  "height": 0.5123687
}