{
  "width": 0.27431762, 
  "rotation": -1.016805, 
  "xCenter": 0.7014779, 
  "yCenter": 0.44968045, 
  "height": 0.48767576
}