{
  "width": 0.2900502, 
  "rotation": -0.83362186, 
  "xCenter": 0.6567371, 
  "yCenter": 0.32683182, 
  "height": 0.51564485
}