{
  "width": 0.14296433, 
  "rotation": 1.0476935, 
  "xCenter": 0.15060653, 
  "yCenter": 0.61184555, 
  "height": 0.25415882
}