{
  "width": 0.27187377, 
  "rotation": -0.04465103, 
  "xCenter": 0.10012154, 
  "yCenter": 0.301836, 
  "height": 0.48333114
}