{
  "width": 0.21610777, 
  "rotation": 0.16931868, 
  "xCenter": 0.4113253, 
  "yCenter": 0.3873308, 
  "height": 0.3841916
}