{
  "width": 0.1621661, 
  "rotation": 0.4464091, 
  "xCenter": 0.20534371, 
  "yCenter": 0.27798823, 
  "height": 0.2882953
}