{
  "width": 0.24815747, 
  "rotation": -0.57855, 
  "xCenter": 0.40701765, 
  "yCenter": 0.69885516, 
  "height": 0.44116884
}