{
  "width": 0.20869006, 
  "rotation": -0.9041754, 
  "xCenter": 0.5076372, 
  "yCenter": 0.6392039, 
  "height": 0.37100452
}