{
  "width": 0.23867257, 
  "rotation": 0.3133744, 
  "xCenter": 0.19209082, 
  "yCenter": 0.2823698, 
  "height": 0.42430678
}