{
  "width": 0.24751613, 
  "rotation": -0.4370576, 
  "xCenter": 0.31660572, 
  "yCenter": 0.5366478, 
  "height": 0.44002867
}