{
  "width": 0.23014422, 
  "rotation": -2.1316378, 
  "xCenter": 0.4921631, 
  "yCenter": 0.68984014, 
  "height": 0.4091453
}