{
  "width": 0.20550027, 
  "rotation": -0.42590666, 
  "xCenter": 0.5228065, 
  "yCenter": 0.51842535, 
  "height": 0.3653338
}