{
  "width": 0.18368018, 
  "rotation": -0.37370968, 
  "xCenter": 0.52506983, 
  "yCenter": 0.5200997, 
  "height": 0.32654253
}