{
  "width": 0.19914283, 
  "rotation": -0.53245914, 
  "xCenter": 0.32330114, 
  "yCenter": 0.60813254, 
  "height": 0.35403168
}