{
  "width": 0.32502532, 
  "rotation": -0.9617206, 
  "xCenter": 0.6570144, 
  "yCenter": 0.48948234, 
  "height": 0.5778228
}