{
  "width": 0.2578499, 
  "rotation": -0.18138552, 
  "xCenter": 0.45616654, 
  "yCenter": 0.29283124, 
  "height": 0.4583998
}