{
  "width": 0.13095127, 
  "rotation": -1.6177119, 
  "xCenter": 0.014791762, 
  "yCenter": 0.6639253, 
  "height": 0.23280224
}