{
  "width": 0.2875072, 
  "rotation": 0.20782924, 
  "xCenter": 0.12925872, 
  "yCenter": 0.6853368, 
  "height": 0.5111239
}