{
  "width": 0.21603718, 
  "rotation": -2.207216, 
  "xCenter": 0.47320607, 
  "yCenter": 0.57182276, 
  "height": 0.38406613
}