{
  "width": 0.26002097, 
  "rotation": -0.8696543, 
  "xCenter": 0.4492144, 
  "yCenter": 0.60720295, 
  "height": 0.46225953
}