{
  "width": 0.2663339, 
  "rotation": -0.94953907, 
  "xCenter": 0.6794669, 
  "yCenter": 0.33623606, 
  "height": 0.47348252
}