{
  "width": 0.3226771, 
  "rotation": -0.2093494, 
  "xCenter": 0.5727115, 
  "yCenter": 0.72085357, 
  "height": 0.57364815
}