{
  "width": 0.19562915, 
  "rotation": 0.03375256, 
  "xCenter": 0.100607485, 
  "yCenter": 0.4882845, 
  "height": 0.34778515
}