{
  "width": 0.16399583, 
  "rotation": 1.0012894, 
  "xCenter": 0.3666747, 
  "yCenter": 0.7263505, 
  "height": 0.29154816
}