{
  "width": 0.17527728, 
  "rotation": 0.09138489, 
  "xCenter": 0.35061958, 
  "yCenter": 0.6874728, 
  "height": 0.31160405
}