{
  "width": 0.23062633, 
  "rotation": -0.97381413, 
  "xCenter": 0.68880635, 
  "yCenter": 0.40650094, 
  "height": 0.41000235
}