{
  "width": 0.24829285, 
  "rotation": -0.7620808, 
  "xCenter": 0.6563761, 
  "yCenter": 0.26629713, 
  "height": 0.4414095
}