{
  "width": 0.17630614, 
  "rotation": -2.3012807, 
  "xCenter": 0.940177, 
  "yCenter": 0.9302188, 
  "height": 0.31343314
}