{
  "width": 0.26999342, 
  "rotation": -0.8503808, 
  "xCenter": 0.67287755, 
  "yCenter": 0.45541632, 
  "height": 0.47998834
}