{
  "width": 0.32367513, 
  "rotation": -0.79739463, 
  "xCenter": 0.6642362, 
  "yCenter": 0.4120592, 
  "height": 0.57542247
}