{
  "width": 0.14441413, 
  "rotation": -2.3820407, 
  "xCenter": 0.05742692, 
  "yCenter": 0.9102398, 
  "height": 0.25673625
}