{
  "width": 0.15149288, 
  "rotation": 0.20132077, 
  "xCenter": 0.36024746, 
  "yCenter": 0.7312137, 
  "height": 0.26932067
}