{
  "width": 0.2912837, 
  "rotation": -0.24008703, 
  "xCenter": 0.44572085, 
  "yCenter": 0.2847815, 
  "height": 0.5178377
}