{
  "width": 0.217863, 
  "rotation": -0.39528644, 
  "xCenter": 0.5638227, 
  "yCenter": 0.45432812, 
  "height": 0.38731197
}