{
  "width": 0.2569671, 
  "rotation": 0.06491268, 
  "xCenter": 0.13101241, 
  "yCenter": 0.30292097, 
  "height": 0.45683038
}