{
  "width": 0.22988991, 
  "rotation": -0.72345364, 
  "xCenter": 0.7338303, 
  "yCenter": 0.51775527, 
  "height": 0.40869316
}