{
  "width": 0.22398767, 
  "rotation": 0.74093086, 
  "xCenter": 0.10044025, 
  "yCenter": 0.42115042, 
  "height": 0.39820027
}