{
  "width": 0.37181395, 
  "rotation": -0.50679266, 
  "xCenter": 0.6845342, 
  "yCenter": 0.7192063, 
  "height": 0.6610026
}