{
  "width": 0.21190958, 
  "rotation": 0.8713477, 
  "xCenter": 0.1500382, 
  "yCenter": 0.49656045, 
  "height": 0.37672815
}