{
  "width": 0.24388574, 
  "rotation": -0.8683096, 
  "xCenter": 0.37513912, 
  "yCenter": 0.5737375, 
  "height": 0.43357465
}