{
  "width": 0.2754927, 
  "rotation": -0.19934428, 
  "xCenter": 0.44796127, 
  "yCenter": 0.29281342, 
  "height": 0.4897648
}