{
  "width": 0.2658592, 
  "rotation": -0.22285414, 
  "xCenter": 0.44680423, 
  "yCenter": 0.29865566, 
  "height": 0.47263855
}