{
  "width": 0.26765102, 
  "rotation": -2.2382977, 
  "xCenter": 0.43221477, 
  "yCenter": 0.6980757, 
  "height": 0.47582403
}