{
  "width": 0.16408691, 
  "rotation": 0.084141135, 
  "xCenter": 0.3668411, 
  "yCenter": 0.79520863, 
  "height": 0.29171005
}