{
  "width": 0.23413838, 
  "rotation": -0.53901494, 
  "xCenter": 0.41102102, 
  "yCenter": 0.67692786, 
  "height": 0.41624603
}