{
  "width": 0.20747359, 
  "rotation": 3.099236, 
  "xCenter": 0.3250071, 
  "yCenter": 0.7673572, 
  "height": 0.36884195
}