{
  "width": 0.22050342, 
  "rotation": -2.12092, 
  "xCenter": 0.50693613, 
  "yCenter": 0.9482647, 
  "height": 0.3920061
}