{
  "width": 0.185877, 
  "rotation": -0.26075184, 
  "xCenter": 0.33609033, 
  "yCenter": 0.46932855, 
  "height": 0.330448
}