{
  "width": 0.18451308, 
  "rotation": 0.23545253, 
  "xCenter": 0.12901239, 
  "yCenter": 0.2686737, 
  "height": 0.32802325
}