{
  "width": 0.23851317, 
  "rotation": 0.12030506, 
  "xCenter": 0.15903878, 
  "yCenter": 0.29403287, 
  "height": 0.42402342
}