{
  "width": 0.18501303, 
  "rotation": -0.9681698, 
  "xCenter": 0.32723123, 
  "yCenter": 0.72310174, 
  "height": 0.32891202
}