{
  "width": 0.24849509, 
  "rotation": -0.5411886, 
  "xCenter": 0.40379107, 
  "yCenter": 0.6597889, 
  "height": 0.44176903
}