{
  "width": 0.21636619, 
  "rotation": -0.3597064, 
  "xCenter": 0.51363957, 
  "yCenter": 0.35876885, 
  "height": 0.38465104
}