{
  "width": 0.23067822, 
  "rotation": -0.22226107, 
  "xCenter": 0.28396654, 
  "yCenter": 0.48523125, 
  "height": 0.41009462
}