{
  "width": 0.37405005, 
  "rotation": -2.5014975, 
  "xCenter": 0.67178965, 
  "yCenter": 0.6915019, 
  "height": 0.66497785
}