{
  "width": 0.2683283, 
  "rotation": -0.87413275, 
  "xCenter": 0.7392103, 
  "yCenter": 0.43047404, 
  "height": 0.47702813
}