{
  "width": 0.20114586, 
  "rotation": -0.43857777, 
  "xCenter": 0.101704754, 
  "yCenter": 0.42948416, 
  "height": 0.35759264
}