{
  "width": 0.21578793, 
  "rotation": -0.3600248, 
  "xCenter": 0.544884, 
  "yCenter": 0.5750263, 
  "height": 0.38362297
}