{
  "width": 0.23311147, 
  "rotation": -0.58369887, 
  "xCenter": 0.35216197, 
  "yCenter": 0.62631774, 
  "height": 0.4144204
}