{
  "width": 0.20399885, 
  "rotation": -0.6232351, 
  "xCenter": 0.756974, 
  "yCenter": 0.2276854, 
  "height": 0.36266464
}