{
  "width": 0.28951865, 
  "rotation": -0.9320222, 
  "xCenter": 0.6675662, 
  "yCenter": 0.44034854, 
  "height": 0.5146999
}