{
  "width": 0.21443523, 
  "rotation": -0.428589, 
  "xCenter": 0.5078682, 
  "yCenter": 0.49454248, 
  "height": 0.3812182
}