{
  "width": 0.35590544, 
  "rotation": -1.9335679, 
  "xCenter": 0.48013872, 
  "yCenter": 0.13498922, 
  "height": 0.63272077
}