{
  "width": 0.20392914, 
  "rotation": -0.26431334, 
  "xCenter": 0.76864016, 
  "yCenter": 0.20363334, 
  "height": 0.3625407
}