{
  "width": 0.15034863, 
  "rotation": 0.694105, 
  "xCenter": 0.09374613, 
  "yCenter": 0.37962395, 
  "height": 0.26728645
}