{
  "width": 0.32345882, 
  "rotation": -0.6053945, 
  "xCenter": 0.2543178, 
  "yCenter": 0.8457385, 
  "height": 0.5750379
}