{
  "width": 0.28988162, 
  "rotation": -1.4215122, 
  "xCenter": 0.5230864, 
  "yCenter": 0.40840453, 
  "height": 0.5153451
}