{
  "width": 0.22492933, 
  "rotation": 0.104834914, 
  "xCenter": 0.10566472, 
  "yCenter": 0.33145705, 
  "height": 0.39987436
}