{
  "width": 0.23944059, 
  "rotation": 0.3520819, 
  "xCenter": 0.10947866, 
  "yCenter": 0.5350237, 
  "height": 0.42567214
}