{
  "width": 0.1588256, 
  "rotation": 0.97948503, 
  "xCenter": 0.11859752, 
  "yCenter": 0.41655913, 
  "height": 0.28235662
}