{
  "width": 0.3083986, 
  "rotation": -0.92710364, 
  "xCenter": 0.6456835, 
  "yCenter": 0.48180297, 
  "height": 0.5482642
}