{
  "width": 0.15730649, 
  "rotation": -0.45668423, 
  "xCenter": 0.030799164, 
  "yCenter": 0.48243737, 
  "height": 0.279656
}