{
  "width": 0.3154881, 
  "rotation": -2.0184028, 
  "xCenter": 0.546147, 
  "yCenter": 0.40578437, 
  "height": 0.5608677
}