{
  "width": 0.28944582, 
  "rotation": -1.1081389, 
  "xCenter": 0.63454914, 
  "yCenter": 0.46872154, 
  "height": 0.51457036
}