{
  "width": 0.22789636, 
  "rotation": 0.057405114, 
  "xCenter": 0.33502886, 
  "yCenter": 0.59506536, 
  "height": 0.40514907
}