{
  "width": 0.20974137, 
  "rotation": -1.3708512, 
  "xCenter": 0.4763335, 
  "yCenter": 0.69514865, 
  "height": 0.37287354
}