{
  "width": 0.18722469, 
  "rotation": -0.8499428, 
  "xCenter": 0.5460667, 
  "yCenter": 0.73777777, 
  "height": 0.3328439
}