{
  "width": 0.18113221, 
  "rotation": 0.9983778, 
  "xCenter": 0.48361722, 
  "yCenter": 0.58800614, 
  "height": 0.3220128
}