{
  "width": 0.28949067, 
  "rotation": 0.16024077, 
  "xCenter": 0.1408097, 
  "yCenter": 0.2821237, 
  "height": 0.5146501
}