{
  "width": 0.24020857, 
  "rotation": -0.6446947, 
  "xCenter": 0.5377685, 
  "yCenter": 0.6970188, 
  "height": 0.42703748
}