{
  "width": 0.26362887, 
  "rotation": -0.8447796, 
  "xCenter": 0.6562369, 
  "yCenter": 0.33727574, 
  "height": 0.46867356
}