{
  "width": 0.2976155, 
  "rotation": -0.90929997, 
  "xCenter": 0.6298514, 
  "yCenter": 0.5133679, 
  "height": 0.5290942
}