{
  "width": 0.32028517, 
  "rotation": -0.8026091, 
  "xCenter": 0.6325344, 
  "yCenter": 0.48062065, 
  "height": 0.56939584
}