{
  "width": 0.27943867, 
  "rotation": 0.15064228, 
  "xCenter": 0.14906578, 
  "yCenter": 0.2746108, 
  "height": 0.49677986
}