{
  "width": 0.35110217, 
  "rotation": -1.7421602, 
  "xCenter": 0.47963622, 
  "yCenter": 0.28847608, 
  "height": 0.6241817
}