{
  "width": 0.17021823, 
  "rotation": -0.7736138, 
  "xCenter": 0.3410697, 
  "yCenter": 0.7235515, 
  "height": 0.30261016
}