{
  "width": 0.27292138, 
  "rotation": -0.36914146, 
  "xCenter": 0.5136176, 
  "yCenter": 0.5164679, 
  "height": 0.48519358
}