{
  "width": 0.21282284, 
  "rotation": -0.42626154, 
  "xCenter": 0.5416093, 
  "yCenter": 0.58344877, 
  "height": 0.37835172
}