{
  "width": 0.17441517, 
  "rotation": -1.0337979, 
  "xCenter": 0.5387472, 
  "yCenter": 0.7802534, 
  "height": 0.31007144
}