{
  "width": 0.21062408, 
  "rotation": -0.243191, 
  "xCenter": 0.551964, 
  "yCenter": 0.5041123, 
  "height": 0.37444282
}