{
  "width": 0.17168953, 
  "rotation": -0.7908708, 
  "xCenter": 0.35418662, 
  "yCenter": 0.6245741, 
  "height": 0.30522582
}