{
  "width": 0.36090624, 
  "rotation": -2.5583732, 
  "xCenter": 0.6670948, 
  "yCenter": 0.7235569, 
  "height": 0.6416111
}