{
  "width": 0.23611437, 
  "rotation": -0.3192134, 
  "xCenter": 0.32579714, 
  "yCenter": 0.5769646, 
  "height": 0.41975886
}