{
  "width": 0.19628574, 
  "rotation": -0.5989119, 
  "xCenter": 0.7590884, 
  "yCenter": 0.22469056, 
  "height": 0.3489524
}