{
  "width": 0.37867782, 
  "rotation": -0.46894896, 
  "xCenter": 0.6794727, 
  "yCenter": 0.75239915, 
  "height": 0.673205
}