{
  "width": 0.22421552, 
  "rotation": -0.59511817, 
  "xCenter": 0.34858853, 
  "yCenter": 0.62376, 
  "height": 0.39860538
}