{
  "width": 0.27092233, 
  "rotation": -0.9780675, 
  "xCenter": 0.70473516, 
  "yCenter": 0.4858523, 
  "height": 0.4816397
}