{
  "width": 0.17682615, 
  "rotation": -0.2701311, 
  "xCenter": 0.27786547, 
  "yCenter": 0.44534808, 
  "height": 0.3143576
}