{
  "width": 0.2901705, 
  "rotation": -0.7867526, 
  "xCenter": 0.7076922, 
  "yCenter": 0.422658, 
  "height": 0.51585865
}