{
  "width": 0.24434695, 
  "rotation": -0.6328751, 
  "xCenter": 0.41335, 
  "yCenter": 0.72662187, 
  "height": 0.43439457
}