{
  "width": 0.3073197, 
  "rotation": -0.8179492, 
  "xCenter": 0.705636, 
  "yCenter": 0.28410462, 
  "height": 0.5463461
}