{
  "width": 0.23938003, 
  "rotation": -0.21581662, 
  "xCenter": 0.05246379, 
  "yCenter": 0.48258764, 
  "height": 0.4255645
}