{
  "width": 0.20118095, 
  "rotation": 0.3858775, 
  "xCenter": 0.16237079, 
  "yCenter": 0.33775452, 
  "height": 0.35765502
}