{
  "width": 0.22523238, 
  "rotation": -1.1115886, 
  "xCenter": 0.36845163, 
  "yCenter": 0.5489721, 
  "height": 0.40041313
}