{
  "width": 0.3595285, 
  "rotation": -0.76377666, 
  "xCenter": 0.8013497, 
  "yCenter": 0.67231584, 
  "height": 0.6391618
}