{
  "width": 0.16530058, 
  "rotation": 0.77066153, 
  "xCenter": 0.36661124, 
  "yCenter": 0.69047695, 
  "height": 0.2938677
}