{
  "width": 0.2943193, 
  "rotation": -0.7601272, 
  "xCenter": 0.7211439, 
  "yCenter": 0.29901296, 
  "height": 0.5232343
}