{
  "width": 0.2818505, 
  "rotation": -0.9964682, 
  "xCenter": 0.6626519, 
  "yCenter": 0.3071675, 
  "height": 0.5010676
}