{
  "width": 0.31810045, 
  "rotation": -0.5276331, 
  "xCenter": 0.72973686, 
  "yCenter": 0.85893625, 
  "height": 0.56551194
}