{
  "width": 0.17463198, 
  "rotation": 0.49411333, 
  "xCenter": 0.21313518, 
  "yCenter": 0.23953891, 
  "height": 0.31045687
}