{
  "width": 0.2699054, 
  "rotation": -0.5022069, 
  "xCenter": 0.40716964, 
  "yCenter": 0.2966376, 
  "height": 0.4798318
}