{
  "width": 0.21963076, 
  "rotation": -0.44309342, 
  "xCenter": 0.54878414, 
  "yCenter": 0.5940451, 
  "height": 0.39045468
}