{
  "width": 0.14596881, 
  "rotation": 0.19212997, 
  "xCenter": 0.36107245, 
  "yCenter": 0.63173366, 
  "height": 0.25950012
}