{
  "width": 0.16159217, 
  "rotation": -1.1485411, 
  "xCenter": 0.037001036, 
  "yCenter": 0.61375606, 
  "height": 0.28727496
}