{
  "width": 0.15722558, 
  "rotation": 1.3178554, 
  "xCenter": 0.36954746, 
  "yCenter": 0.7488398, 
  "height": 0.27951214
}