{
  "width": 0.17885768, 
  "rotation": -0.2225635, 
  "xCenter": 0.33458072, 
  "yCenter": 0.44511753, 
  "height": 0.3179692
}