{
  "width": 0.14273137, 
  "rotation": 0.59082633, 
  "xCenter": 0.49913496, 
  "yCenter": 0.5309815, 
  "height": 0.25374466
}