{
  "width": 0.20311722, 
  "rotation": 0.2246002, 
  "xCenter": 0.120898925, 
  "yCenter": 0.32113546, 
  "height": 0.36109728
}