{
  "width": 0.14883068, 
  "rotation": -0.6377417, 
  "xCenter": 0.28701267, 
  "yCenter": 0.62505984, 
  "height": 0.26458788
}