{
  "width": 0.24639899, 
  "rotation": 0.60333025, 
  "xCenter": 0.064752534, 
  "yCenter": 0.4306714, 
  "height": 0.43804267
}