{
  "width": 0.17696555, 
  "rotation": 1.1206689, 
  "xCenter": 0.24886812, 
  "yCenter": 0.45661438, 
  "height": 0.31460544
}