{
  "width": 0.16034867, 
  "rotation": 0.98164463, 
  "xCenter": 0.34651628, 
  "yCenter": 0.6843069, 
  "height": 0.2850643
}