{
  "width": 0.060663085, 
  "rotation": 1.3453482, 
  "xCenter": 0.17699946, 
  "yCenter": 0.084291205, 
  "height": 0.107845485
}