{
  "width": 0.23159926, 
  "rotation": -0.83452904, 
  "xCenter": 0.52517325, 
  "yCenter": 0.76363784, 
  "height": 0.41173202
}