{
  "width": 0.32382578, 
  "rotation": -0.34448504, 
  "xCenter": 0.5361673, 
  "yCenter": 0.66226816, 
  "height": 0.57569027
}