{
  "width": 0.16120714, 
  "rotation": -0.7216476, 
  "xCenter": 0.48709235, 
  "yCenter": 0.5264325, 
  "height": 0.28659046
}