{
  "width": 0.13462967, 
  "rotation": -1.4014071, 
  "xCenter": 0.008512065, 
  "yCenter": 0.65255165, 
  "height": 0.23934162
}