{
  "width": 0.16194502, 
  "rotation": -1.0637099, 
  "xCenter": 0.06384183, 
  "yCenter": 0.6079855, 
  "height": 0.28790227
}