{
  "width": 0.08827191, 
  "rotation": -0.090319395, 
  "xCenter": 0.5919475, 
  "yCenter": 0.51943785, 
  "height": 0.15692784
}