{
  "width": 0.17768168, 
  "rotation": -0.95707095, 
  "xCenter": 0.50746036, 
  "yCenter": 0.6607613, 
  "height": 0.31587854
}