{
  "width": 0.2593815, 
  "rotation": -0.2983588, 
  "xCenter": 0.5284313, 
  "yCenter": 0.45743254, 
  "height": 0.46112266
}