{
  "width": 0.2396464, 
  "rotation": 0.08612585, 
  "xCenter": 0.11891037, 
  "yCenter": 0.32081544, 
  "height": 0.42603806
}