{
  "width": 0.3075585, 
  "rotation": -0.97152627, 
  "xCenter": 0.65410817, 
  "yCenter": 0.33673215, 
  "height": 0.5467707
}