{
  "width": 0.27064508, 
  "rotation": -0.86861026, 
  "xCenter": 0.6784839, 
  "yCenter": 0.3524681, 
  "height": 0.4811468
}