{
  "width": 0.23016553, 
  "rotation": -0.44290245, 
  "xCenter": 0.39688155, 
  "yCenter": 0.6473606, 
  "height": 0.40918314
}