{
  "width": 0.2514335, 
  "rotation": -0.74889576, 
  "xCenter": 0.64759445, 
  "yCenter": 0.4879218, 
  "height": 0.4469929
}