{
  "width": 0.23097274, 
  "rotation": 0.44336963, 
  "xCenter": 0.118413486, 
  "yCenter": 0.38403904, 
  "height": 0.4106182
}