{
  "width": 0.19456767, 
  "rotation": 0.9173034, 
  "xCenter": 0.17692147, 
  "yCenter": 0.40261552, 
  "height": 0.3458981
}