{
  "width": 0.10333786, 
  "rotation": 0.6905797, 
  "xCenter": 0.39717484, 
  "yCenter": 0.77149165, 
  "height": 0.18371175
}