{
  "width": 0.18902618, 
  "rotation": -1.4004697, 
  "xCenter": 0.32231477, 
  "yCenter": 0.7235801, 
  "height": 0.33604655
}