{
  "width": 0.17055358, 
  "rotation": 0.61349493, 
  "xCenter": 0.12160213, 
  "yCenter": 0.29171458, 
  "height": 0.30320635
}