{
  "width": 0.27522576, 
  "rotation": -0.22342885, 
  "xCenter": 0.44722122, 
  "yCenter": 0.29309806, 
  "height": 0.4892902
}