{
  "width": 0.055270486, 
  "rotation": 1.2918768, 
  "xCenter": 0.17784187, 
  "yCenter": 0.08609266, 
  "height": 0.098258644
}