{
  "width": 0.24897021, 
  "rotation": -2.2439182, 
  "xCenter": 0.4585497, 
  "yCenter": 0.81060976, 
  "height": 0.44261372
}