{
  "width": 0.24801591, 
  "rotation": -0.74384654, 
  "xCenter": 0.63061434, 
  "yCenter": 0.21532382, 
  "height": 0.44091716
}