{
  "width": 0.39685977, 
  "rotation": -0.51377594, 
  "xCenter": 0.6690944, 
  "yCenter": 0.75141585, 
  "height": 0.7055285
}