{
  "width": 0.23862289, 
  "rotation": -1.3548859, 
  "xCenter": 0.39504933, 
  "yCenter": 0.64095736, 
  "height": 0.4242185
}