{
  "width": 0.2797311, 
  "rotation": -0.32940352, 
  "xCenter": 0.51812756, 
  "yCenter": 0.5093219, 
  "height": 0.49729973
}