{
  "width": 0.27627248, 
  "rotation": -0.9303471, 
  "xCenter": 0.66682017, 
  "yCenter": 0.31496966, 
  "height": 0.4911511
}