{
  "width": 0.30142146, 
  "rotation": -0.62745225, 
  "xCenter": 0.27933985, 
  "yCenter": 0.8037048, 
  "height": 0.53586036
}