{
  "width": 0.30924213, 
  "rotation": -0.61058676, 
  "xCenter": 0.304793, 
  "yCenter": 0.8489967, 
  "height": 0.5497638
}