{
  "width": 0.20895496, 
  "rotation": -0.11461377, 
  "xCenter": 0.11479606, 
  "yCenter": 0.406702, 
  "height": 0.3714755
}