{
  "width": 0.20681323, 
  "rotation": -0.14085901, 
  "xCenter": 0.092470534, 
  "yCenter": 0.33555812, 
  "height": 0.36766797
}