{
  "width": 0.23803245, 
  "rotation": -2.1337092, 
  "xCenter": 0.51349527, 
  "yCenter": 0.71205175, 
  "height": 0.42316878
}