{
  "width": 0.16904432, 
  "rotation": 1.1906319, 
  "xCenter": 0.23962039, 
  "yCenter": 0.45399585, 
  "height": 0.30052322
}