{
  "width": 0.23466817, 
  "rotation": -0.813553, 
  "xCenter": 0.7045128, 
  "yCenter": 0.467969, 
  "height": 0.41718784
}