{
  "width": 0.22765978, 
  "rotation": -0.3928206, 
  "xCenter": 0.2864482, 
  "yCenter": 0.43751064, 
  "height": 0.4047285
}