{
  "width": 0.1941322, 
  "rotation": -2.0166957, 
  "xCenter": 0.33223754, 
  "yCenter": 0.76708937, 
  "height": 0.3451239
}