{
  "width": 0.16539472, 
  "rotation": -0.7012867, 
  "xCenter": 0.5022381, 
  "yCenter": 0.5212601, 
  "height": 0.29403505
}