{
  "width": 0.30787876, 
  "rotation": -1.530013, 
  "xCenter": 0.49917653, 
  "yCenter": 0.3809487, 
  "height": 0.54734004
}