{
  "width": 0.14592318, 
  "rotation": 0.09508276, 
  "xCenter": 0.35619333, 
  "yCenter": 0.46790758, 
  "height": 0.259419
}