{
  "width": 0.22549684, 
  "rotation": -0.84738195, 
  "xCenter": 0.68594575, 
  "yCenter": 0.47248843, 
  "height": 0.40088326
}