{
  "width": 0.21384084, 
  "rotation": -0.31103063, 
  "xCenter": 0.5489295, 
  "yCenter": 0.5631952, 
  "height": 0.38016152
}