{
  "width": 0.14790845, 
  "rotation": -1.0385293, 
  "xCenter": 0.19914933, 
  "yCenter": 0.6566018, 
  "height": 0.26294833
}