{
  "width": 0.16096437, 
  "rotation": 2.0591419, 
  "xCenter": 0.14973857, 
  "yCenter": 0.5678878, 
  "height": 0.2861589
}