{
  "width": 0.22504075, 
  "rotation": -0.37496388, 
  "xCenter": 0.5077135, 
  "yCenter": 0.33890587, 
  "height": 0.40007246
}