{
  "width": 0.22534151, 
  "rotation": -0.13402426, 
  "xCenter": 0.58567506, 
  "yCenter": 0.4731025, 
  "height": 0.40060714
}