{
  "width": 0.29449344, 
  "rotation": -1.3147415, 
  "xCenter": 0.53762436, 
  "yCenter": 0.32388124, 
  "height": 0.52354383
}