{
  "width": 0.32688525, 
  "rotation": -2.0086954, 
  "xCenter": 0.6999276, 
  "yCenter": 0.6759438, 
  "height": 0.5811293
}