{
  "width": 0.21621862, 
  "rotation": -0.5270885, 
  "xCenter": 0.52768123, 
  "yCenter": 0.4962161, 
  "height": 0.38438866
}