{
  "width": 0.2506793, 
  "rotation": 0.124277115, 
  "xCenter": 0.11119991, 
  "yCenter": 0.5770321, 
  "height": 0.4456521
}