{
  "width": 0.39741892, 
  "rotation": -0.48277104, 
  "xCenter": 0.6809823, 
  "yCenter": 0.7356558, 
  "height": 0.70652246
}