{
  "width": 0.1982068, 
  "rotation": -0.3273331, 
  "xCenter": 0.57361186, 
  "yCenter": 0.56069726, 
  "height": 0.35236764
}