{
  "width": 0.21215276, 
  "rotation": -0.03917241, 
  "xCenter": 0.12075522, 
  "yCenter": 0.5824539, 
  "height": 0.3771605
}