{
  "width": 0.3232121, 
  "rotation": -0.609491, 
  "xCenter": 0.5182979, 
  "yCenter": 0.65752375, 
  "height": 0.57459927
}