{
  "width": 0.2986572, 
  "rotation": -1.7007903, 
  "xCenter": 0.507763, 
  "yCenter": 0.24830242, 
  "height": 0.5309462
}