{
  "width": 0.3729409, 
  "rotation": -0.3711009, 
  "xCenter": 0.6855826, 
  "yCenter": 0.7432943, 
  "height": 0.66300607
}