{
  "width": 0.15637845, 
  "rotation": -2.442869, 
  "xCenter": 0.6879044, 
  "yCenter": 0.42297333, 
  "height": 0.27800614
}