{
  "width": 0.26350194, 
  "rotation": -1.4605433, 
  "xCenter": 0.44728068, 
  "yCenter": 0.6999749, 
  "height": 0.46844792
}