{
  "width": 0.17384829, 
  "rotation": -0.47650015, 
  "xCenter": 0.37732852, 
  "yCenter": 0.46655947, 
  "height": 0.30906364
}