{
  "width": 0.42248702, 
  "rotation": -0.4393679, 
  "xCenter": 0.6985845, 
  "yCenter": 0.7061887, 
  "height": 0.751088
}