{
  "width": 0.30326873, 
  "rotation": -0.8063606, 
  "xCenter": 0.65342176, 
  "yCenter": 0.47223604, 
  "height": 0.5391444
}