{
  "width": 0.25916034, 
  "rotation": -0.9247755, 
  "xCenter": 0.5932128, 
  "yCenter": 0.19095133, 
  "height": 0.46072948
}