{
  "width": 0.32393208, 
  "rotation": -0.42668974, 
  "xCenter": 0.53787667, 
  "yCenter": 0.66342753, 
  "height": 0.5758792
}