{
  "width": 0.2363837, 
  "rotation": -0.9837059, 
  "xCenter": 0.604125, 
  "yCenter": 0.17117965, 
  "height": 0.4202377
}