{
  "width": 0.18368082, 
  "rotation": 0.6103828, 
  "xCenter": 0.13220742, 
  "yCenter": 0.25940186, 
  "height": 0.32654366
}