{
  "width": 0.23662409, 
  "rotation": -1.1802903, 
  "xCenter": 0.27854857, 
  "yCenter": 0.68068516, 
  "height": 0.42066503
}