{
  "width": 0.29437968, 
  "rotation": -0.8558527, 
  "xCenter": 0.7052548, 
  "yCenter": 0.34087294, 
  "height": 0.52334166
}