{
  "width": 0.24274842, 
  "rotation": -1.0739743, 
  "xCenter": 0.23986563, 
  "yCenter": 0.6232082, 
  "height": 0.43155274
}