{
  "width": 0.32256925, 
  "rotation": -1.5200933, 
  "xCenter": 0.47554088, 
  "yCenter": 0.18767072, 
  "height": 0.57345647
}