{
  "width": 0.23052919, 
  "rotation": -0.23591053, 
  "xCenter": 0.063415974, 
  "yCenter": 0.42626327, 
  "height": 0.40982965
}