{
  "width": 0.23177917, 
  "rotation": 0.06321895, 
  "xCenter": 0.062374745, 
  "yCenter": 0.42454985, 
  "height": 0.41205186
}