{
  "width": 0.236764, 
  "rotation": -0.21365428, 
  "xCenter": 0.5397235, 
  "yCenter": 0.5449828, 
  "height": 0.4209138
}