{
  "width": 0.3911599, 
  "rotation": -0.5445653, 
  "xCenter": 0.67709863, 
  "yCenter": 0.7534683, 
  "height": 0.69539535
}