{
  "width": 0.2636817, 
  "rotation": -0.6515833, 
  "xCenter": 0.7863836, 
  "yCenter": 0.5313712, 
  "height": 0.4687675
}