{
  "width": 0.23902194, 
  "rotation": -0.55749905, 
  "xCenter": 0.3503336, 
  "yCenter": 0.4027497, 
  "height": 0.42492792
}