{
  "width": 0.1952428, 
  "rotation": -0.13089406, 
  "xCenter": 0.5784691, 
  "yCenter": 0.5015101, 
  "height": 0.34709832
}