{
  "width": 0.20137985, 
  "rotation": 0.25802004, 
  "xCenter": 0.13152331, 
  "yCenter": 0.4249524, 
  "height": 0.35800862
}