{
  "width": 0.24573937, 
  "rotation": -0.9842893, 
  "xCenter": 0.3722097, 
  "yCenter": 0.55288494, 
  "height": 0.43686998
}