{
  "width": 0.27021173, 
  "rotation": -0.9586297, 
  "xCenter": 0.59711343, 
  "yCenter": 0.4087592, 
  "height": 0.4803764
}