{
  "width": 0.19072221, 
  "rotation": 0.8027538, 
  "xCenter": 0.18255453, 
  "yCenter": 0.37444812, 
  "height": 0.33906168
}