{
  "width": 0.26913497, 
  "rotation": -0.24717903, 
  "xCenter": 0.44838867, 
  "yCenter": 0.33199683, 
  "height": 0.47846216
}