{
  "width": 0.26463935, 
  "rotation": -0.32018912, 
  "xCenter": 0.50707084, 
  "yCenter": 0.30161154, 
  "height": 0.47046998
}