{
  "width": 0.3042335, 
  "rotation": -1.9313291, 
  "xCenter": 0.5177648, 
  "yCenter": 0.13065001, 
  "height": 0.5408596
}