{
  "width": 0.13174981, 
  "rotation": 0.43459594, 
  "xCenter": 0.40842298, 
  "yCenter": 0.4037401, 
  "height": 0.2342219
}