{
  "width": 0.2688148, 
  "rotation": -0.30037796, 
  "xCenter": 0.5203998, 
  "yCenter": 0.47806975, 
  "height": 0.477893
}