{
  "width": 0.1636109, 
  "rotation": 0.09845805, 
  "xCenter": 0.5762854, 
  "yCenter": 0.43828624, 
  "height": 0.29086384
}