{
  "width": 0.22286835, 
  "rotation": -1.0019366, 
  "xCenter": 0.58702564, 
  "yCenter": 0.25928617, 
  "height": 0.3962104
}