{
  "width": 0.3151127, 
  "rotation": -1.6381367, 
  "xCenter": 0.49130872, 
  "yCenter": 0.36606893, 
  "height": 0.5602004
}