{
  "width": 0.1344127, 
  "rotation": -1.4422618, 
  "xCenter": 0.008466655, 
  "yCenter": 0.65662897, 
  "height": 0.23895591
}