{
  "width": 0.20345229, 
  "rotation": -0.18219268, 
  "xCenter": 0.292728, 
  "yCenter": 0.38616088, 
  "height": 0.36169297
}