{
  "width": 0.18992138, 
  "rotation": -0.28581166, 
  "xCenter": 0.11176224, 
  "yCenter": 0.51329416, 
  "height": 0.337638
}