{
  "width": 0.23301856, 
  "rotation": -0.50779855, 
  "xCenter": 0.26068655, 
  "yCenter": 0.4408587, 
  "height": 0.41425523
}