{
  "width": 0.35236052, 
  "rotation": -0.78670585, 
  "xCenter": 0.6599416, 
  "yCenter": 0.5177933, 
  "height": 0.6264187
}