{
  "width": 0.2888484, 
  "rotation": -0.9608027, 
  "xCenter": 0.632572, 
  "yCenter": 0.47524434, 
  "height": 0.51350826
}