{
  "width": 0.29661044, 
  "rotation": -0.9465982, 
  "xCenter": 0.66769356, 
  "yCenter": 0.4770122, 
  "height": 0.52730745
}