{
  "width": 0.2828712, 
  "rotation": -0.8221904, 
  "xCenter": 0.6491539, 
  "yCenter": 0.37192568, 
  "height": 0.5028821
}