{
  "width": 0.034835808, 
  "rotation": 2.6026697, 
  "xCenter": 0.33528918, 
  "yCenter": 0.50799906, 
  "height": 0.06193033
}