{
  "width": 0.26676953, 
  "rotation": -0.88504946, 
  "xCenter": 0.6272601, 
  "yCenter": 0.2803169, 
  "height": 0.47425696
}