{
  "width": 0.26652154, 
  "rotation": -0.8497225, 
  "xCenter": 0.63042164, 
  "yCenter": 0.28340897, 
  "height": 0.47381604
}