{
  "width": 0.38448757, 
  "rotation": -2.48123, 
  "xCenter": 0.663089, 
  "yCenter": 0.7143255, 
  "height": 0.68353343
}