{
  "width": 0.18866695, 
  "rotation": -1.3088051, 
  "xCenter": 0.3192701, 
  "yCenter": 0.7194414, 
  "height": 0.3354079
}