{
  "width": 0.2248527, 
  "rotation": -0.34059167, 
  "xCenter": 0.33199662, 
  "yCenter": 0.46646369, 
  "height": 0.39973813
}