{
  "width": 0.1725494, 
  "rotation": -2.6257794, 
  "xCenter": 0.702356, 
  "yCenter": 0.47401148, 
  "height": 0.30675447
}