{
  "width": 0.2347073, 
  "rotation": -0.5367404, 
  "xCenter": 0.35490426, 
  "yCenter": 0.62695736, 
  "height": 0.41725743
}