{
  "width": 0.26946095, 
  "rotation": -1.0103182, 
  "xCenter": 0.69767916, 
  "yCenter": 0.31338835, 
  "height": 0.4790417
}