{
  "width": 0.19277743, 
  "rotation": 0.902293, 
  "xCenter": 0.18375495, 
  "yCenter": 0.40518093, 
  "height": 0.3427154
}