{
  "width": 0.18899131, 
  "rotation": -0.49543536, 
  "xCenter": 0.76114404, 
  "yCenter": 0.18785574, 
  "height": 0.33598456
}