{
  "width": 0.19970477, 
  "rotation": -0.2791866, 
  "xCenter": 0.57012975, 
  "yCenter": 0.5619732, 
  "height": 0.35503066
}