{
  "width": 0.1919835, 
  "rotation": -0.5814382, 
  "xCenter": 0.32349843, 
  "yCenter": 0.47158024, 
  "height": 0.341304
}