{
  "width": 0.24579167, 
  "rotation": -1.171326, 
  "xCenter": 0.36692816, 
  "yCenter": 0.5405151, 
  "height": 0.43696296
}