{
  "width": 0.19836557, 
  "rotation": 0.082277656, 
  "xCenter": 0.60816026, 
  "yCenter": 0.482346, 
  "height": 0.3526499
}