{
  "width": 0.3116874, 
  "rotation": -0.4372598, 
  "xCenter": 0.84344774, 
  "yCenter": 0.64763635, 
  "height": 0.55411094
}