{
  "width": 0.2354052, 
  "rotation": -1.3626219, 
  "xCenter": 0.3872273, 
  "yCenter": 0.71843463, 
  "height": 0.41849816
}