{
  "width": 0.27963918, 
  "rotation": -0.3833289, 
  "xCenter": 0.5083306, 
  "yCenter": 0.5532812, 
  "height": 0.49713632
}