{
  "width": 0.25780496, 
  "rotation": -0.9026288, 
  "xCenter": 0.6397053, 
  "yCenter": 0.43629447, 
  "height": 0.4583199
}