{
  "width": 0.1653223, 
  "rotation": 0.7569819, 
  "xCenter": 0.25068027, 
  "yCenter": 0.3687653, 
  "height": 0.29390633
}