{
  "width": 0.21548982, 
  "rotation": -0.5980154, 
  "xCenter": 0.351286, 
  "yCenter": 0.58059746, 
  "height": 0.383093
}