{
  "width": 0.25054342, 
  "rotation": -1.2933198, 
  "xCenter": 0.36337644, 
  "yCenter": 0.55285746, 
  "height": 0.44541055
}