{
  "width": 0.19452116, 
  "rotation": 0.2736975, 
  "xCenter": 0.1503117, 
  "yCenter": 0.40013045, 
  "height": 0.3458154
}