{
  "width": 0.23491272, 
  "rotation": -1.7509683, 
  "xCenter": 0.46069592, 
  "yCenter": 0.8091622, 
  "height": 0.4176226
}