{
  "width": 0.09556956, 
  "rotation": -0.44567454, 
  "xCenter": 0.35831892, 
  "yCenter": 0.74105513, 
  "height": 0.16990143
}