{
  "width": 0.259932, 
  "rotation": 0.13915944, 
  "xCenter": 0.10426613, 
  "yCenter": 0.5783654, 
  "height": 0.46210137
}