{
  "width": 0.29970172, 
  "rotation": -0.79473245, 
  "xCenter": 0.6505706, 
  "yCenter": 0.31798783, 
  "height": 0.53280306
}