{
  "width": 0.2211236, 
  "rotation": -0.69278204, 
  "xCenter": 0.7320497, 
  "yCenter": 0.52540827, 
  "height": 0.39310864
}