{
  "width": 0.18842125, 
  "rotation": 1.1908379, 
  "xCenter": 0.22648892, 
  "yCenter": 0.58204, 
  "height": 0.33497107
}