{
  "width": 0.19019246, 
  "rotation": -0.9071263, 
  "xCenter": 0.23571897, 
  "yCenter": 0.5908089, 
  "height": 0.33811992
}