{
  "width": 0.18519287, 
  "rotation": -0.22366452, 
  "xCenter": 0.5611238, 
  "yCenter": 0.5921804, 
  "height": 0.32923177
}