{
  "width": 0.17626473, 
  "rotation": -1.5242108, 
  "xCenter": 0.4618644, 
  "yCenter": 0.5927, 
  "height": 0.31335953
}