{
  "width": 0.33043936, 
  "rotation": -1.2707773, 
  "xCenter": 0.55481744, 
  "yCenter": 0.14793824, 
  "height": 0.58744776
}