{
  "width": 0.19830675, 
  "rotation": 0.61744374, 
  "xCenter": 0.1681318, 
  "yCenter": 0.5390789, 
  "height": 0.35254535
}