{
  "width": 0.16579989, 
  "rotation": 0.8230453, 
  "xCenter": 0.10081054, 
  "yCenter": 0.37862116, 
  "height": 0.29475537
}