{
  "width": 0.2017454, 
  "rotation": -0.27495837, 
  "xCenter": 0.56641006, 
  "yCenter": 0.56614935, 
  "height": 0.35865852
}