{
  "width": 0.21604393, 
  "rotation": 1.8551346, 
  "xCenter": 0.131044, 
  "yCenter": 0.6493071, 
  "height": 0.3840781
}