{
  "width": 0.2894262, 
  "rotation": 0.20707929, 
  "xCenter": 0.12773485, 
  "yCenter": 0.6775144, 
  "height": 0.5145355
}