{
  "width": 0.3126566, 
  "rotation": -2.5541751, 
  "xCenter": 0.43108147, 
  "yCenter": 0.9086621, 
  "height": 0.555834
}