{
  "width": 0.2163377, 
  "rotation": 0.3626951, 
  "xCenter": 0.113570094, 
  "yCenter": 0.3530423, 
  "height": 0.38460034
}