{
  "width": 0.19683957, 
  "rotation": -0.3275807, 
  "xCenter": 0.09045563, 
  "yCenter": 0.34683183, 
  "height": 0.34993702
}