{
  "width": 0.1516972, 
  "rotation": 0.9826547, 
  "xCenter": 0.24868017, 
  "yCenter": 0.4127517, 
  "height": 0.2696839
}