{
  "width": 0.28321558, 
  "rotation": 0.22156787, 
  "xCenter": 0.14995201, 
  "yCenter": 0.28980386, 
  "height": 0.5034944
}