{
  "width": 0.2936994, 
  "rotation": -2.0857985, 
  "xCenter": 0.56076825, 
  "yCenter": 0.34087184, 
  "height": 0.5221323
}