{
  "width": 0.24573459, 
  "rotation": -1.314349, 
  "xCenter": 0.4396056, 
  "yCenter": 0.6913588, 
  "height": 0.43686146
}