{
  "width": 0.19274265, 
  "rotation": -0.6908423, 
  "xCenter": 0.38579348, 
  "yCenter": 0.58037955, 
  "height": 0.3426536
}