{
  "width": 0.25795427, 
  "rotation": -1.000588, 
  "xCenter": 0.703173, 
  "yCenter": 0.4733765, 
  "height": 0.45858538
}