{
  "width": 0.23805943, 
  "rotation": 0.114574194, 
  "xCenter": 0.12246654, 
  "yCenter": 0.44019738, 
  "height": 0.42321676
}