{
  "width": 0.28520036, 
  "rotation": -0.9061407, 
  "xCenter": 0.6708751, 
  "yCenter": 0.4437854, 
  "height": 0.5070229
}