{
  "width": 0.28483665, 
  "rotation": -0.5972823, 
  "xCenter": 0.71763986, 
  "yCenter": 0.49096453, 
  "height": 0.50637627
}