{
  "width": 0.18828169, 
  "rotation": -1.8745826, 
  "xCenter": 0.3331603, 
  "yCenter": 0.75566965, 
  "height": 0.33472303
}