{
  "width": 0.27487785, 
  "rotation": 0.53909266, 
  "xCenter": 0.17278847, 
  "yCenter": 0.28942573, 
  "height": 0.48867172
}