{
  "width": 0.31931335, 
  "rotation": -0.95745766, 
  "xCenter": 0.6244477, 
  "yCenter": 0.50169075, 
  "height": 0.5676682
}