{
  "width": 0.23453698, 
  "rotation": -0.5407325, 
  "xCenter": 0.2436318, 
  "yCenter": 0.44908148, 
  "height": 0.41695464
}