{
  "width": 0.27326044, 
  "rotation": 0.101126075, 
  "xCenter": 0.13700108, 
  "yCenter": 0.28739226, 
  "height": 0.4857963
}