{
  "width": 0.06905347, 
  "rotation": 1.7361759, 
  "xCenter": 0.60084116, 
  "yCenter": 0.29604518, 
  "height": 0.12276173
}