{
  "width": 0.20668626, 
  "rotation": 0.9816085, 
  "xCenter": 0.10379209, 
  "yCenter": 0.49126205, 
  "height": 0.36744225
}