{
  "width": 0.15143606, 
  "rotation": 0.5200702, 
  "xCenter": 0.5490438, 
  "yCenter": 0.49750665, 
  "height": 0.26921967
}