{
  "width": 0.13821408, 
  "rotation": -0.5609449, 
  "xCenter": 0.28638417, 
  "yCenter": 0.64710414, 
  "height": 0.24571393
}