{
  "width": 0.1769175, 
  "rotation": 0.6495358, 
  "xCenter": 0.13687763, 
  "yCenter": 0.2581387, 
  "height": 0.31451997
}