{
  "width": 0.1933915, 
  "rotation": -0.47351897, 
  "xCenter": 0.056546256, 
  "yCenter": 0.50081414, 
  "height": 0.34380713
}