{
  "width": 0.15398026, 
  "rotation": -2.7785027, 
  "xCenter": 0.96381944, 
  "yCenter": 0.63951147, 
  "height": 0.27374268
}