{
  "width": 0.2669187, 
  "rotation": -0.21753371, 
  "xCenter": 0.44752446, 
  "yCenter": 0.29173017, 
  "height": 0.4745221
}