{
  "width": 0.24370149, 
  "rotation": -1.0136188, 
  "xCenter": 0.45870966, 
  "yCenter": 0.68079835, 
  "height": 0.4332471
}