{
  "width": 0.19439194, 
  "rotation": 0.8268578, 
  "xCenter": 0.24985152, 
  "yCenter": 0.36642653, 
  "height": 0.34558567
}