{
  "width": 0.24216107, 
  "rotation": -2.1126301, 
  "xCenter": 0.51135695, 
  "yCenter": 0.717136, 
  "height": 0.43050852
}