{
  "width": 0.19130838, 
  "rotation": -0.13042927, 
  "xCenter": 0.079090685, 
  "yCenter": 0.52925503, 
  "height": 0.34010375
}