{
  "width": 0.2852526, 
  "rotation": -0.9578525, 
  "xCenter": 0.67448616, 
  "yCenter": 0.3589182, 
  "height": 0.5071157
}