{
  "width": 0.29226106, 
  "rotation": -0.81919396, 
  "xCenter": 0.6418966, 
  "yCenter": 0.37775838, 
  "height": 0.51957524
}