{
  "width": 0.25068304, 
  "rotation": 0.25247347, 
  "xCenter": 0.20094582, 
  "yCenter": 0.2775241, 
  "height": 0.44565877
}