{
  "width": 0.24014218, 
  "rotation": 0.08271265, 
  "xCenter": 0.07860577, 
  "yCenter": 0.549747, 
  "height": 0.42691943
}