{
  "width": 0.17840183, 
  "rotation": -2.8261878, 
  "xCenter": 0.3640888, 
  "yCenter": 0.6913478, 
  "height": 0.31715882
}