{
  "width": 0.24730921, 
  "rotation": 0.22992909, 
  "xCenter": 0.09297639, 
  "yCenter": 0.4263565, 
  "height": 0.43966082
}