{
  "width": 0.19659501, 
  "rotation": 0.49468386, 
  "xCenter": 0.21848124, 
  "yCenter": 0.2252598, 
  "height": 0.34950224
}