{
  "width": 0.26211512, 
  "rotation": -0.9565948, 
  "xCenter": 0.6876046, 
  "yCenter": 0.35178226, 
  "height": 0.4659824
}