{
  "width": 0.17625302, 
  "rotation": -1.1905373, 
  "xCenter": 0.45966768, 
  "yCenter": 0.547629, 
  "height": 0.3133387
}