{
  "width": 0.1861213, 
  "rotation": -0.2689656, 
  "xCenter": 0.07337249, 
  "yCenter": 0.5277502, 
  "height": 0.3308823
}