{
  "width": 0.36761856, 
  "rotation": -0.5060271, 
  "xCenter": 0.6837769, 
  "yCenter": 0.741722, 
  "height": 0.6535441
}