{
  "width": 0.26241246, 
  "rotation": -0.48188698, 
  "xCenter": 0.41134545, 
  "yCenter": 0.28637987, 
  "height": 0.46651098
}