{
  "width": 0.15927914, 
  "rotation": -0.39325476, 
  "xCenter": 0.31315365, 
  "yCenter": 0.32369864, 
  "height": 0.2831629
}