{
  "width": 0.08935001, 
  "rotation": 1.426463, 
  "xCenter": 0.37616885, 
  "yCenter": 0.7686016, 
  "height": 0.15884446
}