{
  "width": 0.13679056, 
  "rotation": -0.0043492317, 
  "xCenter": 0.65173125, 
  "yCenter": 0.53967613, 
  "height": 0.24318323
}