{
  "width": 0.3855697, 
  "rotation": -0.50585926, 
  "xCenter": 0.6534042, 
  "yCenter": 0.76205575, 
  "height": 0.6854573
}