{
  "width": 0.17140809, 
  "rotation": 0.6661416, 
  "xCenter": 0.37883866, 
  "yCenter": 0.7521206, 
  "height": 0.30472547
}