{
  "width": 0.171808, 
  "rotation": -0.5858158, 
  "xCenter": 0.32025328, 
  "yCenter": 0.65383124, 
  "height": 0.30543646
}