{
  "width": 0.25362232, 
  "rotation": -1.0543433, 
  "xCenter": 0.39121985, 
  "yCenter": 0.55826974, 
  "height": 0.45088416
}