{
  "width": 0.26530987, 
  "rotation": -0.82931674, 
  "xCenter": 0.67227155, 
  "yCenter": 0.31050402, 
  "height": 0.47166198
}