{
  "width": 0.15177067, 
  "rotation": -0.13172138, 
  "xCenter": 0.63774395, 
  "yCenter": 0.51116604, 
  "height": 0.26981452
}