{
  "width": 0.2072677, 
  "rotation": -0.635841, 
  "xCenter": 0.5528103, 
  "yCenter": 0.65183854, 
  "height": 0.36847594
}