{
  "width": 0.1962768, 
  "rotation": -1.9888409, 
  "xCenter": 0.3309238, 
  "yCenter": 0.765651, 
  "height": 0.3489365
}