{
  "width": 0.24513823, 
  "rotation": -1.0765907, 
  "xCenter": 0.33824807, 
  "yCenter": 0.6023444, 
  "height": 0.4358013
}