{
  "width": 0.18757324, 
  "rotation": -0.40119803, 
  "xCenter": 0.09366124, 
  "yCenter": 0.6750954, 
  "height": 0.33346352
}