{
  "width": 0.26652235, 
  "rotation": -1.1000644, 
  "xCenter": 0.64215505, 
  "yCenter": 0.595332, 
  "height": 0.47381753
}