{
  "width": 0.25722605, 
  "rotation": -2.1200602, 
  "xCenter": 0.5531294, 
  "yCenter": 0.33880794, 
  "height": 0.45729077
}