{
  "width": 0.36341617, 
  "rotation": -0.514593, 
  "xCenter": 0.68073463, 
  "yCenter": 0.71917295, 
  "height": 0.64607316
}