{
  "width": 0.28576142, 
  "rotation": 0.3047608, 
  "xCenter": 0.16145293, 
  "yCenter": 0.27201557, 
  "height": 0.50802034
}