{
  "width": 0.26696, 
  "rotation": -1.0633801, 
  "xCenter": 0.6412011, 
  "yCenter": 0.5919917, 
  "height": 0.47459558
}