{
  "width": 0.20659102, 
  "rotation": -0.44702303, 
  "xCenter": 0.060722314, 
  "yCenter": 0.46081388, 
  "height": 0.3672729
}