{
  "width": 0.15033127, 
  "rotation": -0.50165904, 
  "xCenter": 0.35604358, 
  "yCenter": 0.39394423, 
  "height": 0.2672556
}