{
  "width": 0.2468664, 
  "rotation": -1.7066077, 
  "xCenter": 0.45658532, 
  "yCenter": 0.78309673, 
  "height": 0.43887362
}