{
  "width": 0.27148262, 
  "rotation": -0.22007656, 
  "xCenter": 0.44692954, 
  "yCenter": 0.292166, 
  "height": 0.48263577
}