{
  "width": 0.23974164, 
  "rotation": -0.59252465, 
  "xCenter": 0.37192816, 
  "yCenter": 0.46674156, 
  "height": 0.42620736
}