{
  "width": 0.33502343, 
  "rotation": -2.5279047, 
  "xCenter": 0.6596526, 
  "yCenter": 0.71747005, 
  "height": 0.5955972
}