{
  "width": 0.2917241, 
  "rotation": -0.87832034, 
  "xCenter": 0.69139725, 
  "yCenter": 0.5363914, 
  "height": 0.5186206
}