{
  "width": 0.29459003, 
  "rotation": -1.360032, 
  "xCenter": 0.5099451, 
  "yCenter": 0.38957018, 
  "height": 0.5237156
}