{
  "width": 0.21714322, 
  "rotation": -0.24762642, 
  "xCenter": 0.292897, 
  "yCenter": 0.4365461, 
  "height": 0.3860324
}