{
  "width": 0.20581779, 
  "rotation": -1.283002, 
  "xCenter": 0.45494467, 
  "yCenter": 0.6677117, 
  "height": 0.36589828
}