{
  "width": 0.32068178, 
  "rotation": -0.6372415, 
  "xCenter": 0.2553677, 
  "yCenter": 0.85969377, 
  "height": 0.57010096
}