{
  "width": 0.14515087, 
  "rotation": -0.2908759, 
  "xCenter": 0.35892424, 
  "yCenter": 0.3710963, 
  "height": 0.258046
}