{
  "width": 0.17103761, 
  "rotation": 0.25383437, 
  "xCenter": 0.13044377, 
  "yCenter": 0.62915516, 
  "height": 0.30406687
}