{
  "width": 0.21531141, 
  "rotation": -1.2018114, 
  "xCenter": 0.23674482, 
  "yCenter": 0.7112147, 
  "height": 0.3827758
}