{
  "width": 0.16610938, 
  "rotation": 0.17480493, 
  "xCenter": 0.15778965, 
  "yCenter": 0.33282983, 
  "height": 0.29530558
}