{
  "width": 0.21301888, 
  "rotation": -0.371737, 
  "xCenter": 0.54216003, 
  "yCenter": 0.6066801, 
  "height": 0.37870023
}