{
  "width": 0.21385987, 
  "rotation": -1.9233435, 
  "xCenter": 0.57055414, 
  "yCenter": 0.4403765, 
  "height": 0.38019532
}