{
  "width": 0.23861647, 
  "rotation": -0.2878213, 
  "xCenter": 0.5254663, 
  "yCenter": 0.5428888, 
  "height": 0.42420706
}