{
  "width": 0.17129125, 
  "rotation": -0.9663316, 
  "xCenter": 0.5369788, 
  "yCenter": 0.75872415, 
  "height": 0.30451778
}