{
  "width": 0.18083568, 
  "rotation": -0.85193145, 
  "xCenter": 0.46051133, 
  "yCenter": 0.5125364, 
  "height": 0.32148564
}