{
  "width": 0.26790425, 
  "rotation": -0.89342654, 
  "xCenter": 0.66852707, 
  "yCenter": 0.31497556, 
  "height": 0.47627422
}