{
  "width": 0.23133099, 
  "rotation": -0.501876, 
  "xCenter": 0.56259394, 
  "yCenter": 0.6373142, 
  "height": 0.41125512
}