{
  "width": 0.17162275, 
  "rotation": 0.68485093, 
  "xCenter": 0.37542027, 
  "yCenter": 0.73956436, 
  "height": 0.30510712
}