{
  "width": 0.3060417, 
  "rotation": -0.583789, 
  "xCenter": 0.3136414, 
  "yCenter": 0.8366192, 
  "height": 0.5440741
}