{
  "width": 0.2155357, 
  "rotation": -0.42444503, 
  "xCenter": 0.33764318, 
  "yCenter": 0.4757969, 
  "height": 0.38317457
}