{
  "width": 0.2800804, 
  "rotation": -0.65077937, 
  "xCenter": 0.7090734, 
  "yCenter": 0.5018657, 
  "height": 0.49792072
}