{
  "width": 0.20386824, 
  "rotation": -0.42136776, 
  "xCenter": 0.5549942, 
  "yCenter": 0.59815115, 
  "height": 0.36243242
}