{
  "width": 0.22118017, 
  "rotation": -0.4110694, 
  "xCenter": 0.29434186, 
  "yCenter": 0.5777481, 
  "height": 0.3932092
}