{
  "width": 0.28624234, 
  "rotation": -0.39721704, 
  "xCenter": 0.49426797, 
  "yCenter": 0.29785612, 
  "height": 0.50887525
}