{
  "width": 0.34454414, 
  "rotation": -0.4180857, 
  "xCenter": 0.6560415, 
  "yCenter": 0.848502, 
  "height": 0.6125229
}