{
  "width": 0.31243944, 
  "rotation": -1.2827109, 
  "xCenter": 0.5438203, 
  "yCenter": 0.274206, 
  "height": 0.5554479
}