{
  "width": 0.34589002, 
  "rotation": -0.37318242, 
  "xCenter": 0.30102596, 
  "yCenter": 0.76883, 
  "height": 0.6149156
}