{
  "width": 0.18388776, 
  "rotation": -0.23704827, 
  "xCenter": 0.29048833, 
  "yCenter": 0.44377223, 
  "height": 0.32691157
}