{
  "width": 0.19242077, 
  "rotation": 0.16657448, 
  "xCenter": 0.097216465, 
  "yCenter": 0.42592853, 
  "height": 0.34208137
}