{
  "width": 0.31478408, 
  "rotation": -1.8496946, 
  "xCenter": 0.69912183, 
  "yCenter": 0.64212966, 
  "height": 0.55961615
}