{
  "width": 0.30802, 
  "rotation": -0.66929567, 
  "xCenter": 0.8042828, 
  "yCenter": 0.689806, 
  "height": 0.54759115
}