{
  "width": 0.19488876, 
  "rotation": 0.43151617, 
  "xCenter": 0.12207804, 
  "yCenter": 0.34745923, 
  "height": 0.3464689
}