{
  "width": 0.24708076, 
  "rotation": 0.2016176, 
  "xCenter": 0.05442222, 
  "yCenter": 0.44352305, 
  "height": 0.43925467
}