{
  "width": 0.24655484, 
  "rotation": -0.016707182, 
  "xCenter": 0.56524205, 
  "yCenter": 0.56558096, 
  "height": 0.4383197
}