{
  "width": 0.32789293, 
  "rotation": -2.6153, 
  "xCenter": 0.4318689, 
  "yCenter": 0.83331645, 
  "height": 0.5829208
}