{
  "width": 0.27920324, 
  "rotation": -2.0749958, 
  "xCenter": 0.4237431, 
  "yCenter": 0.76048964, 
  "height": 0.49636132
}