{
  "width": 0.18474267, 
  "rotation": 0.863074, 
  "xCenter": 0.118305594, 
  "yCenter": 0.27805552, 
  "height": 0.32843143
}