{
  "width": 0.18039082, 
  "rotation": 1.1788923, 
  "xCenter": 0.13768928, 
  "yCenter": 0.5215526, 
  "height": 0.32069477
}