{
  "width": 0.28595337, 
  "rotation": -0.6002208, 
  "xCenter": 0.68963677, 
  "yCenter": 0.46716252, 
  "height": 0.5083615
}