{
  "width": 0.3852243, 
  "rotation": -0.5224587, 
  "xCenter": 0.6874645, 
  "yCenter": 0.730464, 
  "height": 0.6848432
}