{
  "width": 0.21345218, 
  "rotation": -0.34868646, 
  "xCenter": 0.5564387, 
  "yCenter": 0.53360516, 
  "height": 0.37947053
}