{
  "width": 0.15093334, 
  "rotation": -0.43902838, 
  "xCenter": 0.3548283, 
  "yCenter": 0.3825909, 
  "height": 0.26832595
}