{
  "width": 0.31990698, 
  "rotation": -0.4422258, 
  "xCenter": 0.35529223, 
  "yCenter": 0.75467986, 
  "height": 0.5687235
}