{
  "width": 0.26877147, 
  "rotation": -1.0177194, 
  "xCenter": 0.66956484, 
  "yCenter": 0.47216257, 
  "height": 0.47781593
}