{
  "width": 0.29047236, 
  "rotation": -2.498295, 
  "xCenter": 0.4353254, 
  "yCenter": 0.77868253, 
  "height": 0.5163953
}