{
  "width": 0.42298913, 
  "rotation": -0.57435477, 
  "xCenter": 0.6942433, 
  "yCenter": 0.7185978, 
  "height": 0.75198066
}