{
  "width": 0.09902343, 
  "rotation": 0.9783238, 
  "xCenter": 0.16078635, 
  "yCenter": 0.07013888, 
  "height": 0.17604166
}