{
  "width": 0.42289957, 
  "rotation": -0.30359054, 
  "xCenter": 0.6569436, 
  "yCenter": 0.7812985, 
  "height": 0.75182146
}