{
  "width": 0.20895502, 
  "rotation": 0.6442982, 
  "xCenter": 0.113942124, 
  "yCenter": 0.32369277, 
  "height": 0.3714756
}