{
  "width": 0.22891839, 
  "rotation": -1.2122568, 
  "xCenter": 0.27303675, 
  "yCenter": 0.69859433, 
  "height": 0.40696603
}