{
  "width": 0.30617228, 
  "rotation": -0.8206831, 
  "xCenter": 0.65639186, 
  "yCenter": 0.357349, 
  "height": 0.5443063
}