{
  "width": 0.19498965, 
  "rotation": -1.1626464, 
  "xCenter": 0.34277868, 
  "yCenter": 0.25187305, 
  "height": 0.34664828
}