{
  "width": 0.23257937, 
  "rotation": -0.34381914, 
  "xCenter": 0.50670165, 
  "yCenter": 0.48496687, 
  "height": 0.41347444
}