{
  "width": 0.14962631, 
  "rotation": -0.9781171, 
  "xCenter": 0.20105955, 
  "yCenter": 0.6548289, 
  "height": 0.26600233
}