{
  "width": 0.24943104, 
  "rotation": 0.12156892, 
  "xCenter": 0.1129274, 
  "yCenter": 0.5768749, 
  "height": 0.44343296
}