{
  "width": 0.24550068, 
  "rotation": -0.0909096, 
  "xCenter": 0.06285581, 
  "yCenter": 0.51829404, 
  "height": 0.43644565
}