{
  "width": 0.272675, 
  "rotation": 0.1824696, 
  "xCenter": 0.14339276, 
  "yCenter": 0.2841534, 
  "height": 0.48475555
}