{
  "width": 0.22872543, 
  "rotation": 0.32700193, 
  "xCenter": 0.11651122, 
  "yCenter": 0.44216657, 
  "height": 0.406623
}