{
  "width": 0.26366732, 
  "rotation": -0.43290913, 
  "xCenter": 0.40505013, 
  "yCenter": 0.30911344, 
  "height": 0.4687419
}