{
  "width": 0.24700719, 
  "rotation": -0.9267887, 
  "xCenter": 0.5178702, 
  "yCenter": 0.7753784, 
  "height": 0.4391239
}