{
  "width": 0.18894514, 
  "rotation": 0.873703, 
  "xCenter": 0.182337, 
  "yCenter": 0.4473892, 
  "height": 0.33590245
}