{
  "width": 0.20612161, 
  "rotation": -0.6638211, 
  "xCenter": 0.47944236, 
  "yCenter": 0.65876687, 
  "height": 0.36643845
}