{
  "width": 0.24872498, 
  "rotation": 0.20245397, 
  "xCenter": 0.0721966, 
  "yCenter": 0.37064415, 
  "height": 0.44217774
}