{
  "width": 0.21053405, 
  "rotation": -0.5736748, 
  "xCenter": 0.754073, 
  "yCenter": 0.2211283, 
  "height": 0.37428275
}