{
  "width": 0.18498215, 
  "rotation": -0.57838285, 
  "xCenter": 0.53600436, 
  "yCenter": 0.49625084, 
  "height": 0.32885715
}