{
  "width": 0.38931805, 
  "rotation": -0.48549783, 
  "xCenter": 0.6804816, 
  "yCenter": 0.7484036, 
  "height": 0.69212097
}