{
  "width": 0.17194991, 
  "rotation": -0.6177112, 
  "xCenter": 0.75944436, 
  "yCenter": 0.18720461, 
  "height": 0.30568874
}