{
  "width": 0.26017874, 
  "rotation": 0.13574255, 
  "xCenter": 0.14934735, 
  "yCenter": 0.28678983, 
  "height": 0.46254
}