{
  "width": 0.3627955, 
  "rotation": -0.31249237, 
  "xCenter": 0.22786176, 
  "yCenter": 0.7174348, 
  "height": 0.64496976
}