{
  "width": 0.18808271, 
  "rotation": 0.42195237, 
  "xCenter": 0.501518, 
  "yCenter": 0.2424947, 
  "height": 0.33436924
}