{
  "width": 0.40514007, 
  "rotation": -0.42871714, 
  "xCenter": 0.70250726, 
  "yCenter": 0.7030811, 
  "height": 0.72024906
}