{
  "width": 0.27040172, 
  "rotation": 0.17449915, 
  "xCenter": 0.14975613, 
  "yCenter": 0.3007949, 
  "height": 0.48071414
}