{
  "width": 0.27700043, 
  "rotation": 0.07103467, 
  "xCenter": 0.13890773, 
  "yCenter": 0.28753236, 
  "height": 0.49244523
}