{
  "width": 0.14605351, 
  "rotation": -0.4145428, 
  "xCenter": 0.34289575, 
  "yCenter": 0.36261594, 
  "height": 0.25965068
}