{
  "width": 0.27494687, 
  "rotation": -0.015368581, 
  "xCenter": 0.13761097, 
  "yCenter": 0.30252925, 
  "height": 0.48879442
}