{
  "width": 0.19745073, 
  "rotation": -0.20493591, 
  "xCenter": 0.11427221, 
  "yCenter": 0.6320552, 
  "height": 0.3510235
}