{
  "width": 0.2678246, 
  "rotation": -0.8698944, 
  "xCenter": 0.6395456, 
  "yCenter": 0.29217905, 
  "height": 0.47613263
}