{
  "width": 0.21601363, 
  "rotation": -0.3564229, 
  "xCenter": 0.3163825, 
  "yCenter": 0.4691061, 
  "height": 0.38402423
}