{
  "width": 0.1747042, 
  "rotation": 0.5124947, 
  "xCenter": 0.15390289, 
  "yCenter": 0.53810465, 
  "height": 0.31058523
}