{
  "width": 0.28223467, 
  "rotation": -2.1258614, 
  "xCenter": 0.5519478, 
  "yCenter": 0.34651592, 
  "height": 0.5017505
}