{
  "width": 0.17466322, 
  "rotation": 0.070240855, 
  "xCenter": 0.11833445, 
  "yCenter": 0.272294, 
  "height": 0.31051236
}