{
  "width": 0.30958197, 
  "rotation": -0.8595618, 
  "xCenter": 0.6807242, 
  "yCenter": 0.362252, 
  "height": 0.55036795
}