{
  "width": 0.23836473, 
  "rotation": -0.86207116, 
  "xCenter": 0.69557244, 
  "yCenter": 0.47593397, 
  "height": 0.4237595
}