{
  "width": 0.30509424, 
  "rotation": 0.15384936, 
  "xCenter": 0.1303897, 
  "yCenter": 0.3175329, 
  "height": 0.54238975
}