{
  "width": 0.3269934, 
  "rotation": -0.4909259, 
  "xCenter": 0.66088974, 
  "yCenter": 0.8477676, 
  "height": 0.5813216
}