{
  "width": 0.37419522, 
  "rotation": -0.22579741, 
  "xCenter": 0.27368945, 
  "yCenter": 0.6726594, 
  "height": 0.665236
}