{
  "width": 0.22574696, 
  "rotation": -2.3028276, 
  "xCenter": 0.30508614, 
  "yCenter": 0.5960944, 
  "height": 0.4013279
}