{
  "width": 0.31098524, 
  "rotation": -0.34125435, 
  "xCenter": 0.5745449, 
  "yCenter": 0.7265568, 
  "height": 0.55286264
}