{
  "width": 0.2131957, 
  "rotation": 0.65920144, 
  "xCenter": 0.11544492, 
  "yCenter": 0.3330984, 
  "height": 0.37901458
}