{
  "width": 0.19766198, 
  "rotation": 0.9462831, 
  "xCenter": 0.16741206, 
  "yCenter": 0.39721543, 
  "height": 0.3513991
}