{
  "width": 0.14921671, 
  "rotation": -0.40163958, 
  "xCenter": 0.35543364, 
  "yCenter": 0.38273177, 
  "height": 0.26527417
}