{
  "width": 0.17916167, 
  "rotation": 2.0921814, 
  "xCenter": 0.15478294, 
  "yCenter": 0.58079547, 
  "height": 0.3185096
}