{
  "width": 0.2130184, 
  "rotation": 0.45157087, 
  "xCenter": 0.14747277, 
  "yCenter": 0.45772034, 
  "height": 0.3786994
}