{
  "width": 0.22157015, 
  "rotation": -0.0126469135, 
  "xCenter": 0.06780197, 
  "yCenter": 0.41973385, 
  "height": 0.3939025
}