{
  "width": 0.15011466, 
  "rotation": -0.67308533, 
  "xCenter": 0.21392064, 
  "yCenter": 0.60834396, 
  "height": 0.2668705
}