{
  "width": 0.09032798, 
  "rotation": -1.1758562, 
  "xCenter": 0.0060441615, 
  "yCenter": 0.6543517, 
  "height": 0.16058308
}