{
  "width": 0.2486529, 
  "rotation": 0.54516804, 
  "xCenter": 0.08262865, 
  "yCenter": 0.4199121, 
  "height": 0.44204962
}