{
  "width": 0.40169242, 
  "rotation": -0.89855564, 
  "xCenter": 0.6602602, 
  "yCenter": 0.77058053, 
  "height": 0.71411985
}