{
  "width": 0.22175094, 
  "rotation": 0.17998576, 
  "xCenter": 0.052865285, 
  "yCenter": 0.4718807, 
  "height": 0.3942239
}