{
  "width": 0.16023067, 
  "rotation": 0.15942991, 
  "xCenter": 0.15155025, 
  "yCenter": 0.3596369, 
  "height": 0.2848545
}