{
  "width": 0.3388941, 
  "rotation": -0.50115216, 
  "xCenter": 0.336401, 
  "yCenter": 0.809455, 
  "height": 0.6024784
}