{
  "width": 0.23702265, 
  "rotation": -0.41158795, 
  "xCenter": 0.49447343, 
  "yCenter": 0.33014, 
  "height": 0.4213736
}