{
  "width": 0.27760163, 
  "rotation": -0.9496149, 
  "xCenter": 0.68249696, 
  "yCenter": 0.47318342, 
  "height": 0.49351397
}