{
  "width": 0.08033745, 
  "rotation": 0.9998291, 
  "xCenter": 0.16289811, 
  "yCenter": 0.073954135, 
  "height": 0.14282213
}