{
  "width": 0.27072108, 
  "rotation": -0.22351408, 
  "xCenter": 0.4468928, 
  "yCenter": 0.29116172, 
  "height": 0.48128194
}