{
  "width": 0.18689887, 
  "rotation": 0.8503914, 
  "xCenter": 0.16736595, 
  "yCenter": 0.52397615, 
  "height": 0.33226466
}