{
  "width": 0.19174075, 
  "rotation": -0.86698425, 
  "xCenter": 0.55151093, 
  "yCenter": 0.7298517, 
  "height": 0.3408724
}