{
  "width": 0.34280366, 
  "rotation": -0.43980753, 
  "xCenter": 0.6610784, 
  "yCenter": 0.8458446, 
  "height": 0.6094287
}