{
  "width": 0.27636442, 
  "rotation": 0.14861584, 
  "xCenter": 0.143279, 
  "yCenter": 0.29071963, 
  "height": 0.49131453
}