{
  "width": 0.19199513, 
  "rotation": -0.64758074, 
  "xCenter": 0.3850748, 
  "yCenter": 0.57800734, 
  "height": 0.34132466
}