{
  "width": 0.23520081, 
  "rotation": -0.6871015, 
  "xCenter": 0.7511923, 
  "yCenter": 0.5170148, 
  "height": 0.41813475
}