{
  "width": 0.24479768, 
  "rotation": -0.7094172, 
  "xCenter": 0.75742143, 
  "yCenter": 0.51565576, 
  "height": 0.43519586
}