{
  "width": 0.2817003, 
  "rotation": -0.7874397, 
  "xCenter": 0.6419921, 
  "yCenter": 0.28746393, 
  "height": 0.50080055
}