{
  "width": 0.21074224, 
  "rotation": -0.057849765, 
  "xCenter": 0.058218945, 
  "yCenter": 0.35161516, 
  "height": 0.3746529
}