{
  "width": 0.2528044, 
  "rotation": -0.64309585, 
  "xCenter": 0.7699474, 
  "yCenter": 0.520568, 
  "height": 0.44943002
}