{
  "width": 0.15613532, 
  "rotation": 0.7835382, 
  "xCenter": 0.24794313, 
  "yCenter": 0.3681324, 
  "height": 0.2775739
}