{
  "width": 0.17027336, 
  "rotation": -0.7796322, 
  "xCenter": 0.20440598, 
  "yCenter": 0.61056864, 
  "height": 0.3027082
}