{
  "width": 0.2053359, 
  "rotation": -0.51554024, 
  "xCenter": 0.37513885, 
  "yCenter": 0.58138096, 
  "height": 0.36504158
}