{
  "width": 0.23203817, 
  "rotation": -0.59359324, 
  "xCenter": 0.23915258, 
  "yCenter": 0.4471472, 
  "height": 0.4125123
}