{
  "width": 0.30440962, 
  "rotation": -0.24481356, 
  "xCenter": 0.58194345, 
  "yCenter": 0.7291836, 
  "height": 0.5411727
}