{
  "width": 0.30549443, 
  "rotation": -0.9326509, 
  "xCenter": 0.6195893, 
  "yCenter": 0.44942704, 
  "height": 0.5431012
}