{
  "width": 0.16099308, 
  "rotation": 0.60947955, 
  "xCenter": 0.097924076, 
  "yCenter": 0.45454213, 
  "height": 0.28620994
}