{
  "width": 0.24150723, 
  "rotation": -0.61885846, 
  "xCenter": 0.7787157, 
  "yCenter": 0.53011, 
  "height": 0.4293462
}