{
  "width": 0.32839358, 
  "rotation": -0.4137938, 
  "xCenter": 0.6877521, 
  "yCenter": 0.8369095, 
  "height": 0.5838108
}