{
  "width": 0.22426821, 
  "rotation": -0.90844667, 
  "xCenter": 0.7049676, 
  "yCenter": 0.47965467, 
  "height": 0.39869905
}