{
  "width": 0.38051316, 
  "rotation": -0.4261272, 
  "xCenter": 0.6854109, 
  "yCenter": 0.74099267, 
  "height": 0.67646784
}