{
  "width": 0.10993528, 
  "rotation": 0.2514571, 
  "xCenter": 0.38868958, 
  "yCenter": 0.55732864, 
  "height": 0.1954405
}