{
  "width": 0.32142454, 
  "rotation": -2.5719125, 
  "xCenter": 0.4330897, 
  "yCenter": 0.9160445, 
  "height": 0.5714214
}