{
  "width": 0.30053666, 
  "rotation": -0.831118, 
  "xCenter": 0.71192616, 
  "yCenter": 0.33561367, 
  "height": 0.5342874
}