{
  "width": 0.22663751, 
  "rotation": -0.81661665, 
  "xCenter": 0.68154466, 
  "yCenter": 0.4623199, 
  "height": 0.40291113
}