{
  "width": 0.3124967, 
  "rotation": -2.1477044, 
  "xCenter": 0.54042506, 
  "yCenter": 0.3151822, 
  "height": 0.5555497
}