{
  "width": 0.22023928, 
  "rotation": -0.24103153, 
  "xCenter": 0.291924, 
  "yCenter": 0.43094295, 
  "height": 0.39153647
}