{
  "width": 0.20702897, 
  "rotation": -0.18719101, 
  "xCenter": 0.3188025, 
  "yCenter": 0.43912765, 
  "height": 0.3680515
}