{
  "width": 0.27024323, 
  "rotation": -0.90505564, 
  "xCenter": 0.6741501, 
  "yCenter": 0.34319505, 
  "height": 0.48043245
}