{
  "width": 0.19518152, 
  "rotation": -1.3084863, 
  "xCenter": 0.49461573, 
  "yCenter": 0.6935088, 
  "height": 0.34698936
}