{
  "width": 0.31420898, 
  "rotation": -0.8922874, 
  "xCenter": 0.26517642, 
  "yCenter": 0.820952, 
  "height": 0.55859375
}