{
  "width": 0.29876524, 
  "rotation": -1.1792344, 
  "xCenter": 0.63516605, 
  "yCenter": 0.54437923, 
  "height": 0.5311382
}