{
  "width": 0.31490713, 
  "rotation": -0.19132113, 
  "xCenter": 0.2979282, 
  "yCenter": 0.7434348, 
  "height": 0.5598349
}