{
  "width": 0.25635108, 
  "rotation": -0.4415983, 
  "xCenter": 0.3043863, 
  "yCenter": 0.4903223, 
  "height": 0.45573524
}