{
  "width": 0.17798325, 
  "rotation": -1.1897722, 
  "xCenter": 0.49145514, 
  "yCenter": 0.92043644, 
  "height": 0.31641468
}