{
  "width": 0.32229495, 
  "rotation": -0.347867, 
  "xCenter": 0.28481624, 
  "yCenter": 0.67888147, 
  "height": 0.5729688
}