{
  "width": 0.16390854, 
  "rotation": 0.51016784, 
  "xCenter": 0.20256531, 
  "yCenter": 0.2868259, 
  "height": 0.29139295
}