{
  "width": 0.20312537, 
  "rotation": -2.71504, 
  "xCenter": 0.29893482, 
  "yCenter": 0.56169665, 
  "height": 0.36111176
}