{
  "width": 0.19902037, 
  "rotation": 1.0734813, 
  "xCenter": 0.2007139, 
  "yCenter": 0.4650992, 
  "height": 0.35381398
}