{
  "width": 0.39795387, 
  "rotation": -0.45728266, 
  "xCenter": 0.68830884, 
  "yCenter": 0.7264261, 
  "height": 0.7074735
}