{
  "width": 0.22785187, 
  "rotation": -0.57529986, 
  "xCenter": 0.3517458, 
  "yCenter": 0.59673226, 
  "height": 0.40506998
}