{
  "width": 0.14073533, 
  "rotation": -0.49742258, 
  "xCenter": 0.41462055, 
  "yCenter": 0.31072938, 
  "height": 0.25019613
}