{
  "width": 0.3928483, 
  "rotation": -0.40597177, 
  "xCenter": 0.68227166, 
  "yCenter": 0.7060721, 
  "height": 0.698397
}