{
  "width": 0.2601037, 
  "rotation": 0.098276734, 
  "xCenter": 0.07770697, 
  "yCenter": 0.31420755, 
  "height": 0.46240655
}