{
  "width": 0.29437155, 
  "rotation": 0.14705169, 
  "xCenter": 0.14657706, 
  "yCenter": 0.2731728, 
  "height": 0.5233272
}