{
  "width": 0.32972074, 
  "rotation": -0.49269783, 
  "xCenter": 0.24095261, 
  "yCenter": 0.82941794, 
  "height": 0.58617026
}