{
  "width": 0.31201774, 
  "rotation": -0.9904102, 
  "xCenter": 0.5873748, 
  "yCenter": 0.39774778, 
  "height": 0.55469817
}