{
  "width": 0.24021523, 
  "rotation": -2.219015, 
  "xCenter": 0.48706767, 
  "yCenter": 0.67976665, 
  "height": 0.42704928
}