{
  "width": 0.30246916, 
  "rotation": -0.5803472, 
  "xCenter": 0.3708128, 
  "yCenter": 0.80490744, 
  "height": 0.53772295
}