{
  "width": 0.07927718, 
  "rotation": -1.3758034, 
  "xCenter": 0.322969, 
  "yCenter": 0.7027944, 
  "height": 0.14093721
}