{
  "width": 0.19296937, 
  "rotation": 1.1970191, 
  "xCenter": 0.22753906, 
  "yCenter": 0.5785201, 
  "height": 0.34305665
}