{
  "width": 0.2185878, 
  "rotation": -1.2970818, 
  "xCenter": 0.45519832, 
  "yCenter": 0.65605825, 
  "height": 0.38860053
}