{
  "width": 0.24893768, 
  "rotation": -1.8467473, 
  "xCenter": 0.53170127, 
  "yCenter": 0.42720062, 
  "height": 0.44255587
}