{
  "width": 0.2630575, 
  "rotation": -0.17904603, 
  "xCenter": 0.57477385, 
  "yCenter": 0.6021642, 
  "height": 0.46765777
}