{
  "width": 0.32163492, 
  "rotation": -2.5389454, 
  "xCenter": 0.42962667, 
  "yCenter": 0.83279973, 
  "height": 0.5717954
}