{
  "width": 0.28384358, 
  "rotation": 0.16254199, 
  "xCenter": 0.15074584, 
  "yCenter": 0.29142928, 
  "height": 0.50461084
}