{
  "width": 0.28535604, 
  "rotation": -1.3731524, 
  "xCenter": 0.52234846, 
  "yCenter": 0.3929694, 
  "height": 0.50729966
}