{
  "width": 0.27440518, 
  "rotation": -1.9526275, 
  "xCenter": 0.54681486, 
  "yCenter": 0.3122506, 
  "height": 0.4878314
}