{
  "width": 0.25596797, 
  "rotation": -1.0856217, 
  "xCenter": 0.3273348, 
  "yCenter": 0.6187703, 
  "height": 0.45505422
}