{
  "width": 0.2477275, 
  "rotation": -0.7237612, 
  "xCenter": 0.76754075, 
  "yCenter": 0.52098924, 
  "height": 0.44040444
}