{
  "width": 0.37582168, 
  "rotation": -0.42637956, 
  "xCenter": 0.6634691, 
  "yCenter": 0.7487455, 
  "height": 0.6681274
}