{
  "width": 0.18391356, 
  "rotation": -1.4846314, 
  "xCenter": 0.3545372, 
  "yCenter": 0.58172876, 
  "height": 0.32695743
}