{
  "width": 0.113214195, 
  "rotation": 0.7333362, 
  "xCenter": 0.3665682, 
  "yCenter": 0.718507, 
  "height": 0.20126969
}