{
  "width": 0.27119002, 
  "rotation": -0.9444591, 
  "xCenter": 0.71543586, 
  "yCenter": 0.41533718, 
  "height": 0.4821156
}