{
  "width": 0.20992889, 
  "rotation": 0.76996064, 
  "xCenter": 0.13425729, 
  "yCenter": 0.4119803, 
  "height": 0.3732069
}