{
  "width": 0.21789843, 
  "rotation": 0.41320145, 
  "xCenter": 0.13544168, 
  "yCenter": 0.36960262, 
  "height": 0.38737497
}