{
  "width": 0.2381772, 
  "rotation": -0.70915186, 
  "xCenter": 0.53671026, 
  "yCenter": 0.7314348, 
  "height": 0.42342612
}