{
  "width": 0.14003602, 
  "rotation": 1.3427165, 
  "xCenter": 0.34733665, 
  "yCenter": 0.70886123, 
  "height": 0.24895293
}