{
  "width": 0.2193674, 
  "rotation": 0.67674166, 
  "xCenter": 0.12849402, 
  "yCenter": 0.5090631, 
  "height": 0.3899865
}