{
  "width": 0.17915368, 
  "rotation": -0.5139791, 
  "xCenter": 0.48943695, 
  "yCenter": 0.5588506, 
  "height": 0.31849542
}