{
  "width": 0.1809895, 
  "rotation": -0.22746742, 
  "xCenter": 0.073239595, 
  "yCenter": 0.4062576, 
  "height": 0.3217591
}