{
  "width": 0.2677984, 
  "rotation": -0.9821812, 
  "xCenter": 0.66284555, 
  "yCenter": 0.2850085, 
  "height": 0.47608605
}