{
  "width": 0.33264825, 
  "rotation": -0.42713177, 
  "xCenter": 0.2343624, 
  "yCenter": 0.80783236, 
  "height": 0.59137464
}