{
  "width": 0.19777735, 
  "rotation": 0.93160987, 
  "xCenter": 0.1031467, 
  "yCenter": 0.35413888, 
  "height": 0.3516042
}