{
  "width": 0.16940323, 
  "rotation": -2.4122417, 
  "xCenter": 0.057058055, 
  "yCenter": 0.9044544, 
  "height": 0.3011613
}