{
  "width": 0.2578529, 
  "rotation": -0.9099604, 
  "xCenter": 0.69537544, 
  "yCenter": 0.43146062, 
  "height": 0.45840517
}