{
  "width": 0.20331056, 
  "rotation": -2.2601902, 
  "xCenter": 0.3345588, 
  "yCenter": 0.7847183, 
  "height": 0.36144102
}