{
  "width": 0.2073226, 
  "rotation": 1.540743, 
  "xCenter": 0.12832405, 
  "yCenter": 0.6012862, 
  "height": 0.36857352
}