{
  "width": 0.13588731, 
  "rotation": 0.5987101, 
  "xCenter": 0.35224268, 
  "yCenter": 0.54373896, 
  "height": 0.24157745
}