{
  "width": 0.31282878, 
  "rotation": -2.3544133, 
  "xCenter": 0.41395903, 
  "yCenter": 0.79673064, 
  "height": 0.55614007
}