{
  "width": 0.20199572, 
  "rotation": -0.39078665, 
  "xCenter": 0.09979082, 
  "yCenter": 0.536043, 
  "height": 0.3591035
}