{
  "width": 0.18101475, 
  "rotation": 0.124908686, 
  "xCenter": 0.39128524, 
  "yCenter": 0.4348728, 
  "height": 0.321804
}