{
  "width": 0.20385113, 
  "rotation": 0.10094762, 
  "xCenter": 0.14094824, 
  "yCenter": 0.38394547, 
  "height": 0.362402
}