{
  "width": 0.21170172, 
  "rotation": -0.61578095, 
  "xCenter": 0.7525382, 
  "yCenter": 0.22069909, 
  "height": 0.37635863
}