{
  "width": 0.30721802, 
  "rotation": -0.33227444, 
  "xCenter": 0.57592267, 
  "yCenter": 0.7290151, 
  "height": 0.5461654
}