{
  "width": 0.21798441, 
  "rotation": 0.46851134, 
  "xCenter": 0.112314485, 
  "yCenter": 0.4085169, 
  "height": 0.38752785
}