{
  "width": 0.22495212, 
  "rotation": -0.37953174, 
  "xCenter": 0.47702482, 
  "yCenter": 0.49085838, 
  "height": 0.3999149
}