{
  "width": 0.24448952, 
  "rotation": -0.61150897, 
  "xCenter": 0.41376397, 
  "yCenter": 0.7299699, 
  "height": 0.43464804
}