{
  "width": 0.28907928, 
  "rotation": 0.21856952, 
  "xCenter": 0.127653, 
  "yCenter": 0.692979, 
  "height": 0.51391876
}