{
  "width": 0.252153, 
  "rotation": -0.26954603, 
  "xCenter": 0.30439284, 
  "yCenter": 0.54426503, 
  "height": 0.44827205
}