{
  "width": 0.20340541, 
  "rotation": -0.8132924, 
  "xCenter": 0.1618355, 
  "yCenter": 0.5627624, 
  "height": 0.3616096
}