{
  "width": 0.20195222, 
  "rotation": -0.62079537, 
  "xCenter": 0.7550629, 
  "yCenter": 0.23127583, 
  "height": 0.35902616
}