{
  "width": 0.28096235, 
  "rotation": -0.74144423, 
  "xCenter": 0.665907, 
  "yCenter": 0.35281435, 
  "height": 0.49948862
}