{
  "width": 0.2216117, 
  "rotation": -1.3201991, 
  "xCenter": 0.46096718, 
  "yCenter": 0.6557241, 
  "height": 0.39397636
}