{
  "width": 0.20332088, 
  "rotation": -0.33210373, 
  "xCenter": 0.5563733, 
  "yCenter": 0.5438702, 
  "height": 0.36145934
}