{
  "width": 0.29403478, 
  "rotation": -0.75430906, 
  "xCenter": 0.7096134, 
  "yCenter": 0.4224034, 
  "height": 0.52272844
}