{
  "width": 0.33601075, 
  "rotation": -0.3671856, 
  "xCenter": 0.75982016, 
  "yCenter": 0.72278666, 
  "height": 0.59735245
}