{
  "width": 0.17653424, 
  "rotation": -1.3270134, 
  "xCenter": 0.46141195, 
  "yCenter": 0.5660977, 
  "height": 0.31383863
}