{
  "width": 0.16490291, 
  "rotation": 0.42383265, 
  "xCenter": 0.19813418, 
  "yCenter": 0.28505376, 
  "height": 0.29316074
}