{
  "width": 0.35460213, 
  "rotation": -1.6451195, 
  "xCenter": 0.5324374, 
  "yCenter": 0.17186493, 
  "height": 0.63040376
}