{
  "width": 0.21299171, 
  "rotation": 0.2338469, 
  "xCenter": 0.11502584, 
  "yCenter": 0.19656244, 
  "height": 0.37865195
}