{
  "width": 0.17736776, 
  "rotation": -0.8669063, 
  "xCenter": 0.048186775, 
  "yCenter": 0.58884615, 
  "height": 0.31532046
}