{
  "width": 0.1844824, 
  "rotation": -0.9340998, 
  "xCenter": 0.4031073, 
  "yCenter": 0.6614644, 
  "height": 0.32796872
}