{
  "width": 0.25546634, 
  "rotation": -0.3004614, 
  "xCenter": 0.55970997, 
  "yCenter": 0.57915497, 
  "height": 0.4541624
}