{
  "width": 0.1744913, 
  "rotation": 0.93299186, 
  "xCenter": 0.10467651, 
  "yCenter": 0.2567601, 
  "height": 0.31020677
}