{
  "width": 0.25224075, 
  "rotation": -0.8771187, 
  "xCenter": 0.66472256, 
  "yCenter": 0.25946522, 
  "height": 0.448428
}