{
  "width": 0.20199262, 
  "rotation": -1.3291639, 
  "xCenter": 0.4750271, 
  "yCenter": 0.6997687, 
  "height": 0.359098
}