{
  "width": 0.16815706, 
  "rotation": 0.24409235, 
  "xCenter": 0.36031112, 
  "yCenter": 0.7425674, 
  "height": 0.29894587
}