{
  "width": 0.17440185, 
  "rotation": 0.9713174, 
  "xCenter": 0.16569114, 
  "yCenter": 0.5611263, 
  "height": 0.31004775
}