{
  "width": 0.3386659, 
  "rotation": -0.36405826, 
  "xCenter": 0.2199665, 
  "yCenter": 0.7323633, 
  "height": 0.6020727
}