{
  "width": 0.17176157, 
  "rotation": 1.1502562, 
  "xCenter": 0.16666368, 
  "yCenter": 0.5766946, 
  "height": 0.3053539
}