{
  "width": 0.1325707, 
  "rotation": -1.6663555, 
  "xCenter": 0.01481607, 
  "yCenter": 0.66600686, 
  "height": 0.23568125
}