{
  "width": 0.19356516, 
  "rotation": 0.36377513, 
  "xCenter": 0.16891511, 
  "yCenter": 0.5459019, 
  "height": 0.34411582
}