{
  "width": 0.35581434, 
  "rotation": -0.3666849, 
  "xCenter": 0.18665598, 
  "yCenter": 0.7691021, 
  "height": 0.6325588
}