{
  "width": 0.15278627, 
  "rotation": -0.62937415, 
  "xCenter": 0.40470582, 
  "yCenter": 0.32504812, 
  "height": 0.27162004
}