{
  "width": 0.18678148, 
  "rotation": 2.9954386, 
  "xCenter": 0.7663065, 
  "yCenter": 0.6795596, 
  "height": 0.332056
}