{
  "width": 0.29455474, 
  "rotation": -1.0142664, 
  "xCenter": 0.66827095, 
  "yCenter": 0.4766257, 
  "height": 0.52365285
}