{
  "width": 0.35336366, 
  "rotation": -2.1237285, 
  "xCenter": 0.49450573, 
  "yCenter": 0.19942774, 
  "height": 0.6282021
}