{
  "width": 0.17829025, 
  "rotation": -0.31929648, 
  "xCenter": 0.2996978, 
  "yCenter": 0.33748776, 
  "height": 0.31696045
}