{
  "width": 0.19095577, 
  "rotation": 0.060280085, 
  "xCenter": 0.12772119, 
  "yCenter": 0.43801984, 
  "height": 0.33947694
}