{
  "width": 0.17106418, 
  "rotation": 1.2282155, 
  "xCenter": 0.12553702, 
  "yCenter": 0.43446445, 
  "height": 0.3041141
}