{
  "width": 0.17325507, 
  "rotation": 0.93995076, 
  "xCenter": 0.106488906, 
  "yCenter": 0.263739, 
  "height": 0.30800903
}