{
  "width": 0.26784867, 
  "rotation": -1.032849, 
  "xCenter": 0.6738677, 
  "yCenter": 0.45222786, 
  "height": 0.47617543
}