{
  "width": 0.27243203, 
  "rotation": -1.7920297, 
  "xCenter": 0.6022362, 
  "yCenter": 0.3232722, 
  "height": 0.4843236
}