{
  "width": 0.24935277, 
  "rotation": 0.23470414, 
  "xCenter": 0.076243654, 
  "yCenter": 0.47064012, 
  "height": 0.4432938
}