{
  "width": 0.19889945, 
  "rotation": -0.5329157, 
  "xCenter": 0.5341236, 
  "yCenter": 0.51021725, 
  "height": 0.353599
}