{
  "width": 0.21675262, 
  "rotation": -0.579064, 
  "xCenter": 0.55636847, 
  "yCenter": 0.6575336, 
  "height": 0.38533798
}