{
  "width": 0.1276164, 
  "rotation": -1.4794525, 
  "xCenter": 0.013719477, 
  "yCenter": 0.6593749, 
  "height": 0.2268736
}