{
  "width": 0.24310918, 
  "rotation": -1.1039528, 
  "xCenter": 0.39134908, 
  "yCenter": 0.5715266, 
  "height": 0.43219408
}