{
  "width": 0.28714016, 
  "rotation": -0.8758377, 
  "xCenter": 0.66978776, 
  "yCenter": 0.43791914, 
  "height": 0.5104714
}