{
  "width": 0.27247003, 
  "rotation": -1.9437064, 
  "xCenter": 0.54015297, 
  "yCenter": 0.44364718, 
  "height": 0.48439115
}