{
  "width": 0.3858259, 
  "rotation": -0.30621922, 
  "xCenter": 0.2773985, 
  "yCenter": 0.6604455, 
  "height": 0.6859127
}