{
  "width": 0.26013213, 
  "rotation": -0.98675835, 
  "xCenter": 0.38982433, 
  "yCenter": 0.5477199, 
  "height": 0.46245715
}