{
  "width": 0.32603705, 
  "rotation": -0.49807656, 
  "xCenter": 0.71495974, 
  "yCenter": 0.8415884, 
  "height": 0.57962143
}