{
  "width": 0.2209136, 
  "rotation": -2.2210128, 
  "xCenter": 0.3017992, 
  "yCenter": 0.6363088, 
  "height": 0.3927353
}