{
  "width": 0.2517656, 
  "rotation": -2.184965, 
  "xCenter": 0.43436065, 
  "yCenter": 0.6830133, 
  "height": 0.44758332
}