{
  "width": 0.31969172, 
  "rotation": -2.6118023, 
  "xCenter": 0.43249348, 
  "yCenter": 0.86921436, 
  "height": 0.56834084
}