{
  "width": 0.16283362, 
  "rotation": 0.5912986, 
  "xCenter": 0.36714152, 
  "yCenter": 0.6564071, 
  "height": 0.289482
}