{
  "width": 0.1617373, 
  "rotation": -2.3100698, 
  "xCenter": 0.7202715, 
  "yCenter": 0.4300154, 
  "height": 0.287533
}