{
  "width": 0.19806795, 
  "rotation": -0.21256638, 
  "xCenter": 0.10881675, 
  "yCenter": 0.5161577, 
  "height": 0.3521208
}