{
  "width": 0.29415342, 
  "rotation": -0.5898775, 
  "xCenter": 0.6917139, 
  "yCenter": 0.4889443, 
  "height": 0.52293944
}