{
  "width": 0.12346532, 
  "rotation": -1.5282127, 
  "xCenter": 0.018731555, 
  "yCenter": 0.6619851, 
  "height": 0.2194939
}