{
  "width": 0.17394856, 
  "rotation": 0.6107575, 
  "xCenter": 0.34402162, 
  "yCenter": 0.6590536, 
  "height": 0.3092419
}