{
  "width": 0.15535387, 
  "rotation": 0.047359347, 
  "xCenter": 0.38531864, 
  "yCenter": 0.5515281, 
  "height": 0.27618468
}