{
  "width": 0.21354547, 
  "rotation": -1.3145856, 
  "xCenter": 0.45715106, 
  "yCenter": 0.67290753, 
  "height": 0.3796364
}