{
  "width": 0.29665202, 
  "rotation": -1.1430987, 
  "xCenter": 0.5901971, 
  "yCenter": 0.16967186, 
  "height": 0.52738136
}