{
  "width": 0.28500488, 
  "rotation": -0.2430402, 
  "xCenter": 0.44452438, 
  "yCenter": 0.28652364, 
  "height": 0.50667536
}