{
  "width": 0.17494953, 
  "rotation": -0.37246227, 
  "xCenter": 0.27778333, 
  "yCenter": 0.45125428, 
  "height": 0.31102136
}