{
  "width": 0.17102249, 
  "rotation": 0.43431592, 
  "xCenter": 0.19882146, 
  "yCenter": 0.28147328, 
  "height": 0.30403998
}