{
  "width": 0.30395576, 
  "rotation": -0.60732687, 
  "xCenter": 0.24603966, 
  "yCenter": 0.85266984, 
  "height": 0.54036576
}