{
  "width": 0.19128373, 
  "rotation": -0.17915273, 
  "xCenter": 0.33409122, 
  "yCenter": 0.4325878, 
  "height": 0.34005997
}