{
  "width": 0.2684113, 
  "rotation": -0.84105337, 
  "xCenter": 0.676761, 
  "yCenter": 0.3293506, 
  "height": 0.47717565
}