{
  "width": 0.2712499, 
  "rotation": -0.8349911, 
  "xCenter": 0.680279, 
  "yCenter": 0.46599984, 
  "height": 0.48222202
}