{
  "width": 0.20951363, 
  "rotation": -0.10929465, 
  "xCenter": 0.29423535, 
  "yCenter": 0.4344619, 
  "height": 0.3724687
}