{
  "width": 0.1557567, 
  "rotation": -0.17227554, 
  "xCenter": 0.6050056, 
  "yCenter": 0.4881726, 
  "height": 0.2769008
}