{
  "width": 0.22055788, 
  "rotation": 0.57196325, 
  "xCenter": 0.09127553, 
  "yCenter": 0.40731585, 
  "height": 0.3921029
}