{
  "width": 0.18604815, 
  "rotation": -2.000419, 
  "xCenter": 0.29200453, 
  "yCenter": 0.7060109, 
  "height": 0.33075225
}