{
  "width": 0.2639633, 
  "rotation": -0.2216363, 
  "xCenter": 0.44570747, 
  "yCenter": 0.29257157, 
  "height": 0.4692681
}