{
  "width": 0.2262107, 
  "rotation": -0.66004837, 
  "xCenter": 0.34523797, 
  "yCenter": 0.6193849, 
  "height": 0.40215236
}