{
  "width": 0.31239316, 
  "rotation": -1.371739, 
  "xCenter": 0.53549, 
  "yCenter": 0.18479231, 
  "height": 0.5553656
}