{
  "width": 0.2002501, 
  "rotation": -0.5371791, 
  "xCenter": 0.38596123, 
  "yCenter": 0.5707488, 
  "height": 0.35600019
}