{
  "width": 0.19866273, 
  "rotation": -0.06613445, 
  "xCenter": 0.59408104, 
  "yCenter": 0.4840175, 
  "height": 0.35317817
}