{
  "width": 0.231004, 
  "rotation": -2.1524942, 
  "xCenter": 0.47114977, 
  "yCenter": 0.8671011, 
  "height": 0.41067377
}