{
  "width": 0.26214594, 
  "rotation": -1.001268, 
  "xCenter": 0.6867075, 
  "yCenter": 0.49669656, 
  "height": 0.46603724
}