{
  "width": 0.33165473, 
  "rotation": -0.10562074, 
  "xCenter": 0.31174558, 
  "yCenter": 0.73307866, 
  "height": 0.58960843
}