{
  "width": 0.21939512, 
  "rotation": 1.0412179, 
  "xCenter": 0.38841245, 
  "yCenter": 0.5758046, 
  "height": 0.39003575
}