{
  "width": 0.31532323, 
  "rotation": -0.8168031, 
  "xCenter": 0.7011374, 
  "yCenter": 0.81955254, 
  "height": 0.56057465
}