{
  "width": 0.24729413, 
  "rotation": -2.0235298, 
  "xCenter": 0.5036699, 
  "yCenter": 0.6917672, 
  "height": 0.439634
}