{
  "width": 0.078004375, 
  "rotation": -0.699458, 
  "xCenter": 0.56991327, 
  "yCenter": 0.8244217, 
  "height": 0.13867444
}