{
  "width": 0.07288073, 
  "rotation": 0.16581559, 
  "xCenter": 0.46193358, 
  "yCenter": 0.33911258, 
  "height": 0.12956575
}