{
  "width": 0.31356475, 
  "rotation": -0.86552274, 
  "xCenter": 0.6157555, 
  "yCenter": 0.43222162, 
  "height": 0.55744845
}