{
  "width": 0.2796186, 
  "rotation": -0.5448667, 
  "xCenter": 0.6897129, 
  "yCenter": 0.45720184, 
  "height": 0.49709973
}