{
  "width": 0.1909132, 
  "rotation": 0.22077918, 
  "xCenter": 0.12394281, 
  "yCenter": 0.30937356, 
  "height": 0.33940125
}