{
  "width": 0.32255593, 
  "rotation": -0.5716382, 
  "xCenter": 0.667763, 
  "yCenter": 0.8515601, 
  "height": 0.57343274
}