{
  "width": 0.38660187, 
  "rotation": -0.41446877, 
  "xCenter": 0.6844259, 
  "yCenter": 0.74346095, 
  "height": 0.68729216
}