{
  "width": 0.19838351, 
  "rotation": -1.3346668, 
  "xCenter": 0.15300103, 
  "yCenter": 0.6643075, 
  "height": 0.35268176
}