{
  "width": 0.16376953, 
  "rotation": -1.2431854, 
  "xCenter": 0.55700344, 
  "yCenter": 0.80055994, 
  "height": 0.2911458
}