{
  "width": 0.22750582, 
  "rotation": -0.5755309, 
  "xCenter": 0.52502966, 
  "yCenter": 0.6393458, 
  "height": 0.4044548
}