{
  "width": 0.2646483, 
  "rotation": 0.13341188, 
  "xCenter": 0.13959758, 
  "yCenter": 0.3079291, 
  "height": 0.47048584
}