{
  "width": 0.27947968, 
  "rotation": 0.1980089, 
  "xCenter": 0.12963744, 
  "yCenter": 0.6395931, 
  "height": 0.4968528
}