{
  "width": 0.1644091, 
  "rotation": -0.12739956, 
  "xCenter": 0.35899958, 
  "yCenter": 0.5211542, 
  "height": 0.29228282
}