{
  "width": 0.30684966, 
  "rotation": -1.9348162, 
  "xCenter": 0.5160821, 
  "yCenter": 0.12063533, 
  "height": 0.54551053
}