{
  "width": 0.26623288, 
  "rotation": -0.33426905, 
  "xCenter": 0.405564, 
  "yCenter": 0.44239217, 
  "height": 0.47330287
}