{
  "width": 0.22578485, 
  "rotation": -2.1359956, 
  "xCenter": 0.5180045, 
  "yCenter": 0.7142801, 
  "height": 0.4013953
}