{
  "width": 0.17408447, 
  "rotation": -1.2510635, 
  "xCenter": 0.3486205, 
  "yCenter": 0.5741956, 
  "height": 0.3094835
}