{
  "width": 0.18435375, 
  "rotation": 0.6396536, 
  "xCenter": 0.15559395, 
  "yCenter": 0.48474935, 
  "height": 0.32774
}