{
  "width": 0.19754492, 
  "rotation": -1.2781802, 
  "xCenter": 0.5008825, 
  "yCenter": 0.6813204, 
  "height": 0.35119095
}