{
  "width": 0.153458, 
  "rotation": -0.34930396, 
  "xCenter": 0.35482526, 
  "yCenter": 0.3620295, 
  "height": 0.2728142
}