{
  "width": 0.30484617, 
  "rotation": -0.8976084, 
  "xCenter": 0.26669583, 
  "yCenter": 0.82220006, 
  "height": 0.54194874
}