{
  "width": 0.3741457, 
  "rotation": -0.593649, 
  "xCenter": 0.86660415, 
  "yCenter": 0.63310057, 
  "height": 0.6651479
}