{
  "width": 0.13078757, 
  "rotation": -0.13222802, 
  "xCenter": 0.35605085, 
  "yCenter": 0.6986447, 
  "height": 0.23251122
}