{
  "width": 0.19550781, 
  "rotation": -1.8235086, 
  "xCenter": 0.54783267, 
  "yCenter": 0.14565231, 
  "height": 0.34756944
}