{
  "width": 0.2907072, 
  "rotation": 0.112222195, 
  "xCenter": 0.14407267, 
  "yCenter": 0.26494473, 
  "height": 0.51681286
}