{
  "width": 0.33340272, 
  "rotation": 0.049496412, 
  "xCenter": 0.32115227, 
  "yCenter": 0.72394276, 
  "height": 0.5927159
}