{
  "width": 0.26875225, 
  "rotation": -0.71315825, 
  "xCenter": 0.79184854, 
  "yCenter": 0.5600428, 
  "height": 0.4777818
}