{
  "width": 0.18122438, 
  "rotation": -0.15802646, 
  "xCenter": 0.07372662, 
  "yCenter": 0.4308629, 
  "height": 0.32217667
}