{
  "width": 0.28140277, 
  "rotation": -0.8132826, 
  "xCenter": 0.6823242, 
  "yCenter": 0.45331445, 
  "height": 0.5002716
}