{
  "width": 0.24522114, 
  "rotation": -2.0004957, 
  "xCenter": 0.49925202, 
  "yCenter": 0.6849693, 
  "height": 0.43594867
}