{
  "width": 0.17658499, 
  "rotation": -0.5681559, 
  "xCenter": 0.40658617, 
  "yCenter": 0.57195127, 
  "height": 0.31392887
}