{
  "width": 0.23912577, 
  "rotation": -1.1591111, 
  "xCenter": 0.22572252, 
  "yCenter": 0.69114816, 
  "height": 0.4251125
}