{
  "width": 0.2882566, 
  "rotation": 0.22410071, 
  "xCenter": 0.12673856, 
  "yCenter": 0.6820811, 
  "height": 0.5124562
}