{
  "width": 0.09928724, 
  "rotation": -2.7069457, 
  "xCenter": 0.78194106, 
  "yCenter": 0.45475414, 
  "height": 0.17651065
}