{
  "width": 0.17424324, 
  "rotation": 0.18278468, 
  "xCenter": 0.1196543, 
  "yCenter": 0.43165636, 
  "height": 0.30976576
}