{
  "width": 0.22509928, 
  "rotation": -0.48565495, 
  "xCenter": 0.33899143, 
  "yCenter": 0.4123204, 
  "height": 0.40017647
}