{
  "width": 0.37277928, 
  "rotation": -0.4580251, 
  "xCenter": 0.6909342, 
  "yCenter": 0.7410124, 
  "height": 0.6627187
}