{
  "width": 0.25472698, 
  "rotation": -0.77108586, 
  "xCenter": 0.66320395, 
  "yCenter": 0.3432358, 
  "height": 0.45284796
}