{
  "width": 0.30826983, 
  "rotation": -0.9303998, 
  "xCenter": 0.6772128, 
  "yCenter": 0.38354015, 
  "height": 0.54803526
}