{
  "width": 0.24319968, 
  "rotation": -0.66667044, 
  "xCenter": 0.63529044, 
  "yCenter": 0.2967228, 
  "height": 0.432355
}