{
  "width": 0.29933956, 
  "rotation": -0.8250991, 
  "xCenter": 0.6961154, 
  "yCenter": 0.40329066, 
  "height": 0.5321592
}