{
  "width": 0.2043468, 
  "rotation": 0.4783908, 
  "xCenter": 0.12517993, 
  "yCenter": 0.339476, 
  "height": 0.36328322
}