{
  "width": 0.1320467, 
  "rotation": 0.63161767, 
  "xCenter": 0.4038053, 
  "yCenter": 0.40991178, 
  "height": 0.23474969
}