{
  "width": 0.25092703, 
  "rotation": -1.0019041, 
  "xCenter": 0.6117991, 
  "yCenter": 0.4319483, 
  "height": 0.44609252
}