{
  "width": 0.2090737, 
  "rotation": -0.96640575, 
  "xCenter": 0.74758327, 
  "yCenter": 0.23094174, 
  "height": 0.37168655
}