{
  "width": 0.20364313, 
  "rotation": 0.83365536, 
  "xCenter": 0.18491764, 
  "yCenter": 0.3861774, 
  "height": 0.36203223
}