{
  "width": 0.26343963, 
  "rotation": 0.16405952, 
  "xCenter": 0.10438927, 
  "yCenter": 0.5805421, 
  "height": 0.46833712
}