{
  "width": 0.21805686, 
  "rotation": -0.35511208, 
  "xCenter": 0.5440302, 
  "yCenter": 0.57563305, 
  "height": 0.38765663
}