{
  "width": 0.27716848, 
  "rotation": -0.86263955, 
  "xCenter": 0.5985392, 
  "yCenter": 0.21853514, 
  "height": 0.49274397
}