{
  "width": 0.17640828, 
  "rotation": 1.735842, 
  "xCenter": 0.12825206, 
  "yCenter": 0.6025792, 
  "height": 0.31361473
}