{
  "width": 0.23777552, 
  "rotation": -0.7244047, 
  "xCenter": 0.43284693, 
  "yCenter": 0.52489847, 
  "height": 0.42271203
}