{
  "width": 0.15175888, 
  "rotation": -2.8644235, 
  "xCenter": 0.726276, 
  "yCenter": 0.53334236, 
  "height": 0.26979357
}