{
  "width": 0.16329585, 
  "rotation": -0.97150457, 
  "xCenter": 0.052879866, 
  "yCenter": 0.59584856, 
  "height": 0.29030374
}