{
  "width": 0.24015146, 
  "rotation": -0.6149217, 
  "xCenter": 0.28532615, 
  "yCenter": 0.5014768, 
  "height": 0.42693594
}