{
  "width": 0.17302379, 
  "rotation": 0.42120183, 
  "xCenter": 0.3569587, 
  "yCenter": 0.70049185, 
  "height": 0.30759785
}