{
  "width": 0.22635259, 
  "rotation": -0.39954185, 
  "xCenter": 0.50197375, 
  "yCenter": 0.49575877, 
  "height": 0.40240464
}