{
  "width": 0.1861253, 
  "rotation": 0.7493576, 
  "xCenter": 0.09378414, 
  "yCenter": 0.5000389, 
  "height": 0.33088943
}