{
  "width": 0.19835506, 
  "rotation": 0.11370611, 
  "xCenter": 0.10884325, 
  "yCenter": 0.30971175, 
  "height": 0.35263124
}