{
  "width": 0.16671498, 
  "rotation": 0.993838, 
  "xCenter": 0.3649285, 
  "yCenter": 0.7221398, 
  "height": 0.2963822
}