{
  "width": 0.2645036, 
  "rotation": -0.5354482, 
  "xCenter": 0.4109982, 
  "yCenter": 0.69172686, 
  "height": 0.4702286
}