{
  "width": 0.15780255, 
  "rotation": 0.34728086, 
  "xCenter": 0.40418458, 
  "yCenter": 0.4168655, 
  "height": 0.28053787
}