{
  "width": 0.1557973, 
  "rotation": 0.048662543, 
  "xCenter": 0.54474276, 
  "yCenter": 0.39638907, 
  "height": 0.27697298
}