{
  "width": 0.095314875, 
  "rotation": -0.7782415, 
  "xCenter": 0.5670985, 
  "yCenter": 0.8197693, 
  "height": 0.16944866
}