{
  "width": 0.31734872, 
  "rotation": -0.019931436, 
  "xCenter": 0.31615368, 
  "yCenter": 0.726619, 
  "height": 0.5641755
}