{
  "width": 0.20108928, 
  "rotation": -0.5668415, 
  "xCenter": 0.45801774, 
  "yCenter": 0.5413083, 
  "height": 0.35749206
}