{
  "width": 0.30618498, 
  "rotation": -2.7712781, 
  "xCenter": 0.45398462, 
  "yCenter": 0.7809808, 
  "height": 0.54432887
}