{
  "width": 0.37087956, 
  "rotation": -0.20691931, 
  "xCenter": 0.25600392, 
  "yCenter": 0.68244773, 
  "height": 0.6593414
}