{
  "width": 0.28373322, 
  "rotation": 0.19627798, 
  "xCenter": 0.13206375, 
  "yCenter": 0.6437577, 
  "height": 0.5044146
}