{
  "width": 0.12695375, 
  "rotation": -0.34144247, 
  "xCenter": 0.30062467, 
  "yCenter": 0.89194053, 
  "height": 0.22569555
}