{
  "width": 0.31206012, 
  "rotation": -1.4091552, 
  "xCenter": 0.53804255, 
  "yCenter": 0.26904017, 
  "height": 0.55477357
}