{
  "width": 0.19899909, 
  "rotation": 0.7822188, 
  "xCenter": 0.23108141, 
  "yCenter": 0.4179978, 
  "height": 0.35377616
}