{
  "width": 0.2243103, 
  "rotation": 0.14929175, 
  "xCenter": 0.0640132, 
  "yCenter": 0.46295655, 
  "height": 0.39877385
}