{
  "width": 0.246473, 
  "rotation": -0.739611, 
  "xCenter": 0.6341569, 
  "yCenter": 0.19334748, 
  "height": 0.43817422
}