{
  "width": 0.221562, 
  "rotation": -0.636603, 
  "xCenter": 0.49474382, 
  "yCenter": 0.60680735, 
  "height": 0.39388803
}