{
  "width": 0.17170998, 
  "rotation": -0.3974898, 
  "xCenter": 0.35163274, 
  "yCenter": 0.37727788, 
  "height": 0.3052622
}