{
  "width": 0.28431982, 
  "rotation": -1.6206597, 
  "xCenter": 0.44953728, 
  "yCenter": 0.6330515, 
  "height": 0.50545746
}