{
  "width": 0.32321316, 
  "rotation": -2.1665561, 
  "xCenter": 0.5331698, 
  "yCenter": 0.29306847, 
  "height": 0.5746012
}