{
  "width": 0.37699065, 
  "rotation": -0.3945582, 
  "xCenter": 0.65719634, 
  "yCenter": 0.7750589, 
  "height": 0.67020553
}