{
  "width": 0.19136262, 
  "rotation": -2.7310474, 
  "xCenter": 0.36795455, 
  "yCenter": 0.689557, 
  "height": 0.3402002
}