{
  "width": 0.24087588, 
  "rotation": -0.9005209, 
  "xCenter": 0.26070392, 
  "yCenter": 0.5707544, 
  "height": 0.4282238
}