{
  "width": 0.2612468, 
  "rotation": -0.89349115, 
  "xCenter": 0.6755205, 
  "yCenter": 0.4441087, 
  "height": 0.46443874
}