{
  "width": 0.37403238, 
  "rotation": -0.38418913, 
  "xCenter": 0.6914629, 
  "yCenter": 0.72933435, 
  "height": 0.66494644
}