{
  "width": 0.29249227, 
  "rotation": -0.4000994, 
  "xCenter": 0.28041115, 
  "yCenter": 0.7889612, 
  "height": 0.5199863
}