{
  "width": 0.26011565, 
  "rotation": -0.41858518, 
  "xCenter": 0.40319407, 
  "yCenter": 0.3291368, 
  "height": 0.46242782
}