{
  "width": 0.17618775, 
  "rotation": -1.0113202, 
  "xCenter": 0.5085071, 
  "yCenter": 0.66852766, 
  "height": 0.31322265
}