{
  "width": 0.2986431, 
  "rotation": -1.0482696, 
  "xCenter": 0.66740626, 
  "yCenter": 0.330629, 
  "height": 0.5309211
}