{
  "width": 0.16362634, 
  "rotation": -0.77274287, 
  "xCenter": 0.05135876, 
  "yCenter": 0.5126728, 
  "height": 0.29089126
}