{
  "width": 0.22534648, 
  "rotation": 0.20461667, 
  "xCenter": 0.022280375, 
  "yCenter": 0.49113652, 
  "height": 0.40061596
}