{
  "width": 0.20309633, 
  "rotation": 0.24796021, 
  "xCenter": 0.6225155, 
  "yCenter": 0.47089505, 
  "height": 0.36106014
}