{
  "width": 0.17260197, 
  "rotation": -0.8211082, 
  "xCenter": 0.042272776, 
  "yCenter": 0.57023776, 
  "height": 0.30684796
}