{
  "width": 0.2284093, 
  "rotation": -1.0533518, 
  "xCenter": 0.72301304, 
  "yCenter": 0.21306197, 
  "height": 0.406061
}