{
  "width": 0.23459366, 
  "rotation": -0.77507746, 
  "xCenter": 0.6828945, 
  "yCenter": 0.4184643, 
  "height": 0.4170554
}