{
  "width": 0.20342748, 
  "rotation": 1.0906389, 
  "xCenter": 0.22736323, 
  "yCenter": 0.56399083, 
  "height": 0.36164886
}