{
  "width": 0.20769162, 
  "rotation": 0.053875566, 
  "xCenter": 0.1313961, 
  "yCenter": 0.3993613, 
  "height": 0.36922956
}