{
  "width": 0.12284545, 
  "rotation": 0.34931922, 
  "xCenter": 0.66401654, 
  "yCenter": 0.5648193, 
  "height": 0.21839191
}