{
  "width": 0.21044092, 
  "rotation": -0.46576607, 
  "xCenter": 0.49233472, 
  "yCenter": 0.46873808, 
  "height": 0.3741172
}