{
  "width": 0.29040915, 
  "rotation": -1.713169, 
  "xCenter": 0.5374844, 
  "yCenter": 0.22284697, 
  "height": 0.5162829
}