{
  "width": 0.24029969, 
  "rotation": -1.0155865, 
  "xCenter": 0.3505295, 
  "yCenter": 0.59168917, 
  "height": 0.42719945
}