{
  "width": 0.10438979, 
  "rotation": -1.9843663, 
  "xCenter": 0.38695693, 
  "yCenter": 0.5154554, 
  "height": 0.18558185
}