{
  "width": 0.2836144, 
  "rotation": -0.92222726, 
  "xCenter": 0.66898614, 
  "yCenter": 0.43397027, 
  "height": 0.5042033
}