{
  "width": 0.29767996, 
  "rotation": -0.8002881, 
  "xCenter": 0.64953333, 
  "yCenter": 0.317241, 
  "height": 0.52920884
}