{
  "width": 0.20746313, 
  "rotation": -0.39347255, 
  "xCenter": 0.52719796, 
  "yCenter": 0.5703199, 
  "height": 0.36882335
}