{
  "width": 0.20393017, 
  "rotation": 0.3676666, 
  "xCenter": 0.045262992, 
  "yCenter": 0.49178934, 
  "height": 0.3625425
}