{
  "width": 0.20398617, 
  "rotation": 0.27618325, 
  "xCenter": 0.14551844, 
  "yCenter": 0.5520635, 
  "height": 0.36264208
}