{
  "width": 0.17870334, 
  "rotation": 2.9335358, 
  "xCenter": 0.37395108, 
  "yCenter": 0.6695799, 
  "height": 0.3176948
}