{
  "width": 0.25915632, 
  "rotation": -0.8981954, 
  "xCenter": 0.6347063, 
  "yCenter": 0.43820858, 
  "height": 0.46072233
}