{
  "width": 0.2779666, 
  "rotation": -0.23416936, 
  "xCenter": 0.5902407, 
  "yCenter": 0.6793147, 
  "height": 0.4941628
}