{
  "width": 0.1630697, 
  "rotation": 0.83947897, 
  "xCenter": 0.39246705, 
  "yCenter": 0.7921186, 
  "height": 0.2899017
}