{
  "width": 0.22444892, 
  "rotation": 0.3497399, 
  "xCenter": 0.14415167, 
  "yCenter": 0.49481997, 
  "height": 0.3990203
}