{
  "width": 0.27890617, 
  "rotation": -0.28863907, 
  "xCenter": 0.43222544, 
  "yCenter": 0.30735892, 
  "height": 0.49583322
}