{
  "width": 0.27995405, 
  "rotation": 0.18852127, 
  "xCenter": 0.124809265, 
  "yCenter": 0.69559765, 
  "height": 0.4976961
}