{
  "width": 0.15693805, 
  "rotation": -0.9955276, 
  "xCenter": 0.02575176, 
  "yCenter": 0.5944097, 
  "height": 0.27900097
}