{
  "width": 0.28241614, 
  "rotation": -0.92407095, 
  "xCenter": 0.6781198, 
  "yCenter": 0.35653877, 
  "height": 0.5020731
}