{
  "width": 0.28370777, 
  "rotation": -2.059775, 
  "xCenter": 0.5512653, 
  "yCenter": 0.45001322, 
  "height": 0.5043694
}