{
  "width": 0.19865435, 
  "rotation": 1.1966383, 
  "xCenter": 0.22458605, 
  "yCenter": 0.54889846, 
  "height": 0.3531633
}