{
  "width": 0.20799902, 
  "rotation": -0.31569743, 
  "xCenter": 0.56366205, 
  "yCenter": 0.5503588, 
  "height": 0.36977604
}