{
  "width": 0.2051985, 
  "rotation": 0.695745, 
  "xCenter": 0.18143149, 
  "yCenter": 0.41828734, 
  "height": 0.36479735
}