{
  "width": 0.38452274, 
  "rotation": -0.5507029, 
  "xCenter": 0.6847381, 
  "yCenter": 0.7377981, 
  "height": 0.68359596
}