{
  "width": 0.23820136, 
  "rotation": -0.7252921, 
  "xCenter": 0.70072967, 
  "yCenter": 0.52097654, 
  "height": 0.4234691
}