{
  "width": 0.36423647, 
  "rotation": -0.17229414, 
  "xCenter": 0.25159058, 
  "yCenter": 0.6944609, 
  "height": 0.6475315
}