{
  "width": 0.31008738, 
  "rotation": -0.24569786, 
  "xCenter": 0.5171228, 
  "yCenter": 0.65868855, 
  "height": 0.5512665
}