{
  "width": 0.21879593, 
  "rotation": 0.32145178, 
  "xCenter": 0.08163502, 
  "yCenter": 0.39733067, 
  "height": 0.38897052
}