{
  "width": 0.1641988, 
  "rotation": 1.8630327, 
  "xCenter": 0.42433178, 
  "yCenter": 0.5852315, 
  "height": 0.29190898
}