{
  "width": 0.23679508, 
  "rotation": 0.2025212, 
  "xCenter": 0.061998934, 
  "yCenter": 0.38258794, 
  "height": 0.42096904
}