{
  "width": 0.26951343, 
  "rotation": -0.112396955, 
  "xCenter": 0.11623084, 
  "yCenter": 0.3070327, 
  "height": 0.47913498
}