{
  "width": 0.16972828, 
  "rotation": 0.745219, 
  "xCenter": 0.06434579, 
  "yCenter": 0.41813183, 
  "height": 0.30173916
}