{
  "width": 0.16440421, 
  "rotation": 0.11387968, 
  "xCenter": 0.29555756, 
  "yCenter": 0.4252736, 
  "height": 0.29227415
}