{
  "width": 0.15996093, 
  "rotation": 3.0536575, 
  "xCenter": 0.112128615, 
  "yCenter": 0.68443364, 
  "height": 0.28437498
}