{
  "width": 0.28930575, 
  "rotation": 0.23624611, 
  "xCenter": 0.12662667, 
  "yCenter": 0.69246477, 
  "height": 0.5143213
}