{
  "width": 0.19951536, 
  "rotation": 0.4373945, 
  "xCenter": 0.16803019, 
  "yCenter": 0.34023863, 
  "height": 0.35469398
}