{
  "width": 0.2834226, 
  "rotation": -0.81905615, 
  "xCenter": 0.6424457, 
  "yCenter": 0.39701414, 
  "height": 0.5038624
}