{
  "width": 0.19723855, 
  "rotation": 0.6545602, 
  "xCenter": 0.17453213, 
  "yCenter": 0.5431698, 
  "height": 0.35064632
}