{
  "width": 0.26326206, 
  "rotation": -1.6489619, 
  "xCenter": 0.4516191, 
  "yCenter": 0.7453753, 
  "height": 0.46802142
}