{
  "width": 0.26854962, 
  "rotation": -0.21197891, 
  "xCenter": 0.45503697, 
  "yCenter": 0.32162565, 
  "height": 0.47742152
}