{
  "width": 0.26384908, 
  "rotation": -1.0384356, 
  "xCenter": 0.6084467, 
  "yCenter": 0.42854485, 
  "height": 0.46906504
}