{
  "width": 0.2882237, 
  "rotation": -0.85073626, 
  "xCenter": 0.649812, 
  "yCenter": 0.3774207, 
  "height": 0.5123977
}