{
  "width": 0.23740736, 
  "rotation": 0.24206996, 
  "xCenter": 0.03319083, 
  "yCenter": 0.46854568, 
  "height": 0.4220575
}