{
  "width": 0.21373934, 
  "rotation": -0.40093255, 
  "xCenter": 0.33985776, 
  "yCenter": 0.48087293, 
  "height": 0.37998107
}