{
  "width": 0.3737966, 
  "rotation": -0.43334305, 
  "xCenter": 0.68802965, 
  "yCenter": 0.7346189, 
  "height": 0.66452736
}