{
  "width": 0.31750926, 
  "rotation": -0.23508072, 
  "xCenter": 0.5734399, 
  "yCenter": 0.7189543, 
  "height": 0.5644609
}