{
  "width": 0.3106832, 
  "rotation": -0.36522007, 
  "xCenter": 0.23272863, 
  "yCenter": 0.7796437, 
  "height": 0.55232567
}