{
  "width": 0.17655024, 
  "rotation": -0.16017258, 
  "xCenter": 0.13462335, 
  "yCenter": 0.3783213, 
  "height": 0.3138671
}