{
  "width": 0.17701676, 
  "rotation": -0.23430979, 
  "xCenter": 0.33893222, 
  "yCenter": 0.4425765, 
  "height": 0.3146965
}