{
  "width": 0.17035925, 
  "rotation": 0.07376516, 
  "xCenter": 0.028595084, 
  "yCenter": 0.50166315, 
  "height": 0.3028609
}