{
  "width": 0.28011093, 
  "rotation": -0.2424798, 
  "xCenter": 0.44187966, 
  "yCenter": 0.2872849, 
  "height": 0.49797502
}