{
  "width": 0.25992808, 
  "rotation": -0.995144, 
  "xCenter": 0.45642707, 
  "yCenter": 0.8726849, 
  "height": 0.46209434
}