{
  "width": 0.17011718, 
  "rotation": -0.24167717, 
  "xCenter": 0.6195202, 
  "yCenter": 0.46063396, 
  "height": 0.30243054
}