{
  "width": 0.1685473, 
  "rotation": 0.7616487, 
  "xCenter": 0.3840927, 
  "yCenter": 0.76114273, 
  "height": 0.29963964
}