{
  "width": 0.15570349, 
  "rotation": 1.6915263, 
  "xCenter": 0.15912221, 
  "yCenter": 0.6115722, 
  "height": 0.27680618
}