{
  "width": 0.07035762, 
  "rotation": 2.1586313, 
  "xCenter": 0.39813426, 
  "yCenter": 0.53521484, 
  "height": 0.12508021
}