{
  "width": 0.3095053, 
  "rotation": -1.1360699, 
  "xCenter": 0.6309766, 
  "yCenter": 0.5072995, 
  "height": 0.5502317
}