{
  "width": 0.21703373, 
  "rotation": -1.1892883, 
  "xCenter": 0.43427825, 
  "yCenter": 0.88521224, 
  "height": 0.38583776
}