{
  "width": 0.36845773, 
  "rotation": -0.5641624, 
  "xCenter": 0.86692035, 
  "yCenter": 0.6436308, 
  "height": 0.655036
}