{
  "width": 0.33774534, 
  "rotation": -2.2616017, 
  "xCenter": 0.6994095, 
  "yCenter": 0.6940788, 
  "height": 0.60043615
}