{
  "width": 0.2088557, 
  "rotation": -0.36107826, 
  "xCenter": 0.17412074, 
  "yCenter": 0.5823718, 
  "height": 0.37129903
}