{
  "width": 0.28626013, 
  "rotation": 0.14471221, 
  "xCenter": 0.14121488, 
  "yCenter": 0.28413546, 
  "height": 0.5089069
}