{
  "width": 0.20416903, 
  "rotation": 0.5920655, 
  "xCenter": 0.16312312, 
  "yCenter": 0.53287756, 
  "height": 0.36296716
}