{
  "width": 0.2485848, 
  "rotation": -0.6567408, 
  "xCenter": 0.34312472, 
  "yCenter": 0.46493185, 
  "height": 0.44192854
}