{
  "width": 0.30101243, 
  "rotation": -1.9943808, 
  "xCenter": 0.5063111, 
  "yCenter": 0.099949405, 
  "height": 0.5351332
}