{
  "width": 0.14926696, 
  "rotation": -0.09891069, 
  "xCenter": 0.63966995, 
  "yCenter": 0.520816, 
  "height": 0.26536348
}