{
  "width": 0.22426473, 
  "rotation": -1.4939648, 
  "xCenter": 0.42505988, 
  "yCenter": 0.69557947, 
  "height": 0.39869285
}