{
  "width": 0.33468682, 
  "rotation": -1.8475145, 
  "xCenter": 0.51167405, 
  "yCenter": 0.23604918, 
  "height": 0.5949988
}