{
  "width": 0.28769112, 
  "rotation": -1.7098411, 
  "xCenter": 0.5043742, 
  "yCenter": 0.13076049, 
  "height": 0.5114509
}