{
  "width": 0.16360664, 
  "rotation": 1.1366594, 
  "xCenter": 0.41111726, 
  "yCenter": 0.8052242, 
  "height": 0.29085627
}