{
  "width": 0.26289678, 
  "rotation": -0.76230705, 
  "xCenter": 0.6681421, 
  "yCenter": 0.32635307, 
  "height": 0.46737206
}