{
  "width": 0.2531004, 
  "rotation": -0.9492153, 
  "xCenter": 0.38727182, 
  "yCenter": 0.5397335, 
  "height": 0.44995627
}