{
  "width": 0.21933995, 
  "rotation": -2.466128, 
  "xCenter": 0.30972272, 
  "yCenter": 0.57240564, 
  "height": 0.3899377
}