{
  "width": 0.10292612, 
  "rotation": -0.042642236, 
  "xCenter": 0.35628092, 
  "yCenter": 0.7400488, 
  "height": 0.18297978
}