{
  "width": 0.23501933, 
  "rotation": -0.7047814, 
  "xCenter": 0.5395309, 
  "yCenter": 0.7295037, 
  "height": 0.41781214
}