{
  "width": 0.22484967, 
  "rotation": -0.52849877, 
  "xCenter": 0.40668106, 
  "yCenter": 0.6608986, 
  "height": 0.39973274
}