{
  "width": 0.28381988, 
  "rotation": -0.9998747, 
  "xCenter": 0.59626096, 
  "yCenter": 0.41708988, 
  "height": 0.5045687
}