{
  "width": 0.23511308, 
  "rotation": -0.80287087, 
  "xCenter": 0.64634854, 
  "yCenter": 0.48777983, 
  "height": 0.41797882
}