{
  "width": 0.14499101, 
  "rotation": 0.18931794, 
  "xCenter": 0.32218003, 
  "yCenter": 0.47984657, 
  "height": 0.2577618
}