{
  "width": 0.2188262, 
  "rotation": -0.008047938, 
  "xCenter": 0.085914694, 
  "yCenter": 0.46456152, 
  "height": 0.38902438
}