{
  "width": 0.20699449, 
  "rotation": -0.3962171, 
  "xCenter": 0.3401933, 
  "yCenter": 0.5082262, 
  "height": 0.3679902
}