{
  "width": 0.42005628, 
  "rotation": -0.42687368, 
  "xCenter": 0.6497853, 
  "yCenter": 0.77687806, 
  "height": 0.7467667
}