{
  "width": 0.2308185, 
  "rotation": -0.9598249, 
  "xCenter": 0.47061715, 
  "yCenter": 0.55568516, 
  "height": 0.410344
}