{
  "width": 0.2828161, 
  "rotation": -0.28887773, 
  "xCenter": 0.4269558, 
  "yCenter": 0.308946, 
  "height": 0.5027842
}