{
  "width": 0.27968347, 
  "rotation": -0.9172107, 
  "xCenter": 0.60248035, 
  "yCenter": 0.232059, 
  "height": 0.49721503
}