{
  "width": 0.1898855, 
  "rotation": -0.091046214, 
  "xCenter": 0.080886655, 
  "yCenter": 0.424228, 
  "height": 0.3375742
}