{
  "width": 0.22221461, 
  "rotation": -2.1732337, 
  "xCenter": 0.3017423, 
  "yCenter": 0.6402579, 
  "height": 0.39504817
}