{
  "width": 0.30345225, 
  "rotation": -0.74994385, 
  "xCenter": 0.7101849, 
  "yCenter": 0.3071349, 
  "height": 0.53947073
}