{
  "width": 0.18770082, 
  "rotation": 0.5662576, 
  "xCenter": 0.29462072, 
  "yCenter": 0.62984335, 
  "height": 0.33369032
}