{
  "width": 0.23791258, 
  "rotation": -0.09143245, 
  "xCenter": 0.29262826, 
  "yCenter": 0.46082234, 
  "height": 0.4229557
}