{
  "width": 0.25813293, 
  "rotation": -1.8333272, 
  "xCenter": 0.5318108, 
  "yCenter": 0.30465287, 
  "height": 0.458903
}