{
  "width": 0.17684165, 
  "rotation": -0.22204375, 
  "xCenter": 0.336864, 
  "yCenter": 0.44571865, 
  "height": 0.31438515
}