{
  "width": 0.31792566, 
  "rotation": -0.38595915, 
  "xCenter": 0.23413335, 
  "yCenter": 0.7869154, 
  "height": 0.5652012
}