{
  "width": 0.19275194, 
  "rotation": 0.43479908, 
  "xCenter": 0.1300358, 
  "yCenter": 0.42920846, 
  "height": 0.34267008
}