{
  "width": 0.35335398, 
  "rotation": -0.4505974, 
  "xCenter": 0.1839207, 
  "yCenter": 0.75919664, 
  "height": 0.62818485
}