{
  "width": 0.21152292, 
  "rotation": -0.24711716, 
  "xCenter": 0.09583563, 
  "yCenter": 0.43668523, 
  "height": 0.3760408
}