{
  "width": 0.21174005, 
  "rotation": -0.3240944, 
  "xCenter": 0.5688731, 
  "yCenter": 0.5960498, 
  "height": 0.37642673
}