{
  "width": 0.32057476, 
  "rotation": -0.7028359, 
  "xCenter": 0.69160664, 
  "yCenter": 0.7765001, 
  "height": 0.5699107
}