{
  "width": 0.2943975, 
  "rotation": -0.89489186, 
  "xCenter": 0.6328783, 
  "yCenter": 0.4064104, 
  "height": 0.52337337
}