{
  "width": 0.2311117, 
  "rotation": -0.8507868, 
  "xCenter": 0.48067886, 
  "yCenter": 0.54165393, 
  "height": 0.41086525
}