{
  "width": 0.17030843, 
  "rotation": -1.0965229, 
  "xCenter": 0.3830263, 
  "yCenter": 0.42387906, 
  "height": 0.30277053
}