{
  "width": 0.3622294, 
  "rotation": -0.61597955, 
  "xCenter": 0.8658437, 
  "yCenter": 0.642842, 
  "height": 0.64396334
}