{
  "width": 0.22297338, 
  "rotation": 0.42732644, 
  "xCenter": 0.11604606, 
  "yCenter": 0.34339017, 
  "height": 0.39639708
}