{
  "width": 0.2924695, 
  "rotation": -0.3671589, 
  "xCenter": 0.57325953, 
  "yCenter": 0.73668164, 
  "height": 0.51994574
}