{
  "width": 0.20211287, 
  "rotation": -0.323462, 
  "xCenter": 0.5500155, 
  "yCenter": 0.49379146, 
  "height": 0.35931176
}