{
  "width": 0.25250033, 
  "rotation": -0.3812052, 
  "xCenter": 0.30514187, 
  "yCenter": 0.4771349, 
  "height": 0.44888946
}