{
  "width": 0.19323851, 
  "rotation": -3.0139337, 
  "xCenter": 0.12251577, 
  "yCenter": 0.89838713, 
  "height": 0.34353516
}