{
  "width": 0.23980735, 
  "rotation": -0.5934993, 
  "xCenter": 0.4084357, 
  "yCenter": 0.67342067, 
  "height": 0.4263242
}