{
  "width": 0.17491844, 
  "rotation": -0.41874886, 
  "xCenter": 0.077315934, 
  "yCenter": 0.5142019, 
  "height": 0.3109661
}