{
  "width": 0.26760313, 
  "rotation": -1.7599572, 
  "xCenter": 0.53351605, 
  "yCenter": 0.30231917, 
  "height": 0.4757389
}