{
  "width": 0.2815365, 
  "rotation": 0.16437638, 
  "xCenter": 0.14905074, 
  "yCenter": 0.2851926, 
  "height": 0.5005093
}