{
  "width": 0.17275599, 
  "rotation": 0.89634264, 
  "xCenter": 0.09710875, 
  "yCenter": 0.25067917, 
  "height": 0.30712175
}