{
  "width": 0.22617559, 
  "rotation": 0.21076345, 
  "xCenter": 0.14002098, 
  "yCenter": 0.4735029, 
  "height": 0.40208995
}