{
  "width": 0.17599775, 
  "rotation": -0.49450648, 
  "xCenter": 0.38959888, 
  "yCenter": 0.55534697, 
  "height": 0.3128849
}