{
  "width": 0.14099893, 
  "rotation": 1.6192406, 
  "xCenter": 0.354603, 
  "yCenter": 0.73627824, 
  "height": 0.25066477
}