{
  "width": 0.29616192, 
  "rotation": -1.3031808, 
  "xCenter": 0.5286361, 
  "yCenter": 0.3867915, 
  "height": 0.5265101
}