{
  "width": 0.2059438, 
  "rotation": -1.2077135, 
  "xCenter": 0.24734169, 
  "yCenter": 0.71461374, 
  "height": 0.3661223
}