{
  "width": 0.3458621, 
  "rotation": -0.3718605, 
  "xCenter": 0.29978862, 
  "yCenter": 0.768693, 
  "height": 0.61486596
}