{
  "width": 0.21004316, 
  "rotation": -0.19849598, 
  "xCenter": 0.08554989, 
  "yCenter": 0.5758392, 
  "height": 0.37341008
}