{
  "width": 0.23464182, 
  "rotation": -0.5694071, 
  "xCenter": 0.35477868, 
  "yCenter": 0.630228, 
  "height": 0.417141
}