{
  "width": 0.16989395, 
  "rotation": -0.3722366, 
  "xCenter": 0.2990249, 
  "yCenter": 0.33944574, 
  "height": 0.30203366
}