{
  "width": 0.22489926, 
  "rotation": -0.35523915, 
  "xCenter": 0.27977654, 
  "yCenter": 0.48578256, 
  "height": 0.39982092
}