{
  "width": 0.33091357, 
  "rotation": -2.4567144, 
  "xCenter": 0.41208953, 
  "yCenter": 0.79630554, 
  "height": 0.5882908
}