{
  "width": 0.2200182, 
  "rotation": -0.9097127, 
  "xCenter": 0.6593741, 
  "yCenter": 0.22824256, 
  "height": 0.39114347
}