{
  "width": 0.23899065, 
  "rotation": -1.1273428, 
  "xCenter": 0.3695035, 
  "yCenter": 0.5395011, 
  "height": 0.42487225
}