{
  "width": 0.18876846, 
  "rotation": 0.6416972, 
  "xCenter": 0.13927226, 
  "yCenter": 0.40280718, 
  "height": 0.33558837
}