{
  "width": 0.369598, 
  "rotation": -0.5286633, 
  "xCenter": 0.6676917, 
  "yCenter": 0.746114, 
  "height": 0.6570631
}