{
  "width": 0.30558988, 
  "rotation": -0.89833295, 
  "xCenter": 0.6497073, 
  "yCenter": 0.360719, 
  "height": 0.5432709
}