{
  "width": 0.17829159, 
  "rotation": -0.6155871, 
  "xCenter": 0.094821334, 
  "yCenter": 0.67402124, 
  "height": 0.31696284
}