{
  "width": 0.27076855, 
  "rotation": 0.13333404, 
  "xCenter": 0.1663536, 
  "yCenter": 0.25670418, 
  "height": 0.48136628
}