{
  "width": 0.21627669, 
  "rotation": -0.21857, 
  "xCenter": 0.5598106, 
  "yCenter": 0.53985083, 
  "height": 0.38449192
}