{
  "width": 0.28984815, 
  "rotation": -0.9677435, 
  "xCenter": 0.6743298, 
  "yCenter": 0.35795897, 
  "height": 0.5152856
}