{
  "width": 0.28042847, 
  "rotation": -0.21010423, 
  "xCenter": 0.4405956, 
  "yCenter": 0.31450787, 
  "height": 0.4985395
}