{
  "width": 0.25199085, 
  "rotation": -0.4877783, 
  "xCenter": 0.2991341, 
  "yCenter": 0.4768571, 
  "height": 0.44798377
}