{
  "width": 0.2080621, 
  "rotation": -0.18792653, 
  "xCenter": 0.5712043, 
  "yCenter": 0.6147692, 
  "height": 0.36988816
}