{
  "width": 0.19811836, 
  "rotation": -0.31731498, 
  "xCenter": 0.76091164, 
  "yCenter": 0.20849144, 
  "height": 0.3522104
}