{
  "width": 0.16417067, 
  "rotation": 1.1902772, 
  "xCenter": 0.2399418, 
  "yCenter": 0.46064937, 
  "height": 0.29185897
}