{
  "width": 0.30035937, 
  "rotation": -1.078334, 
  "xCenter": 0.6713903, 
  "yCenter": 0.33015916, 
  "height": 0.5339722
}