{
  "width": 0.20497546, 
  "rotation": 0.20708859, 
  "xCenter": 0.14657046, 
  "yCenter": 0.48280847, 
  "height": 0.36440077
}