{
  "width": 0.3829992, 
  "rotation": -0.63961303, 
  "xCenter": 0.6477557, 
  "yCenter": 0.76761985, 
  "height": 0.68088746
}