{
  "width": 0.24160047, 
  "rotation": -1.6032242, 
  "xCenter": 0.50729877, 
  "yCenter": 0.17579004, 
  "height": 0.42951193
}