{
  "width": 0.35771507, 
  "rotation": -0.5604478, 
  "xCenter": 0.6434189, 
  "yCenter": 0.7762711, 
  "height": 0.63593787
}