{
  "width": 0.17864949, 
  "rotation": -0.65475786, 
  "xCenter": 0.3215975, 
  "yCenter": 0.49074677, 
  "height": 0.31759906
}