{
  "width": 0.1900674, 
  "rotation": 0.270733, 
  "xCenter": 0.15953688, 
  "yCenter": 0.55049664, 
  "height": 0.33789757
}