{
  "width": 0.23713206, 
  "rotation": -0.8029326, 
  "xCenter": 0.6821321, 
  "yCenter": 0.45386732, 
  "height": 0.42156813
}