{
  "width": 0.26757228, 
  "rotation": -0.21105051, 
  "xCenter": 0.4473652, 
  "yCenter": 0.29696536, 
  "height": 0.4756841
}