{
  "width": 0.24952875, 
  "rotation": -0.6324531, 
  "xCenter": 0.4044209, 
  "yCenter": 0.7016215, 
  "height": 0.44360667
}