{
  "width": 0.2028524, 
  "rotation": -1.9050292, 
  "xCenter": 0.49933368, 
  "yCenter": 0.6035965, 
  "height": 0.3606265
}