{
  "width": 0.2176454, 
  "rotation": -0.45433915, 
  "xCenter": 0.49288076, 
  "yCenter": 0.44112176, 
  "height": 0.38692516
}