{
  "width": 0.2342981, 
  "rotation": -0.4042797, 
  "xCenter": 0.56569546, 
  "yCenter": 0.6254351, 
  "height": 0.41652995
}