{
  "width": 0.18884398, 
  "rotation": -0.90489256, 
  "xCenter": 0.3757251, 
  "yCenter": 0.38955864, 
  "height": 0.33572266
}