{
  "width": 0.23958372, 
  "rotation": -0.8438531, 
  "xCenter": 0.52364266, 
  "yCenter": 0.75831795, 
  "height": 0.42592663
}