{
  "width": 0.1610383, 
  "rotation": -0.062204957, 
  "xCenter": 0.4004273, 
  "yCenter": 0.5635553, 
  "height": 0.28629032
}