{
  "width": 0.19565299, 
  "rotation": 0.41963184, 
  "xCenter": 0.1578441, 
  "yCenter": 0.4852036, 
  "height": 0.34782755
}