{
  "width": 0.23834829, 
  "rotation": -0.5903021, 
  "xCenter": 0.40738213, 
  "yCenter": 0.6648803, 
  "height": 0.42373028
}