{
  "width": 0.2564143, 
  "rotation": -0.88961685, 
  "xCenter": 0.61956793, 
  "yCenter": 0.24623, 
  "height": 0.45584768
}