{
  "width": 0.16215241, 
  "rotation": 0.38223195, 
  "xCenter": 0.5465029, 
  "yCenter": 0.4831266, 
  "height": 0.28827095
}