{
  "width": 0.20199798, 
  "rotation": -0.45132077, 
  "xCenter": 0.060573358, 
  "yCenter": 0.42551184, 
  "height": 0.35910752
}