{
  "width": 0.21097107, 
  "rotation": -0.26333773, 
  "xCenter": 0.31309617, 
  "yCenter": 0.44909447, 
  "height": 0.3750597
}