{
  "width": 0.39416972, 
  "rotation": -0.48172414, 
  "xCenter": 0.68045264, 
  "yCenter": 0.7397927, 
  "height": 0.7007462
}