{
  "width": 0.2746514, 
  "rotation": -1.086824, 
  "xCenter": 0.68715805, 
  "yCenter": 0.49248704, 
  "height": 0.48826918
}