{
  "width": 0.20129745, 
  "rotation": -1.4726812, 
  "xCenter": 0.534785, 
  "yCenter": 0.17895822, 
  "height": 0.35786214
}