{
  "width": 0.2666345, 
  "rotation": 0.41831195, 
  "xCenter": 0.166471, 
  "yCenter": 0.28525952, 
  "height": 0.47401688
}