{
  "width": 0.30983627, 
  "rotation": -0.80714047, 
  "xCenter": 0.6597767, 
  "yCenter": 0.44688416, 
  "height": 0.55082005
}