{
  "width": 0.21224867, 
  "rotation": -0.51937115, 
  "xCenter": 0.3203767, 
  "yCenter": 0.4298097, 
  "height": 0.37733096
}