{
  "width": 0.18878353, 
  "rotation": 0.6481133, 
  "xCenter": 0.18632269, 
  "yCenter": 0.54781955, 
  "height": 0.3356152
}