{
  "width": 0.29112062, 
  "rotation": -2.1396992, 
  "xCenter": 0.5581003, 
  "yCenter": 0.34678245, 
  "height": 0.5175477
}