{
  "width": 0.17968298, 
  "rotation": -0.36685407, 
  "xCenter": 0.40979287, 
  "yCenter": 0.55576664, 
  "height": 0.3194364
}