{
  "width": 0.262192, 
  "rotation": 0.10224819, 
  "xCenter": 0.11495925, 
  "yCenter": 0.6911928, 
  "height": 0.46611914
}