{
  "width": 0.09024594, 
  "rotation": -0.746626, 
  "xCenter": 0.5837528, 
  "yCenter": 0.83045197, 
  "height": 0.16043723
}