{
  "width": 0.1634323, 
  "rotation": -0.9835144, 
  "xCenter": 0.5616987, 
  "yCenter": 0.7694129, 
  "height": 0.29054633
}