{
  "width": 0.19786431, 
  "rotation": -0.23898637, 
  "xCenter": 0.56172687, 
  "yCenter": 0.54412717, 
  "height": 0.35175878
}