{
  "width": 0.28737587, 
  "rotation": -0.93665564, 
  "xCenter": 0.60087824, 
  "yCenter": 0.41125992, 
  "height": 0.5108904
}