{
  "width": 0.22398886, 
  "rotation": -0.31685805, 
  "xCenter": 0.09138172, 
  "yCenter": 0.4500395, 
  "height": 0.39820245
}