{
  "width": 0.25556654, 
  "rotation": -0.86177194, 
  "xCenter": 0.671535, 
  "yCenter": 0.44149745, 
  "height": 0.4543405
}