{
  "width": 0.24520929, 
  "rotation": -2.075968, 
  "xCenter": 0.5007985, 
  "yCenter": 0.6907971, 
  "height": 0.4359276
}