{
  "width": 0.24896622, 
  "rotation": -1.1791402, 
  "xCenter": 0.3060156, 
  "yCenter": 0.64249253, 
  "height": 0.4426066
}