{
  "width": 0.2980305, 
  "rotation": -0.31071627, 
  "xCenter": 0.55359536, 
  "yCenter": 0.6728848, 
  "height": 0.529832
}