{
  "width": 0.1781128, 
  "rotation": -1.3334614, 
  "xCenter": 0.32198822, 
  "yCenter": 0.7175734, 
  "height": 0.316645
}