{
  "width": 0.13905063, 
  "rotation": 0.021734834, 
  "xCenter": 0.35597235, 
  "yCenter": 0.44277385, 
  "height": 0.24720111
}