{
  "width": 0.23296525, 
  "rotation": -0.52467024, 
  "xCenter": 0.41168332, 
  "yCenter": 0.6963679, 
  "height": 0.41416046
}