{
  "width": 0.29714593, 
  "rotation": -0.6872746, 
  "xCenter": 0.70845497, 
  "yCenter": 0.527655, 
  "height": 0.5282594
}