{
  "width": 0.16529848, 
  "rotation": -0.5475241, 
  "xCenter": 0.3227056, 
  "yCenter": 0.50136024, 
  "height": 0.29386398
}