{
  "width": 0.26023963, 
  "rotation": -0.17190719, 
  "xCenter": 0.5970706, 
  "yCenter": 0.660564, 
  "height": 0.46264824
}