{
  "width": 0.27789652, 
  "rotation": -0.26076758, 
  "xCenter": 0.42963642, 
  "yCenter": 0.30169365, 
  "height": 0.49403828
}