{
  "width": 0.30846757, 
  "rotation": -0.63891184, 
  "xCenter": 0.2820373, 
  "yCenter": 0.7961831, 
  "height": 0.5483868
}