{
  "width": 0.30302247, 
  "rotation": -0.5636598, 
  "xCenter": 0.27716792, 
  "yCenter": 0.80554134, 
  "height": 0.5387066
}