{
  "width": 0.27919775, 
  "rotation": -0.2805606, 
  "xCenter": 0.42976344, 
  "yCenter": 0.30612355, 
  "height": 0.49635157
}