{
  "width": 0.3989502, 
  "rotation": -0.3610325, 
  "xCenter": 0.7881074, 
  "yCenter": 0.6604585, 
  "height": 0.7092448
}