{
  "width": 0.22729343, 
  "rotation": -0.800274, 
  "xCenter": 0.5097127, 
  "yCenter": 0.6162207, 
  "height": 0.4040772
}