{
  "width": 0.17162538, 
  "rotation": 2.3913975, 
  "xCenter": 0.15234822, 
  "yCenter": 0.56146955, 
  "height": 0.30511177
}