{
  "width": 0.16583143, 
  "rotation": 0.46299648, 
  "xCenter": 0.12515691, 
  "yCenter": 0.35001794, 
  "height": 0.29481143
}