{
  "width": 0.12679347, 
  "rotation": -0.24011135, 
  "xCenter": 0.17144671, 
  "yCenter": 0.4404154, 
  "height": 0.22541063
}