{
  "width": 0.196551, 
  "rotation": 1.2298981, 
  "xCenter": 0.21954294, 
  "yCenter": 0.52803916, 
  "height": 0.349424
}