{
  "width": 0.3043282, 
  "rotation": -1.9101638, 
  "xCenter": 0.51057494, 
  "yCenter": 0.1043383, 
  "height": 0.5410279
}