{
  "width": 0.23548494, 
  "rotation": -0.6523496, 
  "xCenter": 0.65779865, 
  "yCenter": 0.24080628, 
  "height": 0.4186399
}