{
  "width": 0.19158207, 
  "rotation": 1.2004621, 
  "xCenter": 0.24439716, 
  "yCenter": 0.7197686, 
  "height": 0.34059033
}