{
  "width": 0.31099856, 
  "rotation": -0.81767, 
  "xCenter": 0.66414243, 
  "yCenter": 0.45906985, 
  "height": 0.55288637
}