{
  "width": 0.2170899, 
  "rotation": -0.49093354, 
  "xCenter": 0.37023672, 
  "yCenter": 0.5059039, 
  "height": 0.38593763
}