{
  "width": 0.27264893, 
  "rotation": -0.20238924, 
  "xCenter": 0.44884884, 
  "yCenter": 0.29623398, 
  "height": 0.4847092
}