{
  "width": 0.26935795, 
  "rotation": -0.20292306, 
  "xCenter": 0.45644486, 
  "yCenter": 0.32398552, 
  "height": 0.4788586
}