{
  "width": 0.19935034, 
  "rotation": 0.8918481, 
  "xCenter": 0.18590073, 
  "yCenter": 0.4588764, 
  "height": 0.3544006
}