{
  "width": 0.27686474, 
  "rotation": -0.98356616, 
  "xCenter": 0.6662439, 
  "yCenter": 0.41795474, 
  "height": 0.49220395
}