{
  "width": 0.3209794, 
  "rotation": -1.3431817, 
  "xCenter": 0.6545933, 
  "yCenter": 0.6029133, 
  "height": 0.57063
}