{
  "width": 0.26220578, 
  "rotation": -0.9737102, 
  "xCenter": 0.62235594, 
  "yCenter": 0.2833261, 
  "height": 0.46614358
}