{
  "width": 0.29650068, 
  "rotation": -1.0289828, 
  "xCenter": 0.58342737, 
  "yCenter": 0.4015243, 
  "height": 0.5271123
}