{
  "width": 0.1833566, 
  "rotation": -1.033512, 
  "xCenter": 0.32640338, 
  "yCenter": 0.7222336, 
  "height": 0.32596728
}