{
  "width": 0.24231851, 
  "rotation": -0.6341311, 
  "xCenter": 0.35764107, 
  "yCenter": 0.46747923, 
  "height": 0.43078846
}