{
  "width": 0.23255776, 
  "rotation": -0.5227765, 
  "xCenter": 0.27250436, 
  "yCenter": 0.5349802, 
  "height": 0.413436
}