{
  "width": 0.39094627, 
  "rotation": -0.26891875, 
  "xCenter": 0.26263067, 
  "yCenter": 0.67873615, 
  "height": 0.69501555
}