{
  "width": 0.25025648, 
  "rotation": -0.29075575, 
  "xCenter": 0.54375947, 
  "yCenter": 0.5539637, 
  "height": 0.44490045
}