{
  "width": 0.19714138, 
  "rotation": 0.83965003, 
  "xCenter": 0.18331775, 
  "yCenter": 0.38632575, 
  "height": 0.35047355
}