{
  "width": 0.38180035, 
  "rotation": -0.41044724, 
  "xCenter": 0.6964588, 
  "yCenter": 0.7103082, 
  "height": 0.6787562
}