{
  "width": 0.21897817, 
  "rotation": -0.23569953, 
  "xCenter": 0.5562526, 
  "yCenter": 0.54761136, 
  "height": 0.38929453
}