{
  "width": 0.13584022, 
  "rotation": -0.32073712, 
  "xCenter": 0.40853965, 
  "yCenter": 0.26748317, 
  "height": 0.24149373
}