{
  "width": 0.319753, 
  "rotation": -0.9920083, 
  "xCenter": 0.62694126, 
  "yCenter": 0.21414134, 
  "height": 0.5684498
}