{
  "width": 0.19232838, 
  "rotation": -0.33625925, 
  "xCenter": 0.409645, 
  "yCenter": 0.5861998, 
  "height": 0.34191713
}