{
  "width": 0.37695128, 
  "rotation": -0.5130025, 
  "xCenter": 0.6882189, 
  "yCenter": 0.7112317, 
  "height": 0.67013556
}