{
  "width": 0.17086256, 
  "rotation": -1.1310059, 
  "xCenter": 0.1326489, 
  "yCenter": 0.6271873, 
  "height": 0.30375567
}