{
  "width": 0.13763049, 
  "rotation": -0.25274658, 
  "xCenter": 0.38257542, 
  "yCenter": 0.51303846, 
  "height": 0.24467643
}