{
  "width": 0.21373089, 
  "rotation": -0.38703907, 
  "xCenter": 0.32825458, 
  "yCenter": 0.4157819, 
  "height": 0.37996602
}