{
  "width": 0.35338342, 
  "rotation": -0.43896782, 
  "xCenter": 0.18862526, 
  "yCenter": 0.75860053, 
  "height": 0.6282372
}