{
  "width": 0.21498246, 
  "rotation": -0.3608508, 
  "xCenter": 0.5132266, 
  "yCenter": 0.49396777, 
  "height": 0.38219103
}