{
  "width": 0.38010266, 
  "rotation": -0.4674257, 
  "xCenter": 0.87702775, 
  "yCenter": 0.6064522, 
  "height": 0.67573804
}