{
  "width": 0.34171295, 
  "rotation": -0.4721619, 
  "xCenter": 0.63642573, 
  "yCenter": 0.82353854, 
  "height": 0.6074897
}