{
  "width": 0.33046725, 
  "rotation": 0.05785215, 
  "xCenter": 0.31939405, 
  "yCenter": 0.7288887, 
  "height": 0.58749735
}