{
  "width": 0.23433094, 
  "rotation": -0.77976143, 
  "xCenter": 0.7266712, 
  "yCenter": 0.53413236, 
  "height": 0.41658834
}