{
  "width": 0.20709227, 
  "rotation": 1.3894829, 
  "xCenter": 0.4101443, 
  "yCenter": 0.5863135, 
  "height": 0.36816406
}