{
  "width": 0.16225448, 
  "rotation": 0.49957204, 
  "xCenter": 0.20868513, 
  "yCenter": 0.2712612, 
  "height": 0.28845242
}