{
  "width": 0.27214274, 
  "rotation": -0.32861257, 
  "xCenter": 0.28395703, 
  "yCenter": 0.7903417, 
  "height": 0.48380932
}