{
  "width": 0.18425253, 
  "rotation": 1.1568038, 
  "xCenter": 0.47237143, 
  "yCenter": 0.65636307, 
  "height": 0.32756004
}