{
  "width": 0.27012143, 
  "rotation": -0.9485446, 
  "xCenter": 0.67216134, 
  "yCenter": 0.47037387, 
  "height": 0.48021588
}