{
  "width": 0.38216662, 
  "rotation": -0.29539573, 
  "xCenter": 0.27456778, 
  "yCenter": 0.6689282, 
  "height": 0.6794074
}