{
  "width": 0.2362416, 
  "rotation": -1.5136651, 
  "xCenter": 0.4172301, 
  "yCenter": 0.6849612, 
  "height": 0.41998506
}