{
  "width": 0.27161252, 
  "rotation": -0.23164606, 
  "xCenter": 0.4515195, 
  "yCenter": 0.30889127, 
  "height": 0.4828667
}