{
  "width": 0.20352745, 
  "rotation": -0.3102672, 
  "xCenter": 0.55932045, 
  "yCenter": 0.5469033, 
  "height": 0.36182657
}