{
  "width": 0.24671182, 
  "rotation": -0.46347964, 
  "xCenter": 0.4047448, 
  "yCenter": 0.5930274, 
  "height": 0.43859878
}