{
  "width": 0.22869267, 
  "rotation": -2.2385294, 
  "xCenter": 0.48491213, 
  "yCenter": 0.93202496, 
  "height": 0.40656474
}