{
  "width": 0.22180253, 
  "rotation": -0.5775844, 
  "xCenter": 0.15291949, 
  "yCenter": 0.6695782, 
  "height": 0.39431563
}