{
  "width": 0.14882395, 
  "rotation": -0.20031822, 
  "xCenter": 0.30954424, 
  "yCenter": 0.4828678, 
  "height": 0.2645759
}