{
  "width": 0.28630996, 
  "rotation": -2.1220357, 
  "xCenter": 0.55442643, 
  "yCenter": 0.34592205, 
  "height": 0.5089955
}