{
  "width": 0.2253686, 
  "rotation": -0.30714202, 
  "xCenter": 0.28192303, 
  "yCenter": 0.4780557, 
  "height": 0.4006553
}