{
  "width": 0.3269579, 
  "rotation": -0.2017616, 
  "xCenter": 0.50865185, 
  "yCenter": 0.6472653, 
  "height": 0.58125854
}