{
  "width": 0.21404463, 
  "rotation": -0.06363869, 
  "xCenter": 0.1205293, 
  "yCenter": 0.46048534, 
  "height": 0.3805238
}