{
  "width": 0.17788938, 
  "rotation": 0.9700562, 
  "xCenter": 0.08999091, 
  "yCenter": 0.43568143, 
  "height": 0.31624776
}