{
  "width": 0.31238595, 
  "rotation": -1.4887363, 
  "xCenter": 0.47348, 
  "yCenter": 0.18681718, 
  "height": 0.5553528
}