{
  "width": 0.40064666, 
  "rotation": -0.43343627, 
  "xCenter": 0.2707426, 
  "yCenter": 0.6746648, 
  "height": 0.7122607
}