{
  "width": 0.18488531, 
  "rotation": 1.3160992, 
  "xCenter": 0.49322104, 
  "yCenter": 0.6311647, 
  "height": 0.328685
}