{
  "width": 0.29819927, 
  "rotation": -0.809564, 
  "xCenter": 0.72199094, 
  "yCenter": 0.33344156, 
  "height": 0.530132
}