{
  "width": 0.29866078, 
  "rotation": -0.88330567, 
  "xCenter": 0.6894438, 
  "yCenter": 0.35717928, 
  "height": 0.5309525
}