{
  "width": 0.14588614, 
  "rotation": 0.5059916, 
  "xCenter": 0.15521345, 
  "yCenter": 0.38495588, 
  "height": 0.25935313
}