{
  "width": 0.11735236, 
  "rotation": -0.10813868, 
  "xCenter": 0.3372097, 
  "yCenter": 0.31821048, 
  "height": 0.20862642
}