{
  "width": 0.27498338, 
  "rotation": -0.90704644, 
  "xCenter": 0.72137606, 
  "yCenter": 0.44227943, 
  "height": 0.48885933
}