{
  "width": 0.051480316, 
  "rotation": 1.2964199, 
  "xCenter": 0.17897764, 
  "yCenter": 0.08662727, 
  "height": 0.09152056
}