{
  "width": 0.30115628, 
  "rotation": -0.78120625, 
  "xCenter": 0.2706585, 
  "yCenter": 0.8217083, 
  "height": 0.535389
}