{
  "width": 0.19624802, 
  "rotation": 1.2000046, 
  "xCenter": 0.115842566, 
  "yCenter": 0.42136914, 
  "height": 0.34888536
}