{
  "width": 0.20777957, 
  "rotation": -0.27841878, 
  "xCenter": 0.57916546, 
  "yCenter": 0.556211, 
  "height": 0.36938593
}