{
  "width": 0.23700133, 
  "rotation": 0.09971213, 
  "xCenter": 0.12381864, 
  "yCenter": 0.44419068, 
  "height": 0.4213357
}