{
  "width": 0.28787777, 
  "rotation": -0.68904793, 
  "xCenter": 0.65168923, 
  "yCenter": 0.36625683, 
  "height": 0.51178265
}