{
  "width": 0.19895563, 
  "rotation": -1.3710376, 
  "xCenter": 0.49083343, 
  "yCenter": 0.6976127, 
  "height": 0.35369888
}