{
  "width": 0.15304676, 
  "rotation": -0.08370197, 
  "xCenter": 0.6327833, 
  "yCenter": 0.49760973, 
  "height": 0.2720831
}