{
  "width": 0.17817356, 
  "rotation": 0.5636693, 
  "xCenter": 0.18228066, 
  "yCenter": 0.55054456, 
  "height": 0.316753
}