{
  "width": 0.26723027, 
  "rotation": -0.25074458, 
  "xCenter": 0.4522221, 
  "yCenter": 0.33170873, 
  "height": 0.47507602
}