{
  "width": 0.28534356, 
  "rotation": -0.3001169, 
  "xCenter": 0.5833868, 
  "yCenter": 0.6898975, 
  "height": 0.5072774
}