{
  "width": 0.24761724, 
  "rotation": -0.7476672, 
  "xCenter": 0.7644881, 
  "yCenter": 0.20752451, 
  "height": 0.44020844
}