{
  "width": 0.25268102, 
  "rotation": -0.26416528, 
  "xCenter": 0.5418537, 
  "yCenter": 0.55242085, 
  "height": 0.44921073
}