{
  "width": 0.1787802, 
  "rotation": 0.27996933, 
  "xCenter": 0.13036993, 
  "yCenter": 0.29682642, 
  "height": 0.31783146
}