{
  "width": 0.25979286, 
  "rotation": -0.8849522, 
  "xCenter": 0.6944479, 
  "yCenter": 0.35828236, 
  "height": 0.46185395
}