{
  "width": 0.26059234, 
  "rotation": -0.6239058, 
  "xCenter": 0.7850943, 
  "yCenter": 0.52926135, 
  "height": 0.46327528
}