{
  "width": 0.16018535, 
  "rotation": 0.5769409, 
  "xCenter": 0.56737286, 
  "yCenter": 0.44914547, 
  "height": 0.28477395
}