{
  "width": 0.14178938, 
  "rotation": 0.06875491, 
  "xCenter": 0.3674501, 
  "yCenter": 0.5941018, 
  "height": 0.25207
}