{
  "width": 0.28943792, 
  "rotation": 0.23613465, 
  "xCenter": 0.12906936, 
  "yCenter": 0.69118387, 
  "height": 0.5145563
}