{
  "width": 0.2046053, 
  "rotation": -0.5996057, 
  "xCenter": 0.7533658, 
  "yCenter": 0.23318377, 
  "height": 0.36374274
}