{
  "width": 0.22007847, 
  "rotation": -1.4201449, 
  "xCenter": 0.45226038, 
  "yCenter": 0.69941455, 
  "height": 0.39125064
}