{
  "width": 0.24819939, 
  "rotation": 0.3291986, 
  "xCenter": 0.16705644, 
  "yCenter": 0.28688884, 
  "height": 0.44124338
}