{
  "width": 0.26738495, 
  "rotation": -0.90497863, 
  "xCenter": 0.7306925, 
  "yCenter": 0.4491479, 
  "height": 0.47535098
}