{
  "width": 0.22005136, 
  "rotation": -0.7276207, 
  "xCenter": 0.761371, 
  "yCenter": 0.20720744, 
  "height": 0.39120242
}