{
  "width": 0.17635426, 
  "rotation": 0.9476763, 
  "xCenter": 0.1007614, 
  "yCenter": 0.39386702, 
  "height": 0.3135187
}