{
  "width": 0.2696841, 
  "rotation": -0.21897483, 
  "xCenter": 0.58370495, 
  "yCenter": 0.64436305, 
  "height": 0.47943842
}