{
  "width": 0.18516612, 
  "rotation": -1.4879957, 
  "xCenter": 0.5343181, 
  "yCenter": 0.18507583, 
  "height": 0.3291842
}