{
  "width": 0.24169374, 
  "rotation": 0.3067025, 
  "xCenter": 0.045392524, 
  "yCenter": 0.49597526, 
  "height": 0.42967775
}