{
  "width": 0.23415461, 
  "rotation": -1.1916133, 
  "xCenter": 0.3336193, 
  "yCenter": 0.1209528, 
  "height": 0.41627485
}