{
  "width": 0.29558614, 
  "rotation": -1.0702788, 
  "xCenter": 0.66510564, 
  "yCenter": 0.41973752, 
  "height": 0.52548647
}