{
  "width": 0.3271772, 
  "rotation": -0.30412996, 
  "xCenter": 0.562306, 
  "yCenter": 0.7204691, 
  "height": 0.58164835
}