{
  "width": 0.27978742, 
  "rotation": 0.15176606, 
  "xCenter": 0.14287932, 
  "yCenter": 0.28601032, 
  "height": 0.49739984
}