{
  "width": 0.3007202, 
  "rotation": -0.8739971, 
  "xCenter": 0.25598255, 
  "yCenter": 0.8178631, 
  "height": 0.5346137
}