{
  "width": 0.1809495, 
  "rotation": -0.31060767, 
  "xCenter": 0.33501846, 
  "yCenter": 0.45503235, 
  "height": 0.321688
}