{
  "width": 0.28919742, 
  "rotation": -0.6506852, 
  "xCenter": 0.66509336, 
  "yCenter": 0.40898508, 
  "height": 0.51412874
}