{
  "width": 0.18676676, 
  "rotation": 3.10148, 
  "xCenter": 0.37340316, 
  "yCenter": 0.68242776, 
  "height": 0.3320298
}