{
  "width": 0.23065919, 
  "rotation": -0.39814258, 
  "xCenter": 0.56579006, 
  "yCenter": 0.45625117, 
  "height": 0.4100608
}