{
  "width": 0.19393593, 
  "rotation": -3.1264646, 
  "xCenter": 0.76194364, 
  "yCenter": 0.9449487, 
  "height": 0.34477496
}