{
  "width": 0.289386, 
  "rotation": -1.1266686, 
  "xCenter": 0.66973704, 
  "yCenter": 0.49789065, 
  "height": 0.514464
}