{
  "width": 0.29063973, 
  "rotation": -1.9675864, 
  "xCenter": 0.54042655, 
  "yCenter": 0.31383538, 
  "height": 0.5166928
}