{
  "width": 0.261358, 
  "rotation": -0.14981401, 
  "xCenter": 0.42939478, 
  "yCenter": 0.7076488, 
  "height": 0.46463645
}