{
  "width": 0.33269358, 
  "rotation": -1.7023448, 
  "xCenter": 0.48126167, 
  "yCenter": 0.21846676, 
  "height": 0.5914552
}