{
  "width": 0.36531767, 
  "rotation": -0.47201073, 
  "xCenter": 0.18775755, 
  "yCenter": 0.7250067, 
  "height": 0.64945364
}