{
  "width": 0.19363984, 
  "rotation": 0.6383804, 
  "xCenter": 0.104172684, 
  "yCenter": 0.42696586, 
  "height": 0.3442486
}