{
  "width": 0.28786263, 
  "rotation": -0.95277107, 
  "xCenter": 0.59241384, 
  "yCenter": 0.40760016, 
  "height": 0.51175576
}