{
  "width": 0.20255223, 
  "rotation": 0.55502105, 
  "xCenter": 0.35465634, 
  "yCenter": 0.7446732, 
  "height": 0.36009285
}