{
  "width": 0.24728651, 
  "rotation": -0.16549575, 
  "xCenter": 0.05790027, 
  "yCenter": 0.50985205, 
  "height": 0.43962047
}