{
  "width": 0.26556325, 
  "rotation": -0.566609, 
  "xCenter": 0.4117945, 
  "yCenter": 0.69649684, 
  "height": 0.47211242
}