{
  "width": 0.20299853, 
  "rotation": 0.30328476, 
  "xCenter": 0.12322503, 
  "yCenter": 0.47465935, 
  "height": 0.36088628
}