{
  "width": 0.18290192, 
  "rotation": 0.05581677, 
  "xCenter": 0.08556318, 
  "yCenter": 0.43576527, 
  "height": 0.32515895
}