{
  "width": 0.22746553, 
  "rotation": -1.7587351, 
  "xCenter": 0.5496449, 
  "yCenter": 0.37249368, 
  "height": 0.40438315
}