{
  "width": 0.19737446, 
  "rotation": 0.75793576, 
  "xCenter": 0.14776061, 
  "yCenter": 0.5034469, 
  "height": 0.35088792
}