{
  "width": 0.27808246, 
  "rotation": 0.29369748, 
  "xCenter": 0.1551714, 
  "yCenter": 0.27322203, 
  "height": 0.49436885
}