{
  "width": 0.38593763, 
  "rotation": -2.3171294, 
  "xCenter": 0.65113914, 
  "yCenter": 0.68230313, 
  "height": 0.68611133
}