{
  "width": 0.37156725, 
  "rotation": -0.68951666, 
  "xCenter": 0.85559857, 
  "yCenter": 0.6579981, 
  "height": 0.66056395
}