{
  "width": 0.23274529, 
  "rotation": 0.09158921, 
  "xCenter": 0.06675468, 
  "yCenter": 0.46173412, 
  "height": 0.4137694
}