{
  "width": 0.18521859, 
  "rotation": -0.903339, 
  "xCenter": 0.5448538, 
  "yCenter": 0.75098777, 
  "height": 0.3292775
}