{
  "width": 0.3044168, 
  "rotation": -1.9030117, 
  "xCenter": 0.51096326, 
  "yCenter": 0.11092601, 
  "height": 0.54118544
}