{
  "width": 0.20740037, 
  "rotation": 0.6923052, 
  "xCenter": 0.17922534, 
  "yCenter": 0.47030884, 
  "height": 0.36871177
}