{
  "width": 0.37960392, 
  "rotation": -0.32199955, 
  "xCenter": 0.22307903, 
  "yCenter": 0.71179765, 
  "height": 0.6748515
}