{
  "width": 0.17015392, 
  "rotation": -0.46801364, 
  "xCenter": 0.06965759, 
  "yCenter": 0.5019381, 
  "height": 0.30249584
}