{
  "width": 0.2272419, 
  "rotation": -0.6962539, 
  "xCenter": 0.5398102, 
  "yCenter": 0.7223696, 
  "height": 0.40398562
}