{
  "width": 0.099637434, 
  "rotation": -0.9208728, 
  "xCenter": 0.39257243, 
  "yCenter": 0.527248, 
  "height": 0.17713322
}