{
  "width": 0.20921183, 
  "rotation": -2.1303003, 
  "xCenter": 0.29876322, 
  "yCenter": 0.63280326, 
  "height": 0.37193215
}