{
  "width": 0.17974669, 
  "rotation": 3.0494668, 
  "xCenter": 0.7648718, 
  "yCenter": 0.98912466, 
  "height": 0.31954965
}