{
  "width": 0.14631766, 
  "rotation": -3.1061714, 
  "xCenter": 0.9017097, 
  "yCenter": 0.50237477, 
  "height": 0.26012027
}