{
  "width": 0.2777642, 
  "rotation": -0.9268211, 
  "xCenter": 0.66934913, 
  "yCenter": 0.46140862, 
  "height": 0.493803
}