{
  "width": 0.22770746, 
  "rotation": 0.45497048, 
  "xCenter": 0.08730292, 
  "yCenter": 0.42116255, 
  "height": 0.40481323
}