{
  "width": 0.1686434, 
  "rotation": 0.4933126, 
  "xCenter": 0.19054694, 
  "yCenter": 0.30029184, 
  "height": 0.29981047
}