{
  "width": 0.16959958, 
  "rotation": -0.73389804, 
  "xCenter": 0.19388682, 
  "yCenter": 0.62406725, 
  "height": 0.30151033
}