{
  "width": 0.28768814, 
  "rotation": -1.8803309, 
  "xCenter": 0.51822317, 
  "yCenter": 0.27437478, 
  "height": 0.5114456
}