{
  "width": 0.29707742, 
  "rotation": -0.6853496, 
  "xCenter": 0.27495655, 
  "yCenter": 0.8088458, 
  "height": 0.5281376
}