{
  "width": 0.28398415, 
  "rotation": -0.79295504, 
  "xCenter": 0.69512796, 
  "yCenter": 0.35312542, 
  "height": 0.5048607
}