{
  "width": 0.29285786, 
  "rotation": -0.9886025, 
  "xCenter": 0.26431888, 
  "yCenter": 0.8316569, 
  "height": 0.5206362
}