{
  "width": 0.34042993, 
  "rotation": -0.8533255, 
  "xCenter": 0.60664284, 
  "yCenter": 0.39228278, 
  "height": 0.6052088
}