{
  "width": 0.2559433, 
  "rotation": 0.42728496, 
  "xCenter": 0.080843896, 
  "yCenter": 0.41064304, 
  "height": 0.4550103
}