{
  "width": 0.22087713, 
  "rotation": 0.18428862, 
  "xCenter": 0.14220166, 
  "yCenter": 0.32727635, 
  "height": 0.39267045
}