{
  "width": 0.21384346, 
  "rotation": -0.98215425, 
  "xCenter": 0.47268513, 
  "yCenter": 0.6142545, 
  "height": 0.38016617
}