{
  "width": 0.1821852, 
  "rotation": 0.42923737, 
  "xCenter": 0.36143577, 
  "yCenter": 0.7141207, 
  "height": 0.3238848
}