{
  "width": 0.20427726, 
  "rotation": -0.28482103, 
  "xCenter": 0.07040598, 
  "yCenter": 0.56732696, 
  "height": 0.36315963
}