{
  "width": 0.23287885, 
  "rotation": -0.8943039, 
  "xCenter": 0.66367084, 
  "yCenter": 0.4662602, 
  "height": 0.41400683
}