{
  "width": 0.26422888, 
  "rotation": -0.87521946, 
  "xCenter": 0.6699139, 
  "yCenter": 0.31517383, 
  "height": 0.4697402
}