{
  "width": 0.20050488, 
  "rotation": -0.43014896, 
  "xCenter": 0.5692048, 
  "yCenter": 0.6210524, 
  "height": 0.35645312
}