{
  "width": 0.26739052, 
  "rotation": -0.89095366, 
  "xCenter": 0.70049137, 
  "yCenter": 0.37414166, 
  "height": 0.4753609
}