{
  "width": 0.29888177, 
  "rotation": -0.3203143, 
  "xCenter": 0.5233379, 
  "yCenter": 0.6676879, 
  "height": 0.53134537
}