{
  "width": 0.27994326, 
  "rotation": -0.8344432, 
  "xCenter": 0.6705144, 
  "yCenter": 0.43659258, 
  "height": 0.49767688
}