{
  "width": 0.31282088, 
  "rotation": -0.8196305, 
  "xCenter": 0.653394, 
  "yCenter": 0.34281844, 
  "height": 0.55612606
}