{
  "width": 0.20801878, 
  "rotation": 0.5193045, 
  "xCenter": 0.2236098, 
  "yCenter": 0.23368318, 
  "height": 0.36981118
}