{
  "width": 0.14122131, 
  "rotation": -0.05366552, 
  "xCenter": 0.35415208, 
  "yCenter": 0.42500302, 
  "height": 0.25106013
}