{
  "width": 0.16614068, 
  "rotation": -0.70719516, 
  "xCenter": 0.31757817, 
  "yCenter": 0.51752204, 
  "height": 0.2953612
}