{
  "width": 0.2193956, 
  "rotation": 0.65010756, 
  "xCenter": 0.3072035, 
  "yCenter": 0.6349938, 
  "height": 0.3900366
}