{
  "width": 0.19304484, 
  "rotation": -0.13534987, 
  "xCenter": 0.5585735, 
  "yCenter": 0.51152116, 
  "height": 0.3431908
}