{
  "width": 0.3295516, 
  "rotation": -1.7381328, 
  "xCenter": 0.47897688, 
  "yCenter": 0.22083654, 
  "height": 0.5858695
}