{
  "width": 0.30188653, 
  "rotation": -0.9294363, 
  "xCenter": 0.6429548, 
  "yCenter": 0.5029269, 
  "height": 0.53668714
}