{
  "width": 0.18450937, 
  "rotation": -0.621627, 
  "xCenter": 0.3742178, 
  "yCenter": 0.60610145, 
  "height": 0.32801664
}