{
  "width": 0.28974026, 
  "rotation": -1.7582105, 
  "xCenter": 0.5068651, 
  "yCenter": 0.1926656, 
  "height": 0.51509386
}