{
  "width": 0.2951234, 
  "rotation": -0.98736084, 
  "xCenter": 0.67611194, 
  "yCenter": 0.3996965, 
  "height": 0.5246638
}