{
  "width": 0.2027292, 
  "rotation": -0.5066086, 
  "xCenter": 0.5293494, 
  "yCenter": 0.50346667, 
  "height": 0.36040747
}