{
  "width": 0.2029209, 
  "rotation": -2.6772134, 
  "xCenter": 0.36715224, 
  "yCenter": 0.69352406, 
  "height": 0.36074826
}