{
  "width": 0.20807488, 
  "rotation": -0.42915916, 
  "xCenter": 0.32507965, 
  "yCenter": 0.46538717, 
  "height": 0.3699109
}