{
  "width": 0.27260414, 
  "rotation": -1.9768509, 
  "xCenter": 0.61061776, 
  "yCenter": 0.33699602, 
  "height": 0.48462957
}