{
  "width": 0.19750439, 
  "rotation": 0.67985487, 
  "xCenter": 0.12003891, 
  "yCenter": 0.41424915, 
  "height": 0.3511189
}