{
  "width": 0.2753941, 
  "rotation": -0.42108738, 
  "xCenter": 0.42124167, 
  "yCenter": 0.27243835, 
  "height": 0.48958954
}