{
  "width": 0.20363829, 
  "rotation": 0.9235084, 
  "xCenter": 0.18709888, 
  "yCenter": 0.40907773, 
  "height": 0.3620236
}