{
  "width": 0.19070965, 
  "rotation": -0.4182837, 
  "xCenter": 0.06262642, 
  "yCenter": 0.4305696, 
  "height": 0.3390394
}