{
  "width": 0.08132489, 
  "rotation": 1.3442115, 
  "xCenter": 0.60465467, 
  "yCenter": 0.28770664, 
  "height": 0.14457758
}