{
  "width": 0.27407622, 
  "rotation": 0.02013874, 
  "xCenter": 0.10628308, 
  "yCenter": 0.2993097, 
  "height": 0.48724663
}