{
  "width": 0.23443586, 
  "rotation": -0.549265, 
  "xCenter": 0.41144082, 
  "yCenter": 0.6764754, 
  "height": 0.41677487
}