{
  "width": 0.32563218, 
  "rotation": -1.4294242, 
  "xCenter": 0.5379275, 
  "yCenter": 0.28082392, 
  "height": 0.5789017
}