{
  "width": 0.24648246, 
  "rotation": -2.0843933, 
  "xCenter": 0.49080357, 
  "yCenter": 0.68459994, 
  "height": 0.43819106
}