{
  "width": 0.3070271, 
  "rotation": -2.48584, 
  "xCenter": 0.41772625, 
  "yCenter": 0.8002368, 
  "height": 0.54582596
}