{
  "width": 0.1471762, 
  "rotation": -0.109288335, 
  "xCenter": 0.35407048, 
  "yCenter": 0.63717353, 
  "height": 0.26164657
}