{
  "width": 0.26767248, 
  "rotation": -0.21401656, 
  "xCenter": 0.44837803, 
  "yCenter": 0.29296714, 
  "height": 0.47586218
}