{
  "width": 0.22295119, 
  "rotation": -0.4469329, 
  "xCenter": 0.5558414, 
  "yCenter": 0.59177625, 
  "height": 0.39635766
}