{
  "width": 0.19008362, 
  "rotation": 0.7678602, 
  "xCenter": 0.18874662, 
  "yCenter": 0.552935, 
  "height": 0.33792645
}