{
  "width": 0.21238016, 
  "rotation": 0.06546831, 
  "xCenter": 0.096777424, 
  "yCenter": 0.41912282, 
  "height": 0.37756473
}