{
  "width": 0.20140529, 
  "rotation": -0.56414974, 
  "xCenter": 0.3826274, 
  "yCenter": 0.5667722, 
  "height": 0.35805383
}