{
  "width": 0.1837406, 
  "rotation": 0.027097583, 
  "xCenter": 0.15350562, 
  "yCenter": 0.32685664, 
  "height": 0.32664996
}