{
  "width": 0.119364426, 
  "rotation": -1.6744508, 
  "xCenter": 0.38726294, 
  "yCenter": 0.48789564, 
  "height": 0.21220343
}