{
  "width": 0.14512949, 
  "rotation": -2.391908, 
  "xCenter": 0.058570042, 
  "yCenter": 0.9132709, 
  "height": 0.25800797
}