{
  "width": 0.37520242, 
  "rotation": -0.41555488, 
  "xCenter": 0.18124813, 
  "yCenter": 0.7536149, 
  "height": 0.6670265
}