{
  "width": 0.13239609, 
  "rotation": -1.0560521, 
  "xCenter": 0.06324395, 
  "yCenter": 0.650838, 
  "height": 0.23537083
}