{
  "width": 0.21154803, 
  "rotation": -0.37009275, 
  "xCenter": 0.5540738, 
  "yCenter": 0.5997686, 
  "height": 0.3760854
}