{
  "width": 0.1947919, 
  "rotation": 0.8999613, 
  "xCenter": 0.18566541, 
  "yCenter": 0.38541022, 
  "height": 0.34629673
}