{
  "width": 0.2854339, 
  "rotation": 0.22551942, 
  "xCenter": 0.12372844, 
  "yCenter": 0.69216543, 
  "height": 0.507438
}