{
  "width": 0.20653267, 
  "rotation": -0.33697903, 
  "xCenter": 0.5623609, 
  "yCenter": 0.5475995, 
  "height": 0.3671692
}