{
  "width": 0.15669107, 
  "rotation": -0.7681781, 
  "xCenter": 0.5735509, 
  "yCenter": 0.7968274, 
  "height": 0.27856192
}