{
  "width": 0.19762069, 
  "rotation": -0.31016243, 
  "xCenter": 0.57544273, 
  "yCenter": 0.5604461, 
  "height": 0.35132566
}