{
  "width": 0.2531857, 
  "rotation": -0.81668866, 
  "xCenter": 0.65690315, 
  "yCenter": 0.34998834, 
  "height": 0.4501079
}