{
  "width": 0.20376301, 
  "rotation": -1.3923362, 
  "xCenter": 0.4882243, 
  "yCenter": 0.70021147, 
  "height": 0.36224535
}