{
  "width": 0.28037763, 
  "rotation": -0.043731093, 
  "xCenter": 0.11452816, 
  "yCenter": 0.2942523, 
  "height": 0.49844915
}