{
  "width": 0.21140698, 
  "rotation": -0.4336921, 
  "xCenter": 0.105489165, 
  "yCenter": 0.6098476, 
  "height": 0.3758346
}