{
  "width": 0.29421958, 
  "rotation": -1.1017789, 
  "xCenter": 0.67765045, 
  "yCenter": 0.33277637, 
  "height": 0.52305704
}