{
  "width": 0.19986694, 
  "rotation": 0.15648437, 
  "xCenter": 0.0966718, 
  "yCenter": 0.3815199, 
  "height": 0.355319
}