{
  "width": 0.25473925, 
  "rotation": 0.02823627, 
  "xCenter": 0.08673977, 
  "yCenter": 0.34224677, 
  "height": 0.45286977
}