{
  "width": 0.13916676, 
  "rotation": -1.4541987, 
  "xCenter": 0.38875008, 
  "yCenter": 0.46059048, 
  "height": 0.24740757
}