{
  "width": 0.17571732, 
  "rotation": -0.19394028, 
  "xCenter": 0.5647313, 
  "yCenter": 0.46717337, 
  "height": 0.31238633
}