{
  "width": 0.26892108, 
  "rotation": -0.059737206, 
  "xCenter": 0.12171537, 
  "yCenter": 0.3076448, 
  "height": 0.47808194
}