{
  "width": 0.243412, 
  "rotation": -0.8234316, 
  "xCenter": 0.6470828, 
  "yCenter": 0.49495685, 
  "height": 0.43273243
}