{
  "width": 0.32976073, 
  "rotation": -0.7191831, 
  "xCenter": 0.81035084, 
  "yCenter": 0.6638593, 
  "height": 0.5862413
}