{
  "width": 0.28639558, 
  "rotation": -0.27795577, 
  "xCenter": 0.44258904, 
  "yCenter": 0.2863764, 
  "height": 0.5091477
}