{
  "width": 0.08227603, 
  "rotation": -0.85492146, 
  "xCenter": 0.39137545, 
  "yCenter": 0.528554, 
  "height": 0.1462685
}