{
  "width": 0.19134565, 
  "rotation": -0.43976605, 
  "xCenter": 0.75838196, 
  "yCenter": 0.20997211, 
  "height": 0.34017003
}