{
  "width": 0.2215779, 
  "rotation": -0.6340436, 
  "xCenter": 0.34943625, 
  "yCenter": 0.5793508, 
  "height": 0.39391625
}