{
  "width": 0.24549483, 
  "rotation": -0.48180687, 
  "xCenter": 0.40855876, 
  "yCenter": 0.6526983, 
  "height": 0.43643525
}