{
  "width": 0.21158724, 
  "rotation": -2.98434, 
  "xCenter": 0.30677083, 
  "yCenter": 0.58529305, 
  "height": 0.3761551
}