{
  "width": 0.24087743, 
  "rotation": -0.9312309, 
  "xCenter": 0.49863067, 
  "yCenter": 0.6732251, 
  "height": 0.42822653
}