{
  "width": 0.15953645, 
  "rotation": 0.8554165, 
  "xCenter": 0.38914365, 
  "yCenter": 0.7726818, 
  "height": 0.28362036
}