{
  "width": 0.20441405, 
  "rotation": -0.4929701, 
  "xCenter": 0.5571937, 
  "yCenter": 0.66502684, 
  "height": 0.36340275
}