{
  "width": 0.2739109, 
  "rotation": -0.81351745, 
  "xCenter": 0.6834787, 
  "yCenter": 0.373934, 
  "height": 0.4869527
}