{
  "width": 0.23188968, 
  "rotation": -1.1038548, 
  "xCenter": 0.7580281, 
  "yCenter": 0.20404476, 
  "height": 0.4122483
}