{
  "width": 0.1927697, 
  "rotation": 1.1262337, 
  "xCenter": 0.14745207, 
  "yCenter": 0.5098361, 
  "height": 0.34270167
}