{
  "width": 0.2890505, 
  "rotation": 0.19090033, 
  "xCenter": 0.14873, 
  "yCenter": 0.28849784, 
  "height": 0.51386756
}