{
  "width": 0.32423583, 
  "rotation": -0.3632921, 
  "xCenter": 0.54936296, 
  "yCenter": 0.6582994, 
  "height": 0.57641923
}