{
  "width": 0.30563962, 
  "rotation": -0.93176544, 
  "xCenter": 0.62527806, 
  "yCenter": 0.46287972, 
  "height": 0.54335934
}