{
  "width": 0.20096491, 
  "rotation": -0.04847777, 
  "xCenter": 0.12423283, 
  "yCenter": 0.4429026, 
  "height": 0.35727096
}