{
  "width": 0.36967006, 
  "rotation": -0.28901303, 
  "xCenter": 0.22807212, 
  "yCenter": 0.7130172, 
  "height": 0.6571912
}