{
  "width": 0.3246826, 
  "rotation": -0.8133913, 
  "xCenter": 0.80426276, 
  "yCenter": 0.6680031, 
  "height": 0.5772135
}