{
  "width": 0.19105701, 
  "rotation": -0.6289295, 
  "xCenter": 0.36649975, 
  "yCenter": 0.60542434, 
  "height": 0.3396569
}