{
  "width": 0.19859841, 
  "rotation": -0.29939222, 
  "xCenter": 0.57567, 
  "yCenter": 0.5585974, 
  "height": 0.35306385
}