{
  "width": 0.22946884, 
  "rotation": -0.32131028, 
  "xCenter": 0.5221549, 
  "yCenter": 0.5396422, 
  "height": 0.4079446
}