{
  "width": 0.30396774, 
  "rotation": -0.54158294, 
  "xCenter": 0.2980392, 
  "yCenter": 0.8456317, 
  "height": 0.5403871
}