{
  "width": 0.19680661, 
  "rotation": -0.21862316, 
  "xCenter": 0.33060145, 
  "yCenter": 0.43772593, 
  "height": 0.34987843
}