{
  "width": 0.3434683, 
  "rotation": -1.7518166, 
  "xCenter": 0.48473972, 
  "yCenter": 0.26329893, 
  "height": 0.61061037
}