{
  "width": 0.16442184, 
  "rotation": 1.0952762, 
  "xCenter": 0.15825635, 
  "yCenter": 0.46286348, 
  "height": 0.2923055
}