{
  "width": 0.21106575, 
  "rotation": -1.9953426, 
  "xCenter": 0.49775288, 
  "yCenter": 0.66716856, 
  "height": 0.37522802
}