{
  "width": 0.21711339, 
  "rotation": -0.38650846, 
  "xCenter": 0.2967469, 
  "yCenter": 0.58620524, 
  "height": 0.38597935
}