{
  "width": 0.32508057, 
  "rotation": -0.58817494, 
  "xCenter": 0.80252194, 
  "yCenter": 0.6187911, 
  "height": 0.57792103
}