{
  "width": 0.23515122, 
  "rotation": -1.1253318, 
  "xCenter": 0.3964208, 
  "yCenter": 0.6510103, 
  "height": 0.41804662
}