{
  "width": 0.27984738, 
  "rotation": -1.1265777, 
  "xCenter": 0.67701715, 
  "yCenter": 0.544525, 
  "height": 0.49750644
}