{
  "width": 0.15211198, 
  "rotation": -0.13585413, 
  "xCenter": 0.3614957, 
  "yCenter": 0.5753482, 
  "height": 0.2704213
}