{
  "width": 0.3260152, 
  "rotation": -2.5148842, 
  "xCenter": 0.40859714, 
  "yCenter": 0.7802714, 
  "height": 0.57958263
}