{
  "width": 0.18683803, 
  "rotation": 0.36400557, 
  "xCenter": 0.12642278, 
  "yCenter": 0.43105352, 
  "height": 0.3321565
}