{
  "width": 0.22607899, 
  "rotation": -0.48209488, 
  "xCenter": 0.14876287, 
  "yCenter": 0.64574593, 
  "height": 0.4019182
}