{
  "width": 0.17190355, 
  "rotation": 0.9869232, 
  "xCenter": 0.36783075, 
  "yCenter": 0.71753544, 
  "height": 0.3056063
}