{
  "width": 0.22379811, 
  "rotation": -1.1095077, 
  "xCenter": 0.45302245, 
  "yCenter": 0.7859501, 
  "height": 0.39786333
}