{
  "width": 0.21850155, 
  "rotation": -0.24874306, 
  "xCenter": 0.06937771, 
  "yCenter": 0.44433495, 
  "height": 0.38844723
}