{
  "width": 0.2642252, 
  "rotation": -1.0760847, 
  "xCenter": 0.66387624, 
  "yCenter": 0.5594045, 
  "height": 0.46973372
}