{
  "width": 0.25551736, 
  "rotation": -0.93510854, 
  "xCenter": 0.6828775, 
  "yCenter": 0.3354367, 
  "height": 0.45425305
}