{
  "width": 0.3627534, 
  "rotation": -0.77926004, 
  "xCenter": 0.827482, 
  "yCenter": 0.6934993, 
  "height": 0.6448949
}