{
  "width": 0.14490221, 
  "rotation": 0.6017534, 
  "xCenter": 0.48117757, 
  "yCenter": 0.57125306, 
  "height": 0.25760394
}