{
  "width": 0.08848785, 
  "rotation": -0.85603845, 
  "xCenter": 0.56904835, 
  "yCenter": 0.8236006, 
  "height": 0.15731174
}