{
  "width": 0.3260442, 
  "rotation": -1.3624574, 
  "xCenter": 0.5402239, 
  "yCenter": 0.28240424, 
  "height": 0.57963413
}