{
  "width": 0.17558067, 
  "rotation": 0.64091545, 
  "xCenter": 0.37941065, 
  "yCenter": 0.8121286, 
  "height": 0.31214342
}