{
  "width": 0.2182897, 
  "rotation": -0.50291765, 
  "xCenter": 0.2647701, 
  "yCenter": 0.87889975, 
  "height": 0.38807058
}