{
  "width": 0.28128362, 
  "rotation": -0.8638741, 
  "xCenter": 0.67318386, 
  "yCenter": 0.4467, 
  "height": 0.5000597
}