{
  "width": 0.21263206, 
  "rotation": -0.36557746, 
  "xCenter": 0.55621773, 
  "yCenter": 0.5719313, 
  "height": 0.37801257
}