{
  "width": 0.29436836, 
  "rotation": -0.64595926, 
  "xCenter": 0.6875558, 
  "yCenter": 0.4833752, 
  "height": 0.52332157
}