{
  "width": 0.26549894, 
  "rotation": -0.54468787, 
  "xCenter": 0.4111313, 
  "yCenter": 0.6936837, 
  "height": 0.4719981
}