{
  "width": 0.14218989, 
  "rotation": 1.4183387, 
  "xCenter": 0.37722385, 
  "yCenter": 0.7427587, 
  "height": 0.25278202
}