{
  "width": 0.26020476, 
  "rotation": -0.22269845, 
  "xCenter": 0.5477276, 
  "yCenter": 0.5546549, 
  "height": 0.46258625
}