{
  "width": 0.2071199, 
  "rotation": 0.31285095, 
  "xCenter": 0.14591819, 
  "yCenter": 0.4813008, 
  "height": 0.36821315
}