{
  "width": 0.22431146, 
  "rotation": -2.2041304, 
  "xCenter": 0.47426423, 
  "yCenter": 0.5594748, 
  "height": 0.3987759
}