{
  "width": 0.18232356, 
  "rotation": 0.71723247, 
  "xCenter": 0.13896945, 
  "yCenter": 0.26038414, 
  "height": 0.32413077
}