{
  "width": 0.20368002, 
  "rotation": 0.8342444, 
  "xCenter": 0.11268722, 
  "yCenter": 0.33960342, 
  "height": 0.36209783
}