{
  "width": 0.2213875, 
  "rotation": -0.8533546, 
  "xCenter": 0.76384056, 
  "yCenter": 0.20835057, 
  "height": 0.39357778
}