{
  "width": 0.21169724, 
  "rotation": 0.61550474, 
  "xCenter": 0.099590115, 
  "yCenter": 0.4187886, 
  "height": 0.37635064
}