{
  "width": 0.1852898, 
  "rotation": -0.658388, 
  "xCenter": 0.32142618, 
  "yCenter": 0.47981647, 
  "height": 0.3294041
}