{
  "width": 0.24642853, 
  "rotation": -0.74704325, 
  "xCenter": 0.68072253, 
  "yCenter": 0.43966275, 
  "height": 0.43809515
}