{
  "width": 0.23016152, 
  "rotation": 0.12158024, 
  "xCenter": 0.08417545, 
  "yCenter": 0.41325372, 
  "height": 0.40917605
}