{
  "width": 0.1699609, 
  "rotation": 0.34644222, 
  "xCenter": 0.3537221, 
  "yCenter": 0.720575, 
  "height": 0.30215272
}