{
  "width": 0.3737759, 
  "rotation": -0.64882386, 
  "xCenter": 0.86692595, 
  "yCenter": 0.64037347, 
  "height": 0.66449046
}