{
  "width": 0.19325577, 
  "rotation": -0.1932379, 
  "xCenter": 0.29934525, 
  "yCenter": 0.6017193, 
  "height": 0.3435658
}