{
  "width": 0.26853096, 
  "rotation": -0.8782462, 
  "xCenter": 0.38923326, 
  "yCenter": 0.5592421, 
  "height": 0.47738835
}