{
  "width": 0.34086323, 
  "rotation": -2.6111038, 
  "xCenter": 0.43031964, 
  "yCenter": 0.8345424, 
  "height": 0.6059791
}