{
  "width": 0.28253347, 
  "rotation": -0.24516869, 
  "xCenter": 0.4443012, 
  "yCenter": 0.29143175, 
  "height": 0.50228167
}