{
  "width": 0.29580078, 
  "rotation": -0.7947525, 
  "xCenter": 0.27515203, 
  "yCenter": 0.7873211, 
  "height": 0.52586806
}