{
  "width": 0.2676968, 
  "rotation": -0.9215566, 
  "xCenter": 0.733598, 
  "yCenter": 0.45573848, 
  "height": 0.47590545
}