{
  "width": 0.23229018, 
  "rotation": 0.16612971, 
  "xCenter": 0.025025915, 
  "yCenter": 0.4787308, 
  "height": 0.41296032
}