{
  "width": 0.1663109, 
  "rotation": 0.763968, 
  "xCenter": 0.14950961, 
  "yCenter": 0.27542657, 
  "height": 0.29566386
}