{
  "width": 0.22773588, 
  "rotation": -2.1646726, 
  "xCenter": 0.4709103, 
  "yCenter": 0.8461988, 
  "height": 0.40486377
}