{
  "width": 0.1803782, 
  "rotation": 0.6312812, 
  "xCenter": 0.09857611, 
  "yCenter": 0.3633418, 
  "height": 0.32067233
}