{
  "width": 0.26816666, 
  "rotation": -0.9965788, 
  "xCenter": 0.6799106, 
  "yCenter": 0.481302, 
  "height": 0.47674078
}