{
  "width": 0.16354264, 
  "rotation": -1.2875189, 
  "xCenter": 0.047761682, 
  "yCenter": 0.66680604, 
  "height": 0.2907425
}