{
  "width": 0.18699372, 
  "rotation": -0.41880572, 
  "xCenter": 0.30291533, 
  "yCenter": 0.53681403, 
  "height": 0.33243328
}