{
  "width": 0.28247043, 
  "rotation": 0.1854881, 
  "xCenter": 0.12456436, 
  "yCenter": 0.6762107, 
  "height": 0.50216967
}