{
  "width": 0.27986804, 
  "rotation": -0.09245241, 
  "xCenter": 0.10364702, 
  "yCenter": 0.29803756, 
  "height": 0.4975432
}