{
  "width": 0.2608848, 
  "rotation": 0.42634714, 
  "xCenter": 0.2095933, 
  "yCenter": 0.28178063, 
  "height": 0.46379519
}