{
  "width": 0.22064307, 
  "rotation": 0.40398788, 
  "xCenter": 0.11783371, 
  "yCenter": 0.43908626, 
  "height": 0.39225435
}