{
  "width": 0.19847366, 
  "rotation": 0.87218106, 
  "xCenter": 0.26623166, 
  "yCenter": 0.34650904, 
  "height": 0.35284206
}