{
  "width": 0.18779513, 
  "rotation": 0.8402169, 
  "xCenter": 0.25081185, 
  "yCenter": 0.44069672, 
  "height": 0.33385804
}