{
  "width": 0.18276554, 
  "rotation": -0.42487836, 
  "xCenter": 0.5733651, 
  "yCenter": 0.66984975, 
  "height": 0.3249165
}