{
  "width": 0.21916184, 
  "rotation": -0.4294964, 
  "xCenter": 0.5105938, 
  "yCenter": 0.4932748, 
  "height": 0.38962102
}