{
  "width": 0.24220507, 
  "rotation": -0.64709437, 
  "xCenter": 0.7610129, 
  "yCenter": 0.51090443, 
  "height": 0.43058679
}