{
  "width": 0.18912482, 
  "rotation": -0.27331746, 
  "xCenter": 0.33559734, 
  "yCenter": 0.45115027, 
  "height": 0.3362219
}