{
  "width": 0.21966612, 
  "rotation": -2.1748183, 
  "xCenter": 0.5065602, 
  "yCenter": 0.9449627, 
  "height": 0.39051756
}