{
  "width": 0.1425788, 
  "rotation": -1.4578191, 
  "xCenter": 0.6396891, 
  "yCenter": 0.136968, 
  "height": 0.2534734
}