{
  "width": 0.26498845, 
  "rotation": -0.7835485, 
  "xCenter": 0.66221064, 
  "yCenter": 0.3546236, 
  "height": 0.47109058
}