{
  "width": 0.2742661, 
  "rotation": 0.08391917, 
  "xCenter": 0.13902226, 
  "yCenter": 0.27976677, 
  "height": 0.48758417
}