{
  "width": 0.21022224, 
  "rotation": -0.86405504, 
  "xCenter": 0.36594668, 
  "yCenter": 0.5283648, 
  "height": 0.37372842
}