{
  "width": 0.2571611, 
  "rotation": -0.86335766, 
  "xCenter": 0.5955489, 
  "yCenter": 0.17677048, 
  "height": 0.4571753
}