{
  "width": 0.29961184, 
  "rotation": -1.0999054, 
  "xCenter": 0.6400762, 
  "yCenter": 0.3946961, 
  "height": 0.53264326
}