{
  "width": 0.14460738, 
  "rotation": -2.8243926, 
  "xCenter": 0.7731971, 
  "yCenter": 0.4545433, 
  "height": 0.2570798
}