{
  "width": 0.21503831, 
  "rotation": -0.6126834, 
  "xCenter": 0.35884658, 
  "yCenter": 0.5763962, 
  "height": 0.38229033
}