{
  "width": 0.23324846, 
  "rotation": -0.91489446, 
  "xCenter": 0.47558868, 
  "yCenter": 0.5688874, 
  "height": 0.4146639
}