{
  "width": 0.28070208, 
  "rotation": 0.16627264, 
  "xCenter": 0.1391801, 
  "yCenter": 0.29029888, 
  "height": 0.49902594
}