{
  "width": 0.34399775, 
  "rotation": -0.37908483, 
  "xCenter": 0.22948134, 
  "yCenter": 0.74383974, 
  "height": 0.6115515
}