{
  "width": 0.34177184, 
  "rotation": -0.4741174, 
  "xCenter": 0.64243615, 
  "yCenter": 0.8346387, 
  "height": 0.6075944
}