{
  "width": 0.263901, 
  "rotation": -0.86945856, 
  "xCenter": 0.6632544, 
  "yCenter": 0.25677678, 
  "height": 0.46915734
}