{
  "width": 0.16777416, 
  "rotation": -1.1176878, 
  "xCenter": 0.31822765, 
  "yCenter": 0.5458464, 
  "height": 0.2982652
}