{
  "width": 0.22073749, 
  "rotation": -0.82795584, 
  "xCenter": 0.27197632, 
  "yCenter": 0.54537296, 
  "height": 0.39242223
}