{
  "width": 0.20701346, 
  "rotation": -0.8422595, 
  "xCenter": 0.7548248, 
  "yCenter": 0.23086661, 
  "height": 0.36802393
}