{
  "width": 0.22115722, 
  "rotation": -1.9577068, 
  "xCenter": 0.5833205, 
  "yCenter": 0.47073904, 
  "height": 0.3931684
}