{
  "width": 0.36510432, 
  "rotation": -0.37097025, 
  "xCenter": 0.1843713, 
  "yCenter": 0.74439305, 
  "height": 0.6490743
}