{
  "width": 0.24445216, 
  "rotation": -1.1850001, 
  "xCenter": 0.2928566, 
  "yCenter": 0.6817364, 
  "height": 0.43458164
}