{
  "width": 0.31888527, 
  "rotation": -0.91043913, 
  "xCenter": 0.6632184, 
  "yCenter": 0.4796958, 
  "height": 0.5669071
}