{
  "width": 0.29842103, 
  "rotation": -0.67868745, 
  "xCenter": 0.71220744, 
  "yCenter": 0.51344055, 
  "height": 0.5305263
}