{
  "width": 0.38800606, 
  "rotation": -0.4088087, 
  "xCenter": 0.6657026, 
  "yCenter": 0.7759316, 
  "height": 0.6897885
}