{
  "width": 0.34560493, 
  "rotation": -0.9008039, 
  "xCenter": 0.624564, 
  "yCenter": 0.44109648, 
  "height": 0.61440873
}