{
  "width": 0.2046008, 
  "rotation": -0.3210858, 
  "xCenter": 0.061945714, 
  "yCenter": 0.38822308, 
  "height": 0.36373475
}