{
  "width": 0.21114063, 
  "rotation": -1.4687742, 
  "xCenter": 0.4468337, 
  "yCenter": 0.7049331, 
  "height": 0.3753611
}