{
  "width": 0.20530312, 
  "rotation": -0.3668983, 
  "xCenter": 0.54132676, 
  "yCenter": 0.575965, 
  "height": 0.36498332
}