{
  "width": 0.2549687, 
  "rotation": 0.16217208, 
  "xCenter": 0.10801066, 
  "yCenter": 0.5788383, 
  "height": 0.45327768
}