{
  "width": 0.14908709, 
  "rotation": 0.45407057, 
  "xCenter": 0.11855349, 
  "yCenter": 0.34816238, 
  "height": 0.2650437
}