{
  "width": 0.14383614, 
  "rotation": -2.5891688, 
  "xCenter": 0.32902622, 
  "yCenter": 0.8132356, 
  "height": 0.2557087
}