{
  "width": 0.25022316, 
  "rotation": -0.34516907, 
  "xCenter": 0.3224208, 
  "yCenter": 0.54846466, 
  "height": 0.4448412
}