{
  "width": 0.16070418, 
  "rotation": -2.509847, 
  "xCenter": 0.69330114, 
  "yCenter": 0.44181404, 
  "height": 0.28569633
}