{
  "width": 0.23812869, 
  "rotation": -0.4982525, 
  "xCenter": 0.4178788, 
  "yCenter": 0.47611105, 
  "height": 0.42333987
}