{
  "width": 0.18328567, 
  "rotation": 0.9540772, 
  "xCenter": 0.25818872, 
  "yCenter": 0.44390452, 
  "height": 0.3258412
}