{
  "width": 0.31231165, 
  "rotation": -0.67545855, 
  "xCenter": 0.27891922, 
  "yCenter": 0.79155904, 
  "height": 0.5552207
}