{
  "width": 0.16305251, 
  "rotation": -0.68295157, 
  "xCenter": 0.7612742, 
  "yCenter": 0.18612897, 
  "height": 0.28987113
}