{
  "width": 0.15723257, 
  "rotation": 0.7563474, 
  "xCenter": 0.25161874, 
  "yCenter": 0.36087072, 
  "height": 0.27952456
}