{
  "width": 0.20024592, 
  "rotation": -0.2915342, 
  "xCenter": 0.07135296, 
  "yCenter": 0.5703732, 
  "height": 0.35599273
}