{
  "width": 0.25565183, 
  "rotation": -0.20094717, 
  "xCenter": 0.5479568, 
  "yCenter": 0.55344, 
  "height": 0.45449218
}