{
  "width": 0.31768215, 
  "rotation": -2.5835836, 
  "xCenter": 0.43304297, 
  "yCenter": 0.8801047, 
  "height": 0.56476825
}