{
  "width": 0.25300723, 
  "rotation": -0.96552455, 
  "xCenter": 0.69948804, 
  "yCenter": 0.4707922, 
  "height": 0.44979066
}