{
  "width": 0.18524261, 
  "rotation": -1.8391055, 
  "xCenter": 0.52085495, 
  "yCenter": 0.5594805, 
  "height": 0.3293202
}