{
  "width": 0.22391829, 
  "rotation": -0.12404227, 
  "xCenter": 0.07515284, 
  "yCenter": 0.45688096, 
  "height": 0.39807695
}