{
  "width": 0.20634276, 
  "rotation": -0.3558749, 
  "xCenter": 0.5064602, 
  "yCenter": 0.3987046, 
  "height": 0.36683157
}