{
  "width": 0.21133138, 
  "rotation": 0.9095531, 
  "xCenter": 0.15716226, 
  "yCenter": 0.5015309, 
  "height": 0.37570024
}