{
  "width": 0.14718628, 
  "rotation": 0.31555045, 
  "xCenter": 0.49803436, 
  "yCenter": 0.5241994, 
  "height": 0.26166448
}