{
  "width": 0.24044459, 
  "rotation": -2.0174649, 
  "xCenter": 0.50650984, 
  "yCenter": 0.6883137, 
  "height": 0.42745706
}