{
  "width": 0.24253245, 
  "rotation": -0.35730565, 
  "xCenter": 0.7684565, 
  "yCenter": 0.20472184, 
  "height": 0.4311688
}