{
  "width": 0.20497064, 
  "rotation": 0.2745452, 
  "xCenter": 0.13187662, 
  "yCenter": 0.63807094, 
  "height": 0.36439225
}