{
  "width": 0.31579494, 
  "rotation": -0.35930097, 
  "xCenter": 0.5451001, 
  "yCenter": 0.6622986, 
  "height": 0.5614132
}