{
  "width": 0.26553077, 
  "rotation": 0.31835926, 
  "xCenter": 0.17918304, 
  "yCenter": 0.26155135, 
  "height": 0.4720547
}