{
  "width": 0.15813816, 
  "rotation": 0.88041186, 
  "xCenter": 0.41929105, 
  "yCenter": 0.69400245, 
  "height": 0.2811345
}