{
  "width": 0.07091922, 
  "rotation": -0.69548, 
  "xCenter": 0.5710272, 
  "yCenter": 0.8220839, 
  "height": 0.12607862
}