{
  "width": 0.23557106, 
  "rotation": -0.7061926, 
  "xCenter": 0.3051665, 
  "yCenter": 0.5024171, 
  "height": 0.41879296
}