{
  "width": 0.054908764, 
  "rotation": 0.64037395, 
  "xCenter": 0.12655637, 
  "yCenter": 0.5815024, 
  "height": 0.097615585
}