{
  "width": 0.21322297, 
  "rotation": -0.30754697, 
  "xCenter": 0.37057468, 
  "yCenter": 0.4977316, 
  "height": 0.37906307
}