{
  "width": 0.23347512, 
  "rotation": -1.7026318, 
  "xCenter": 0.48674914, 
  "yCenter": 0.13983984, 
  "height": 0.41506687
}