{
  "width": 0.17988956, 
  "rotation": 0.052800536, 
  "xCenter": 0.28921723, 
  "yCenter": 0.5909214, 
  "height": 0.31980368
}