{
  "width": 0.20196363, 
  "rotation": 3.116108, 
  "xCenter": 0.31166422, 
  "yCenter": 0.58755255, 
  "height": 0.35904646
}