{
  "width": 0.06417681, 
  "rotation": 2.843978, 
  "xCenter": 0.36883637, 
  "yCenter": 0.7720443, 
  "height": 0.114092104
}