{
  "width": 0.13152456, 
  "rotation": -0.14807332, 
  "xCenter": 0.031783927, 
  "yCenter": 0.5123956, 
  "height": 0.23382145
}