{
  "width": 0.2541941, 
  "rotation": -0.060094595, 
  "xCenter": 0.57409716, 
  "yCenter": 0.59674037, 
  "height": 0.45190066
}