{
  "width": 0.15031391, 
  "rotation": -2.4185317, 
  "xCenter": 0.060902044, 
  "yCenter": 0.9171, 
  "height": 0.26722476
}