{
  "width": 0.22872467, 
  "rotation": -0.9044689, 
  "xCenter": 0.47611287, 
  "yCenter": 0.5882704, 
  "height": 0.40662163
}