{
  "width": 0.22221243, 
  "rotation": -2.026747, 
  "xCenter": 0.5139472, 
  "yCenter": 0.7202052, 
  "height": 0.39504436
}