{
  "width": 0.19542292, 
  "rotation": 0.6576644, 
  "xCenter": 0.10977767, 
  "yCenter": 0.4585701, 
  "height": 0.34741852
}