{
  "width": 0.23059782, 
  "rotation": -0.32693672, 
  "xCenter": 0.5236179, 
  "yCenter": 0.540807, 
  "height": 0.4099517
}