{
  "width": 0.24350049, 
  "rotation": -1.3787307, 
  "xCenter": 0.3980171, 
  "yCenter": 0.6520781, 
  "height": 0.43288976
}