{
  "width": 0.3054798, 
  "rotation": -0.80779326, 
  "xCenter": 0.6881248, 
  "yCenter": 0.39335662, 
  "height": 0.5430752
}