{
  "width": 0.21025309, 
  "rotation": -1.3764385, 
  "xCenter": 0.2757976, 
  "yCenter": 0.6438736, 
  "height": 0.37378326
}