{
  "width": 0.31194445, 
  "rotation": 0.14671624, 
  "xCenter": 0.15068977, 
  "yCenter": 0.30541712, 
  "height": 0.55456793
}