{
  "width": 0.20597914, 
  "rotation": -0.555421, 
  "xCenter": 0.070355624, 
  "yCenter": 0.54159904, 
  "height": 0.36618513
}