{
  "width": 0.16811657, 
  "rotation": 0.62122315, 
  "xCenter": 0.14235033, 
  "yCenter": 0.36353034, 
  "height": 0.2988739
}