{
  "width": 0.25685015, 
  "rotation": -0.14398348, 
  "xCenter": 0.111415766, 
  "yCenter": 0.41503873, 
  "height": 0.45662254
}