{
  "width": 0.27746928, 
  "rotation": -0.38628292, 
  "xCenter": 0.56347466, 
  "yCenter": 0.732558, 
  "height": 0.49327874
}