{
  "width": 0.3413432, 
  "rotation": -0.3680427, 
  "xCenter": 0.21632689, 
  "yCenter": 0.72466195, 
  "height": 0.6068323
}