{
  "width": 0.12972005, 
  "rotation": -1.4388589, 
  "xCenter": 0.0068665575, 
  "yCenter": 0.65112704, 
  "height": 0.23061344
}