{
  "width": 0.29966345, 
  "rotation": -0.77587116, 
  "xCenter": 0.6673725, 
  "yCenter": 0.46856582, 
  "height": 0.532735
}