{
  "width": 0.35058153, 
  "rotation": -2.3513758, 
  "xCenter": 0.40111113, 
  "yCenter": 0.7554471, 
  "height": 0.6232561
}