{
  "width": 0.17257923, 
  "rotation": 0.47841227, 
  "xCenter": 0.36740842, 
  "yCenter": 0.6776965, 
  "height": 0.30680752
}