{
  "width": 0.2198739, 
  "rotation": -1.184605, 
  "xCenter": 0.44744548, 
  "yCenter": 0.6495089, 
  "height": 0.39088693
}