{
  "width": 0.2255968, 
  "rotation": -0.7798325, 
  "xCenter": 0.50899273, 
  "yCenter": 0.6106768, 
  "height": 0.40106097
}