{
  "width": 0.26974872, 
  "rotation": -0.8838736, 
  "xCenter": 0.711602, 
  "yCenter": 0.45675212, 
  "height": 0.47955328
}