{
  "width": 0.26524788, 
  "rotation": -0.10709107, 
  "xCenter": 0.11512987, 
  "yCenter": 0.30983213, 
  "height": 0.47155178
}