{
  "width": 0.3494386, 
  "rotation": -0.4465412, 
  "xCenter": 0.67184657, 
  "yCenter": 0.8503506, 
  "height": 0.6212242
}