{
  "width": 0.30411208, 
  "rotation": -2.183458, 
  "xCenter": 0.5382459, 
  "yCenter": 0.29922032, 
  "height": 0.5406437
}