{
  "width": 0.18293586, 
  "rotation": -1.2383348, 
  "xCenter": 0.8256185, 
  "yCenter": 0.9215957, 
  "height": 0.3252193
}