{
  "width": 0.19507428, 
  "rotation": 0.32711124, 
  "xCenter": 0.14414522, 
  "yCenter": 0.4498079, 
  "height": 0.34679872
}