{
  "width": 0.17077751, 
  "rotation": -0.48876107, 
  "xCenter": 0.38213706, 
  "yCenter": 0.5423759, 
  "height": 0.30360445
}