{
  "width": 0.26058662, 
  "rotation": -1.0724028, 
  "xCenter": 0.7022905, 
  "yCenter": 0.49315333, 
  "height": 0.4632651
}