{
  "width": 0.24876334, 
  "rotation": -0.88867056, 
  "xCenter": 0.63597125, 
  "yCenter": 0.4424768, 
  "height": 0.44224593
}