{
  "width": 0.08172218, 
  "rotation": -0.8325614, 
  "xCenter": 0.5739643, 
  "yCenter": 0.8175353, 
  "height": 0.14528386
}