{
  "width": 0.2189006, 
  "rotation": -0.34436977, 
  "xCenter": 0.5276127, 
  "yCenter": 0.5527525, 
  "height": 0.38915664
}