{
  "width": 0.22353093, 
  "rotation": -1.3520008, 
  "xCenter": 0.39125147, 
  "yCenter": 0.7267767, 
  "height": 0.39738834
}