{
  "width": 0.21785565, 
  "rotation": -0.6511253, 
  "xCenter": 0.62753254, 
  "yCenter": 0.23397599, 
  "height": 0.3872989
}