{
  "width": 0.21097605, 
  "rotation": -0.6347784, 
  "xCenter": 0.56155616, 
  "yCenter": 0.6884532, 
  "height": 0.37506852
}