{
  "width": 0.21940124, 
  "rotation": 0.3427143, 
  "xCenter": 0.11607143, 
  "yCenter": 0.3344008, 
  "height": 0.39004666
}