{
  "width": 0.3123387, 
  "rotation": -0.93358314, 
  "xCenter": 0.665227, 
  "yCenter": 0.47315648, 
  "height": 0.5552688
}