{
  "width": 0.17909285, 
  "rotation": -0.62825215, 
  "xCenter": 0.5513279, 
  "yCenter": 0.7138442, 
  "height": 0.3183873
}