{
  "width": 0.2619313, 
  "rotation": -0.6983799, 
  "xCenter": 0.6319234, 
  "yCenter": 0.42355952, 
  "height": 0.46565565
}