{
  "width": 0.28605393, 
  "rotation": -0.1355561, 
  "xCenter": 0.11082632, 
  "yCenter": 0.3432162, 
  "height": 0.50854033
}