{
  "width": 0.37419572, 
  "rotation": -0.24869156, 
  "xCenter": 0.23690242, 
  "yCenter": 0.68332314, 
  "height": 0.66523683
}