{
  "width": 0.15511093, 
  "rotation": -0.15133023, 
  "xCenter": 0.6186931, 
  "yCenter": 0.47854078, 
  "height": 0.27575275
}