{
  "width": 0.21988802, 
  "rotation": -0.4380175, 
  "xCenter": 0.1824111, 
  "yCenter": 0.5475207, 
  "height": 0.39091203
}