{
  "width": 0.25293395, 
  "rotation": 0.2881682, 
  "xCenter": 0.07303831, 
  "yCenter": 0.3639801, 
  "height": 0.44966033
}