{
  "width": 0.17376128, 
  "rotation": -0.4934708, 
  "xCenter": 0.37486863, 
  "yCenter": 0.48416376, 
  "height": 0.30890894
}