{
  "width": 0.21154338, 
  "rotation": 0.20220542, 
  "xCenter": 0.14637695, 
  "yCenter": 0.33272368, 
  "height": 0.37607712
}