{
  "width": 0.27598092, 
  "rotation": 0.124742985, 
  "xCenter": 0.1380127, 
  "yCenter": 0.28942105, 
  "height": 0.49063274
}