{
  "width": 0.27710363, 
  "rotation": -0.22486174, 
  "xCenter": 0.44652656, 
  "yCenter": 0.29229292, 
  "height": 0.4926287
}