{
  "width": 0.29626733, 
  "rotation": -0.63477886, 
  "xCenter": 0.67517775, 
  "yCenter": 0.42567602, 
  "height": 0.52669746
}