{
  "width": 0.21965152, 
  "rotation": 0.19790924, 
  "xCenter": 0.07246798, 
  "yCenter": 0.4161049, 
  "height": 0.3904916
}