{
  "width": 0.2646278, 
  "rotation": -0.5813726, 
  "xCenter": 0.6879915, 
  "yCenter": 0.4458531, 
  "height": 0.47044948
}