{
  "width": 0.14967117, 
  "rotation": -0.46597826, 
  "xCenter": 0.35445392, 
  "yCenter": 0.38648984, 
  "height": 0.26608208
}