{
  "width": 0.21026188, 
  "rotation": -0.3833512, 
  "xCenter": 0.10359886, 
  "yCenter": 0.5662056, 
  "height": 0.3737989
}