{
  "width": 0.37313896, 
  "rotation": -0.46816075, 
  "xCenter": 0.66918755, 
  "yCenter": 0.73609006, 
  "height": 0.66335815
}