{
  "width": 0.21786067, 
  "rotation": -0.2263217, 
  "xCenter": 0.308573, 
  "yCenter": 0.43692008, 
  "height": 0.38730785
}