{
  "width": 0.376338, 
  "rotation": -0.27645874, 
  "xCenter": 0.26803887, 
  "yCenter": 0.67469466, 
  "height": 0.6690453
}