{
  "width": 0.18299413, 
  "rotation": 1.1915214, 
  "xCenter": 0.21716985, 
  "yCenter": 0.5815759, 
  "height": 0.32532287
}