{
  "width": 0.17977221, 
  "rotation": 1.2674474, 
  "xCenter": 0.1250577, 
  "yCenter": 0.43252805, 
  "height": 0.31959507
}