{
  "width": 0.2672873, 
  "rotation": -0.3322189, 
  "xCenter": 0.43379506, 
  "yCenter": 0.29099506, 
  "height": 0.4751774
}