{
  "width": 0.21032779, 
  "rotation": -2.4237883, 
  "xCenter": 0.31040704, 
  "yCenter": 0.57708466, 
  "height": 0.37391606
}