{
  "width": 0.15275292, 
  "rotation": 0.4499693, 
  "xCenter": 0.36472148, 
  "yCenter": 0.6218431, 
  "height": 0.27156076
}