{
  "width": 0.18378526, 
  "rotation": -0.73878396, 
  "xCenter": 0.5503315, 
  "yCenter": 0.72154355, 
  "height": 0.32672933
}