{
  "width": 0.23133229, 
  "rotation": -0.12542176, 
  "xCenter": 0.11092508, 
  "yCenter": 0.40316314, 
  "height": 0.41125742
}