{
  "width": 0.36725476, 
  "rotation": -0.27492058, 
  "xCenter": 0.23577064, 
  "yCenter": 0.6837467, 
  "height": 0.65289736
}