{
  "width": 0.24476941, 
  "rotation": -0.54503834, 
  "xCenter": 0.27759215, 
  "yCenter": 0.5396139, 
  "height": 0.43514562
}