{
  "width": 0.14873771, 
  "rotation": -2.3958247, 
  "xCenter": 0.088084854, 
  "yCenter": 0.69610137, 
  "height": 0.2644226
}