{
  "width": 0.15240833, 
  "rotation": -2.4355505, 
  "xCenter": 0.2935686, 
  "yCenter": 0.6528951, 
  "height": 0.27094814
}