{
  "width": 0.23087282, 
  "rotation": 0.37280917, 
  "xCenter": 0.09156953, 
  "yCenter": 0.42918998, 
  "height": 0.41044056
}