{
  "width": 0.35867542, 
  "rotation": -0.5017239, 
  "xCenter": 0.87332946, 
  "yCenter": 0.6382068, 
  "height": 0.6376452
}