{
  "width": 0.16865021, 
  "rotation": -0.25801563, 
  "xCenter": 0.39760965, 
  "yCenter": 0.5650255, 
  "height": 0.2998226
}