{
  "width": 0.2794337, 
  "rotation": -0.44702876, 
  "xCenter": 0.43047562, 
  "yCenter": 0.71376616, 
  "height": 0.49677104
}