{
  "width": 0.15747435, 
  "rotation": 0.2773372, 
  "xCenter": 0.38521352, 
  "yCenter": 0.55996877, 
  "height": 0.2799544
}