{
  "width": 0.20757839, 
  "rotation": 0.3835343, 
  "xCenter": 0.13683335, 
  "yCenter": 0.45580694, 
  "height": 0.36902824
}