{
  "width": 0.37840182, 
  "rotation": -0.26500285, 
  "xCenter": 0.2498347, 
  "yCenter": 0.68416214, 
  "height": 0.6727143
}