{
  "width": 0.24437407, 
  "rotation": -0.75205934, 
  "xCenter": 0.69245446, 
  "yCenter": 0.39647546, 
  "height": 0.4344428
}