{
  "width": 0.19880462, 
  "rotation": 0.8316555, 
  "xCenter": 0.16571909, 
  "yCenter": 0.49149054, 
  "height": 0.35343042
}