{
  "width": 0.2902869, 
  "rotation": 0.08858311, 
  "xCenter": 0.13843203, 
  "yCenter": 0.280276, 
  "height": 0.5160656
}