{
  "width": 0.2065612, 
  "rotation": 0.8986135, 
  "xCenter": 0.18971929, 
  "yCenter": 0.40196857, 
  "height": 0.3672199
}