{
  "width": 0.3175777, 
  "rotation": -2.5961044, 
  "xCenter": 0.43313012, 
  "yCenter": 0.8308957, 
  "height": 0.5645825
}