{
  "width": 0.21868917, 
  "rotation": -0.47063172, 
  "xCenter": 0.7517832, 
  "yCenter": 0.22624832, 
  "height": 0.38878077
}