{
  "width": 0.21001786, 
  "rotation": -0.10669279, 
  "xCenter": 0.09322628, 
  "yCenter": 0.58302397, 
  "height": 0.37336507
}