{
  "width": 0.13524413, 
  "rotation": -0.26123977, 
  "xCenter": 0.32456484, 
  "yCenter": 0.3156561, 
  "height": 0.24043399
}