{
  "width": 0.2990815, 
  "rotation": 0.20514262, 
  "xCenter": 0.17233758, 
  "yCenter": 0.3083455, 
  "height": 0.5317005
}