{
  "width": 0.22552426, 
  "rotation": -1.9764961, 
  "xCenter": 0.4993572, 
  "yCenter": 0.7605725, 
  "height": 0.40093204
}