{
  "width": 0.2031267, 
  "rotation": -0.66837347, 
  "xCenter": 0.51417106, 
  "yCenter": 0.5906263, 
  "height": 0.36111414
}