{
  "width": 0.31735128, 
  "rotation": -1.6107463, 
  "xCenter": 0.50472593, 
  "yCenter": 0.32598925, 
  "height": 0.56418
}