{
  "width": 0.19398211, 
  "rotation": 0.27954364, 
  "xCenter": 0.15729153, 
  "yCenter": 0.4644734, 
  "height": 0.34485707
}