{
  "width": 0.227445, 
  "rotation": 0.14897323, 
  "xCenter": 0.12167034, 
  "yCenter": 0.37655452, 
  "height": 0.40434667
}