{
  "width": 0.17078868, 
  "rotation": -1.0873901, 
  "xCenter": 0.50529206, 
  "yCenter": 0.6782, 
  "height": 0.3036243
}