{
  "width": 0.1472419, 
  "rotation": -0.16738367, 
  "xCenter": 0.30793282, 
  "yCenter": 0.47313157, 
  "height": 0.2617634
}