{
  "width": 0.22964846, 
  "rotation": -0.95165503, 
  "xCenter": 0.46534005, 
  "yCenter": 0.65342444, 
  "height": 0.40826392
}