{
  "width": 0.28118107, 
  "rotation": -0.32444274, 
  "xCenter": 0.42070308, 
  "yCenter": 0.29986846, 
  "height": 0.49987748
}