{
  "width": 0.20298624, 
  "rotation": 0.5138513, 
  "xCenter": 0.10008237, 
  "yCenter": 0.42239392, 
  "height": 0.3608644
}