{
  "width": 0.23854649, 
  "rotation": -2.0997512, 
  "xCenter": 0.5124122, 
  "yCenter": 0.7137081, 
  "height": 0.42408267
}