{
  "width": 0.264537, 
  "rotation": -0.93655217, 
  "xCenter": 0.73688877, 
  "yCenter": 0.46054152, 
  "height": 0.470288
}