{
  "width": 0.2676893, 
  "rotation": -0.40143514, 
  "xCenter": 0.48113656, 
  "yCenter": 0.28577298, 
  "height": 0.4758921
}