{
  "width": 0.28755346, 
  "rotation": -0.5965344, 
  "xCenter": 0.68060255, 
  "yCenter": 0.43385607, 
  "height": 0.51120615
}