{
  "width": 0.21376266, 
  "rotation": -0.51130974, 
  "xCenter": 0.3182041, 
  "yCenter": 0.4741177, 
  "height": 0.38002253
}