{
  "width": 0.31462592, 
  "rotation": -0.6864792, 
  "xCenter": 0.69637215, 
  "yCenter": 0.47546342, 
  "height": 0.55933493
}