{
  "width": 0.23718569, 
  "rotation": -2.2777836, 
  "xCenter": 0.49181968, 
  "yCenter": 0.675656, 
  "height": 0.42166343
}