{
  "width": 0.17244114, 
  "rotation": -0.51914084, 
  "xCenter": 0.38278645, 
  "yCenter": 0.5408285, 
  "height": 0.30656204
}