{
  "width": 0.21372719, 
  "rotation": -1.060846, 
  "xCenter": 0.520695, 
  "yCenter": 0.21546474, 
  "height": 0.37995943
}