{
  "width": 0.2040619, 
  "rotation": 0.5806717, 
  "xCenter": 0.33372882, 
  "yCenter": 0.49276915, 
  "height": 0.3627767
}