{
  "width": 0.2885576, 
  "rotation": 0.2110318, 
  "xCenter": 0.12677981, 
  "yCenter": 0.67759776, 
  "height": 0.51299125
}