{
  "width": 0.16006453, 
  "rotation": 2.0091414, 
  "xCenter": 0.16053487, 
  "yCenter": 0.49821895, 
  "height": 0.28455916
}