{
  "width": 0.26674682, 
  "rotation": -0.4251616, 
  "xCenter": 0.47696257, 
  "yCenter": 0.2809009, 
  "height": 0.47421658
}