{
  "width": 0.26527712, 
  "rotation": -0.807336, 
  "xCenter": 0.7222719, 
  "yCenter": 0.43709671, 
  "height": 0.47160372
}