{
  "width": 0.14442879, 
  "rotation": 1.0703099, 
  "xCenter": 0.14644314, 
  "yCenter": 0.46026736, 
  "height": 0.2567623
}