{
  "width": 0.28622645, 
  "rotation": -1.5758084, 
  "xCenter": 0.55430466, 
  "yCenter": 0.16696972, 
  "height": 0.50884706
}