{
  "width": 0.27157694, 
  "rotation": -0.9237827, 
  "xCenter": 0.67513144, 
  "yCenter": 0.40251407, 
  "height": 0.48280343
}