{
  "width": 0.17025056, 
  "rotation": 0.9424741, 
  "xCenter": 0.39533824, 
  "yCenter": 0.81222314, 
  "height": 0.30266765
}