{
  "width": 0.13499896, 
  "rotation": -0.42648613, 
  "xCenter": 0.4082055, 
  "yCenter": 0.292817, 
  "height": 0.23999816
}