{
  "width": 0.2039864, 
  "rotation": -0.22464919, 
  "xCenter": 0.35904342, 
  "yCenter": 0.49564278, 
  "height": 0.3626425
}