{
  "width": 0.20013356, 
  "rotation": -0.30555928, 
  "xCenter": 0.58294284, 
  "yCenter": 0.5807535, 
  "height": 0.35579303
}