{
  "width": 0.42124385, 
  "rotation": -0.32129955, 
  "xCenter": 0.65833914, 
  "yCenter": 0.78759074, 
  "height": 0.74887794
}