{
  "width": 0.1502365, 
  "rotation": 2.2029512, 
  "xCenter": 0.08936875, 
  "yCenter": 0.697305, 
  "height": 0.2670871
}