{
  "width": 0.37325782, 
  "rotation": -0.48071492, 
  "xCenter": 0.8606173, 
  "yCenter": 0.64008707, 
  "height": 0.6635695
}