{
  "width": 0.19255121, 
  "rotation": -0.5022794, 
  "xCenter": 0.7572064, 
  "yCenter": 0.21552134, 
  "height": 0.34231326
}