{
  "width": 0.14547177, 
  "rotation": 1.4059672, 
  "xCenter": 0.15986732, 
  "yCenter": 0.60627043, 
  "height": 0.25861648
}