{
  "width": 0.18679559, 
  "rotation": -1.3156451, 
  "xCenter": 0.31922475, 
  "yCenter": 0.72482616, 
  "height": 0.33208105
}