{
  "width": 0.19841076, 
  "rotation": -0.66447365, 
  "xCenter": 0.35988796, 
  "yCenter": 0.61388826, 
  "height": 0.3527302
}