{
  "width": 0.14118154, 
  "rotation": 0.760958, 
  "xCenter": 0.15213235, 
  "yCenter": 0.6280863, 
  "height": 0.2509894
}