{
  "width": 0.3802652, 
  "rotation": -0.41511023, 
  "xCenter": 0.28081122, 
  "yCenter": 0.68763614, 
  "height": 0.676027
}