{
  "width": 0.22587867, 
  "rotation": 0.22239566, 
  "xCenter": 0.06779107, 
  "yCenter": 0.46015608, 
  "height": 0.40156206
}