{
  "width": 0.2162925, 
  "rotation": -0.14160275, 
  "xCenter": 0.56242174, 
  "yCenter": 0.53005517, 
  "height": 0.38452
}