{
  "width": 0.22916766, 
  "rotation": -0.29391932, 
  "xCenter": 0.3036327, 
  "yCenter": 0.5895475, 
  "height": 0.40740916
}