{
  "width": 0.2227405, 
  "rotation": -1.1580948, 
  "xCenter": 0.44668216, 
  "yCenter": 0.8821532, 
  "height": 0.39598313
}