{
  "width": 0.29098046, 
  "rotation": -0.31625414, 
  "xCenter": 0.4209423, 
  "yCenter": 0.30150825, 
  "height": 0.5172986
}