{
  "width": 0.17950585, 
  "rotation": -3.1189492, 
  "xCenter": 0.38643244, 
  "yCenter": 0.650915, 
  "height": 0.3191215
}