{
  "width": 0.35723525, 
  "rotation": -0.36505938, 
  "xCenter": 0.22451256, 
  "yCenter": 0.72248507, 
  "height": 0.6350849
}