{
  "width": 0.19767116, 
  "rotation": 0.42990017, 
  "xCenter": 0.12745883, 
  "yCenter": 0.48061493, 
  "height": 0.35141537
}