{
  "width": 0.1623757, 
  "rotation": 0.6650688, 
  "xCenter": 0.35049936, 
  "yCenter": 0.52660173, 
  "height": 0.28866792
}