{
  "width": 0.3087397, 
  "rotation": -0.7770573, 
  "xCenter": 0.51922274, 
  "yCenter": 0.7055814, 
  "height": 0.54887056
}