{
  "width": 0.2801374, 
  "rotation": -0.24549961, 
  "xCenter": 0.44227505, 
  "yCenter": 0.2900807, 
  "height": 0.498022
}