{
  "width": 0.25307125, 
  "rotation": 0.1520617, 
  "xCenter": 0.11102417, 
  "yCenter": 0.5789931, 
  "height": 0.44990447
}