{
  "width": 0.3278817, 
  "rotation": -2.5829313, 
  "xCenter": 0.43139327, 
  "yCenter": 0.82797265, 
  "height": 0.58290076
}