{
  "width": 0.3052936, 
  "rotation": -1.3904778, 
  "xCenter": 0.50389117, 
  "yCenter": 0.39126253, 
  "height": 0.54274416
}