{
  "width": 0.2446651, 
  "rotation": -2.025461, 
  "xCenter": 0.5045285, 
  "yCenter": 0.75691915, 
  "height": 0.4349602
}