{
  "width": 0.32826167, 
  "rotation": -2.1279175, 
  "xCenter": 0.51358986, 
  "yCenter": 0.23768245, 
  "height": 0.5835763
}