{
  "width": 0.23010191, 
  "rotation": -0.6198751, 
  "xCenter": 0.5409583, 
  "yCenter": 0.71346617, 
  "height": 0.40907004
}