{
  "width": 0.35618433, 
  "rotation": -0.55251276, 
  "xCenter": 0.6903637, 
  "yCenter": 0.47132027, 
  "height": 0.63321656
}