{
  "width": 0.20180929, 
  "rotation": -0.9510354, 
  "xCenter": 0.19969314, 
  "yCenter": 0.5799282, 
  "height": 0.35877204
}