{
  "width": 0.30929172, 
  "rotation": -0.91459477, 
  "xCenter": 0.65210533, 
  "yCenter": 0.471322, 
  "height": 0.5498519
}