{
  "width": 0.17696632, 
  "rotation": 0.95073223, 
  "xCenter": 0.16139637, 
  "yCenter": 0.5401915, 
  "height": 0.31460682
}