{
  "width": 0.36659604, 
  "rotation": -0.57326996, 
  "xCenter": 0.8569693, 
  "yCenter": 0.62482715, 
  "height": 0.6517263
}