{
  "width": 0.2048027, 
  "rotation": 0.29588652, 
  "xCenter": 0.12451687, 
  "yCenter": 0.2836066, 
  "height": 0.36409372
}