{
  "width": 0.21914221, 
  "rotation": -0.36156738, 
  "xCenter": 0.32237875, 
  "yCenter": 0.4619023, 
  "height": 0.38958615
}