{
  "width": 0.19389941, 
  "rotation": 0.2290535, 
  "xCenter": 0.1174032, 
  "yCenter": 0.48462844, 
  "height": 0.34471008
}