{
  "width": 0.23952886, 
  "rotation": -1.9440755, 
  "xCenter": 0.48161396, 
  "yCenter": 0.7029008, 
  "height": 0.42582908
}