{
  "width": 0.27251637, 
  "rotation": -0.9765507, 
  "xCenter": 0.6154406, 
  "yCenter": 0.27518535, 
  "height": 0.48447353
}