{
  "width": 0.26764446, 
  "rotation": -0.9737185, 
  "xCenter": 0.7124369, 
  "yCenter": 0.4695308, 
  "height": 0.47581238
}