{
  "width": 0.14346483, 
  "rotation": -0.056960344, 
  "xCenter": 0.64902073, 
  "yCenter": 0.53336346, 
  "height": 0.25504857
}