{
  "width": 0.15399598, 
  "rotation": 0.8848475, 
  "xCenter": 0.1510767, 
  "yCenter": 0.3329322, 
  "height": 0.27377063
}