{
  "width": 0.20985542, 
  "rotation": -0.393623, 
  "xCenter": 0.5282574, 
  "yCenter": 0.49098185, 
  "height": 0.37307632
}