{
  "width": 0.12430318, 
  "rotation": 0.22432363, 
  "xCenter": 0.662482, 
  "yCenter": 0.5635482, 
  "height": 0.22098342
}