{
  "width": 0.286592, 
  "rotation": -0.8191923, 
  "xCenter": 0.6524009, 
  "yCenter": 0.32023302, 
  "height": 0.5094969
}