{
  "width": 0.14825535, 
  "rotation": -2.8828943, 
  "xCenter": 0.79466355, 
  "yCenter": 0.47163516, 
  "height": 0.26356506
}