{
  "width": 0.2172612, 
  "rotation": -2.1796157, 
  "xCenter": 0.50135267, 
  "yCenter": 0.936836, 
  "height": 0.38624212
}