{
  "width": 0.15174656, 
  "rotation": -0.51363623, 
  "xCenter": 0.35212836, 
  "yCenter": 0.39864707, 
  "height": 0.26977167
}