{
  "width": 0.24629013, 
  "rotation": -0.54374707, 
  "xCenter": 0.6397614, 
  "yCenter": 0.46558595, 
  "height": 0.43784913
}