{
  "width": 0.12839592, 
  "rotation": -1.5220577, 
  "xCenter": 0.017128717, 
  "yCenter": 0.6615016, 
  "height": 0.22825938
}