{
  "width": 0.26452166, 
  "rotation": -0.89700687, 
  "xCenter": 0.6698304, 
  "yCenter": 0.31203023, 
  "height": 0.47026074
}