{
  "width": 0.12990162, 
  "rotation": -0.66798484, 
  "xCenter": 0.5797249, 
  "yCenter": 0.8138141, 
  "height": 0.2309362
}