{
  "width": 0.1927425, 
  "rotation": -0.5759598, 
  "xCenter": 0.06118064, 
  "yCenter": 0.5751533, 
  "height": 0.34265333
}