{
  "width": 0.23689495, 
  "rotation": -0.62233365, 
  "xCenter": 0.5292923, 
  "yCenter": 0.658175, 
  "height": 0.4211466
}