{
  "width": 0.19320449, 
  "rotation": 2.5641427, 
  "xCenter": 0.13134934, 
  "yCenter": 0.663878, 
  "height": 0.34347466
}