{
  "width": 0.4250332, 
  "rotation": -0.61041176, 
  "xCenter": 0.69163835, 
  "yCenter": 0.7219966, 
  "height": 0.7556146
}