{
  "width": 0.1903329, 
  "rotation": 0.62188774, 
  "xCenter": 0.104163505, 
  "yCenter": 0.20976001, 
  "height": 0.33836958
}