{
  "width": 0.38309175, 
  "rotation": -0.43485653, 
  "xCenter": 0.6756327, 
  "yCenter": 0.71420056, 
  "height": 0.68105197
}