{
  "width": 0.1773154, 
  "rotation": -0.28990483, 
  "xCenter": 0.29442018, 
  "yCenter": 0.3476011, 
  "height": 0.31522736
}