{
  "width": 0.41024563, 
  "rotation": -0.49599755, 
  "xCenter": 0.6452511, 
  "yCenter": 0.77877676, 
  "height": 0.72932553
}