{
  "width": 0.24589248, 
  "rotation": -0.14650679, 
  "xCenter": 0.06513421, 
  "yCenter": 0.4003784, 
  "height": 0.4371422
}