{
  "width": 0.25026765, 
  "rotation": -0.31379688, 
  "xCenter": 0.52879673, 
  "yCenter": 0.44829932, 
  "height": 0.44492027
}