{
  "width": 0.21188952, 
  "rotation": -0.14603007, 
  "xCenter": 0.085844606, 
  "yCenter": 0.399891, 
  "height": 0.37669247
}