{
  "width": 0.23129271, 
  "rotation": -0.56726325, 
  "xCenter": 0.3526335, 
  "yCenter": 0.62745136, 
  "height": 0.41118705
}