{
  "width": 0.26619476, 
  "rotation": -0.86802924, 
  "xCenter": 0.6705106, 
  "yCenter": 0.31386295, 
  "height": 0.4732351
}