{
  "width": 0.29917186, 
  "rotation": -0.9068614, 
  "xCenter": 0.6473637, 
  "yCenter": 0.48170245, 
  "height": 0.5318611
}