{
  "width": 0.13520059, 
  "rotation": -0.98564065, 
  "xCenter": 0.5045119, 
  "yCenter": 0.93107665, 
  "height": 0.24035661
}