{
  "width": 0.2587671, 
  "rotation": -0.05181551, 
  "xCenter": 0.06428318, 
  "yCenter": 0.34001678, 
  "height": 0.4600304
}