{
  "width": 0.042153224, 
  "rotation": -0.8156692, 
  "xCenter": 0.2932219, 
  "yCenter": 0.66167974, 
  "height": 0.074939065
}