{
  "width": 0.22654499, 
  "rotation": -2.1650875, 
  "xCenter": 0.46616542, 
  "yCenter": 0.58793175, 
  "height": 0.40274665
}