{
  "width": 0.36602992, 
  "rotation": -0.5879084, 
  "xCenter": 0.8659541, 
  "yCenter": 0.6520736, 
  "height": 0.6507199
}