{
  "width": 0.15847811, 
  "rotation": 1.2240518, 
  "xCenter": 0.36765358, 
  "yCenter": 0.737377, 
  "height": 0.28173888
}