{
  "width": 0.2783598, 
  "rotation": 0.09199643, 
  "xCenter": 0.1457925, 
  "yCenter": 0.30347857, 
  "height": 0.4948618
}