{
  "width": 0.25965977, 
  "rotation": -0.9103638, 
  "xCenter": 0.6641687, 
  "yCenter": 0.27214205, 
  "height": 0.46161732
}