{
  "width": 0.27979207, 
  "rotation": 0.25193357, 
  "xCenter": 0.15082343, 
  "yCenter": 0.28624722, 
  "height": 0.49740812
}