{
  "width": 0.16253415, 
  "rotation": 0.5534071, 
  "xCenter": 0.35026154, 
  "yCenter": 0.6054102, 
  "height": 0.28894958
}