{
  "width": 0.19882843, 
  "rotation": -0.31881166, 
  "xCenter": 0.058893554, 
  "yCenter": 0.40455619, 
  "height": 0.35347274
}