{
  "width": 0.21883157, 
  "rotation": 0.16095233, 
  "xCenter": 0.08588447, 
  "yCenter": 0.40014368, 
  "height": 0.3890339
}