{
  "width": 0.25407764, 
  "rotation": -0.9154545, 
  "xCenter": 0.6986065, 
  "yCenter": 0.43612272, 
  "height": 0.45169356
}