{
  "width": 0.24088751, 
  "rotation": -1.9857835, 
  "xCenter": 0.5046763, 
  "yCenter": 0.7559089, 
  "height": 0.42824444
}