{
  "width": 0.31571087, 
  "rotation": -1.1635147, 
  "xCenter": 0.63083667, 
  "yCenter": 0.5214261, 
  "height": 0.5612638
}