{
  "width": 0.2788603, 
  "rotation": -0.6146172, 
  "xCenter": 0.6630054, 
  "yCenter": 0.392092, 
  "height": 0.49575165
}