{
  "width": 0.26761755, 
  "rotation": 0.11996436, 
  "xCenter": 0.14295831, 
  "yCenter": 0.27513158, 
  "height": 0.47576454
}