{
  "width": 0.21890843, 
  "rotation": -0.18727386, 
  "xCenter": 0.10301208, 
  "yCenter": 0.39732552, 
  "height": 0.38917056
}