{
  "width": 0.25067693, 
  "rotation": 0.11849558, 
  "xCenter": 0.10887406, 
  "yCenter": 0.57781893, 
  "height": 0.44564787
}