{
  "width": 0.23662546, 
  "rotation": -0.688511, 
  "xCenter": 0.69740987, 
  "yCenter": 0.5217148, 
  "height": 0.4206675
}