{
  "width": 0.30376664, 
  "rotation": -0.95327675, 
  "xCenter": 0.6461789, 
  "yCenter": 0.27601087, 
  "height": 0.5400296
}