{
  "width": 0.22967923, 
  "rotation": -0.41567338, 
  "xCenter": 0.43820503, 
  "yCenter": 0.4703374, 
  "height": 0.40831864
}