{
  "width": 0.18273273, 
  "rotation": -0.2528727, 
  "xCenter": 0.40594578, 
  "yCenter": 0.576094, 
  "height": 0.3248582
}