{
  "width": 0.2661247, 
  "rotation": -2.0266287, 
  "xCenter": 0.55110794, 
  "yCenter": 0.3295855, 
  "height": 0.4731106
}