{
  "width": 0.27665907, 
  "rotation": -0.9024819, 
  "xCenter": 0.67842424, 
  "yCenter": 0.35855335, 
  "height": 0.4918384
}