{
  "width": 0.16773848, 
  "rotation": 1.0611736, 
  "xCenter": 0.24355422, 
  "yCenter": 0.45664266, 
  "height": 0.29820174
}