{
  "width": 0.37392116, 
  "rotation": -0.5763155, 
  "xCenter": 0.8748467, 
  "yCenter": 0.6196329, 
  "height": 0.66474867
}