{
  "width": 0.3118063, 
  "rotation": -1.154709, 
  "xCenter": 0.627754, 
  "yCenter": 0.49513352, 
  "height": 0.5543223
}