{
  "width": 0.16523544, 
  "rotation": 0.24638748, 
  "xCenter": 0.36381447, 
  "yCenter": 0.82474047, 
  "height": 0.2937519
}