{
  "width": 0.21254396, 
  "rotation": -0.035599828, 
  "xCenter": 0.07966358, 
  "yCenter": 0.43860856, 
  "height": 0.37785593
}