{
  "width": 0.20067634, 
  "rotation": -0.32792222, 
  "xCenter": 0.34578806, 
  "yCenter": 0.50337833, 
  "height": 0.35675794
}