{
  "width": 0.18384267, 
  "rotation": 0.27034724, 
  "xCenter": 0.36742237, 
  "yCenter": 0.7352398, 
  "height": 0.3268314
}