{
  "width": 0.25003013, 
  "rotation": 0.029713392, 
  "xCenter": 0.07367166, 
  "yCenter": 0.36921242, 
  "height": 0.44449803
}