{
  "width": 0.28954268, 
  "rotation": -1.3999697, 
  "xCenter": 0.5294747, 
  "yCenter": 0.40895936, 
  "height": 0.51474255
}