{
  "width": 0.26999715, 
  "rotation": 0.17360485, 
  "xCenter": 0.14231586, 
  "yCenter": 0.28748065, 
  "height": 0.47999492
}