{
  "width": 0.13714804, 
  "rotation": -0.08977628, 
  "xCenter": 0.3644992, 
  "yCenter": 0.5953616, 
  "height": 0.24381872
}