{
  "width": 0.29028553, 
  "rotation": 0.20731151, 
  "xCenter": 0.12870707, 
  "yCenter": 0.678476, 
  "height": 0.51606315
}