{
  "width": 0.20905878, 
  "rotation": 0.348516, 
  "xCenter": 0.1186829, 
  "yCenter": 0.39619312, 
  "height": 0.37166005
}