{
  "width": 0.20986101, 
  "rotation": 0.22742236, 
  "xCenter": 0.6158408, 
  "yCenter": 0.47024024, 
  "height": 0.37308624
}