{
  "width": 0.23411816, 
  "rotation": -0.6241654, 
  "xCenter": 0.69107795, 
  "yCenter": 0.5240781, 
  "height": 0.4162101
}