{
  "width": 0.14386351, 
  "rotation": 0.120405555, 
  "xCenter": 0.55096316, 
  "yCenter": 0.39508832, 
  "height": 0.25575736
}