{
  "width": 0.18207832, 
  "rotation": 0.48500168, 
  "xCenter": 0.19838794, 
  "yCenter": 0.2800759, 
  "height": 0.32369477
}