{
  "width": 0.16246319, 
  "rotation": 0.5443249, 
  "xCenter": 0.12605391, 
  "yCenter": 0.260376, 
  "height": 0.28882346
}