{
  "width": 0.20768806, 
  "rotation": -2.768656, 
  "xCenter": 0.29943314, 
  "yCenter": 0.5680409, 
  "height": 0.36922324
}