{
  "width": 0.21436147, 
  "rotation": -1.9211367, 
  "xCenter": 0.569231, 
  "yCenter": 0.42661273, 
  "height": 0.38108706
}