{
  "width": 0.14751373, 
  "rotation": -0.9426414, 
  "xCenter": 0.19830465, 
  "yCenter": 0.6414607, 
  "height": 0.26224664
}