{
  "width": 0.2986906, 
  "rotation": -0.8235527, 
  "xCenter": 0.6690196, 
  "yCenter": 0.45968032, 
  "height": 0.5310055
}