{
  "width": 0.1590941, 
  "rotation": -0.35908508, 
  "xCenter": 0.30506697, 
  "yCenter": 0.33475095, 
  "height": 0.28283393
}