{
  "width": 0.20769426, 
  "rotation": 0.23571765, 
  "xCenter": 0.113827795, 
  "yCenter": 0.32685524, 
  "height": 0.36923423
}