{
  "width": 0.33304754, 
  "rotation": -0.017066836, 
  "xCenter": 0.32032883, 
  "yCenter": 0.7333056, 
  "height": 0.5920845
}