{
  "width": 0.29851943, 
  "rotation": -0.8162087, 
  "xCenter": 0.6648005, 
  "yCenter": 0.4689104, 
  "height": 0.5307012
}