{
  "width": 0.30089355, 
  "rotation": -0.90437996, 
  "xCenter": 0.7065482, 
  "yCenter": 0.3435281, 
  "height": 0.5349219
}