{
  "width": 0.20524168, 
  "rotation": -0.9566084, 
  "xCenter": 0.3612584, 
  "yCenter": 0.54338026, 
  "height": 0.3648741
}