{
  "width": 0.39543697, 
  "rotation": -0.44560254, 
  "xCenter": 0.68469715, 
  "yCenter": 0.7336883, 
  "height": 0.70299906
}