{
  "width": 0.17963867, 
  "rotation": -1.6230501, 
  "xCenter": 0.34297317, 
  "yCenter": 0.7926093, 
  "height": 0.31935763
}