{
  "width": 0.13714997, 
  "rotation": 1.4152558, 
  "xCenter": 0.34880435, 
  "yCenter": 0.7166209, 
  "height": 0.24382217
}