{
  "width": 0.38683513, 
  "rotation": -0.4941827, 
  "xCenter": 0.67943144, 
  "yCenter": 0.74018127, 
  "height": 0.6877068
}