{
  "width": 0.25444943, 
  "rotation": -0.6278881, 
  "xCenter": 0.6775718, 
  "yCenter": 0.328856, 
  "height": 0.45235452
}