{
  "width": 0.27853844, 
  "rotation": -1.6406907, 
  "xCenter": 0.54264724, 
  "yCenter": 0.13697562, 
  "height": 0.4951794
}