{
  "width": 0.1834657, 
  "rotation": 0.71048373, 
  "xCenter": 0.28300804, 
  "yCenter": 0.6489226, 
  "height": 0.32616124
}