{
  "width": 0.23068061, 
  "rotation": 0.18931162, 
  "xCenter": 0.022838743, 
  "yCenter": 0.48634055, 
  "height": 0.41009885
}