{
  "width": 0.17754743, 
  "rotation": 2.7601676, 
  "xCenter": 0.3599266, 
  "yCenter": 0.7883561, 
  "height": 0.31563988
}