{
  "width": 0.29436088, 
  "rotation": -0.9371728, 
  "xCenter": 0.5845, 
  "yCenter": 0.4019877, 
  "height": 0.5233082
}