{
  "width": 0.11228478, 
  "rotation": -2.4081, 
  "xCenter": 0.74269205, 
  "yCenter": 0.42967147, 
  "height": 0.19961739
}