{
  "width": 0.22599402, 
  "rotation": 0.41212356, 
  "xCenter": 0.11960734, 
  "yCenter": 0.33454418, 
  "height": 0.4017672
}