{
  "width": 0.36086333, 
  "rotation": -0.6171676, 
  "xCenter": 0.8494923, 
  "yCenter": 0.6490258, 
  "height": 0.6415348
}