{
  "width": 0.1937899, 
  "rotation": 0.7978612, 
  "xCenter": 0.14249392, 
  "yCenter": 0.4166872, 
  "height": 0.34451538
}