{
  "width": 0.30610284, 
  "rotation": -0.27913368, 
  "xCenter": 0.5675894, 
  "yCenter": 0.6941365, 
  "height": 0.54418284
}