{
  "width": 0.29952675, 
  "rotation": -0.39317846, 
  "xCenter": 0.57568705, 
  "yCenter": 0.72418356, 
  "height": 0.53249204
}