{
  "width": 0.35356444, 
  "rotation": -0.75617254, 
  "xCenter": 0.8220528, 
  "yCenter": 0.6544367, 
  "height": 0.628559
}