{
  "width": 0.23292147, 
  "rotation": -0.8630587, 
  "xCenter": 0.69176114, 
  "yCenter": 0.477221, 
  "height": 0.41408262
}