{
  "width": 0.31324196, 
  "rotation": -1.5858382, 
  "xCenter": 0.47913715, 
  "yCenter": 0.26332712, 
  "height": 0.5568746
}