{
  "width": 0.15852107, 
  "rotation": 0.2654178, 
  "xCenter": 0.16259637, 
  "yCenter": 0.3345707, 
  "height": 0.28181523
}