{
  "width": 0.19753477, 
  "rotation": -0.165995, 
  "xCenter": 0.2950637, 
  "yCenter": 0.3672907, 
  "height": 0.35117292
}