{
  "width": 0.24690568, 
  "rotation": -0.7500764, 
  "xCenter": 0.4119718, 
  "yCenter": 0.5632336, 
  "height": 0.43894345
}