{
  "width": 0.28157967, 
  "rotation": -0.9107162, 
  "xCenter": 0.6011316, 
  "yCenter": 0.23941931, 
  "height": 0.50058603
}