{
  "width": 0.1485151, 
  "rotation": -0.09416592, 
  "xCenter": 0.64408636, 
  "yCenter": 0.52536595, 
  "height": 0.26402685
}