{
  "width": 0.14148447, 
  "rotation": 1.3884989, 
  "xCenter": 0.16946848, 
  "yCenter": 0.44105336, 
  "height": 0.25152794
}