{
  "width": 0.14756504, 
  "rotation": -0.56661355, 
  "xCenter": 0.39231476, 
  "yCenter": 0.57937706, 
  "height": 0.26233783
}