{
  "width": 0.26990634, 
  "rotation": -0.9202317, 
  "xCenter": 0.60253704, 
  "yCenter": 0.23442593, 
  "height": 0.47983348
}