{
  "width": 0.24155001, 
  "rotation": -0.81176436, 
  "xCenter": 0.5261384, 
  "yCenter": 0.74527544, 
  "height": 0.42942223
}