{
  "width": 0.2037601, 
  "rotation": -0.5874778, 
  "xCenter": 0.19306357, 
  "yCenter": 0.5443935, 
  "height": 0.36224017
}