{
  "width": 0.26819673, 
  "rotation": -1.6972607, 
  "xCenter": 0.55961263, 
  "yCenter": 0.19745035, 
  "height": 0.47679418
}