{
  "width": 0.21368168, 
  "rotation": -0.15073216, 
  "xCenter": 0.3020544, 
  "yCenter": 0.43718097, 
  "height": 0.37987855
}