{
  "width": 0.19899003, 
  "rotation": 1.0645082, 
  "xCenter": 0.26077792, 
  "yCenter": 0.35417527, 
  "height": 0.35376006
}