{
  "width": 0.3333113, 
  "rotation": 0.059751153, 
  "xCenter": 0.32024458, 
  "yCenter": 0.7272518, 
  "height": 0.59255344
}