{
  "width": 0.3637957, 
  "rotation": -0.18878174, 
  "xCenter": 0.25366402, 
  "yCenter": 0.69123274, 
  "height": 0.6467479
}