{
  "width": 0.27330518, 
  "rotation": -0.7854396, 
  "xCenter": 0.65590227, 
  "yCenter": 0.320085, 
  "height": 0.48587587
}