{
  "width": 0.23277967, 
  "rotation": -0.34423113, 
  "xCenter": 0.51130617, 
  "yCenter": 0.48909056, 
  "height": 0.41383052
}