{
  "width": 0.27337894, 
  "rotation": -0.63351166, 
  "xCenter": 0.6625985, 
  "yCenter": 0.3977129, 
  "height": 0.48600703
}