{
  "width": 0.26833972, 
  "rotation": -0.7705015, 
  "xCenter": 0.691796, 
  "yCenter": 0.36372244, 
  "height": 0.4770484
}