{
  "width": 0.20026094, 
  "rotation": 0.21891356, 
  "xCenter": 0.13205372, 
  "yCenter": 0.42943105, 
  "height": 0.35601944
}