{
  "width": 0.17419031, 
  "rotation": 0.15927398, 
  "xCenter": 0.15631531, 
  "yCenter": 0.33305407, 
  "height": 0.30967167
}