{
  "width": 0.27086148, 
  "rotation": -0.72719014, 
  "xCenter": 0.6520177, 
  "yCenter": 0.39091605, 
  "height": 0.48153153
}