{
  "width": 0.17709418, 
  "rotation": 0.45108068, 
  "xCenter": 0.19815856, 
  "yCenter": 0.2795935, 
  "height": 0.3148341
}