{
  "width": 0.320971, 
  "rotation": -0.22175193, 
  "xCenter": 0.57513857, 
  "yCenter": 0.7183047, 
  "height": 0.5706152
}