{
  "width": 0.20863655, 
  "rotation": 0.8136139, 
  "xCenter": 0.14481993, 
  "yCenter": 0.37231186, 
  "height": 0.37090945
}