{
  "width": 0.25454116, 
  "rotation": -1.8643192, 
  "xCenter": 0.25385404, 
  "yCenter": 0.69236004, 
  "height": 0.45251763
}