{
  "width": 0.14925425, 
  "rotation": -0.075083494, 
  "xCenter": 0.6423647, 
  "yCenter": 0.5254141, 
  "height": 0.2653409
}