{
  "width": 0.26419687, 
  "rotation": 0.18901968, 
  "xCenter": 0.10069087, 
  "yCenter": 0.58091426, 
  "height": 0.46968332
}