{
  "width": 0.21289188, 
  "rotation": -1.4684678, 
  "xCenter": 0.457491, 
  "yCenter": 0.7068227, 
  "height": 0.37847444
}