{
  "width": 0.2242576, 
  "rotation": -0.98027813, 
  "xCenter": 0.6183202, 
  "yCenter": 0.4647488, 
  "height": 0.39868018
}