{
  "width": 0.111106455, 
  "rotation": -0.82433856, 
  "xCenter": 0.57996774, 
  "yCenter": 0.8199133, 
  "height": 0.19752258
}