{
  "width": 0.18397756, 
  "rotation": 0.41269934, 
  "xCenter": 0.20756839, 
  "yCenter": 0.4394797, 
  "height": 0.32707122
}