{
  "width": 0.2197023, 
  "rotation": -0.46238172, 
  "xCenter": 0.2812075, 
  "yCenter": 0.44580737, 
  "height": 0.39058185
}