{
  "width": 0.1754612, 
  "rotation": -0.15064573, 
  "xCenter": 0.5754523, 
  "yCenter": 0.49189806, 
  "height": 0.311931
}