{
  "width": 0.1908702, 
  "rotation": -0.32907033, 
  "xCenter": 0.2954074, 
  "yCenter": 0.43798155, 
  "height": 0.3393248
}