{
  "width": 0.22176005, 
  "rotation": 3.1005235, 
  "xCenter": 0.1480539, 
  "yCenter": 0.89375657, 
  "height": 0.3942401
}