{
  "width": 0.28797895, 
  "rotation": 0.15807831, 
  "xCenter": 0.1423882, 
  "yCenter": 0.28553852, 
  "height": 0.5119626
}