{
  "width": 0.21303903, 
  "rotation": -0.5122534, 
  "xCenter": 0.5522156, 
  "yCenter": 0.59371567, 
  "height": 0.37873605
}