{
  "width": 0.30451044, 
  "rotation": -2.1397054, 
  "xCenter": 0.53637516, 
  "yCenter": 0.2763599, 
  "height": 0.5413519
}