{
  "width": 0.19570555, 
  "rotation": -0.34503484, 
  "xCenter": 0.55081064, 
  "yCenter": 0.52553505, 
  "height": 0.34792098
}