{
  "width": 0.31532106, 
  "rotation": -0.22504652, 
  "xCenter": 0.57245517, 
  "yCenter": 0.71165985, 
  "height": 0.5605708
}