{
  "width": 0.37834772, 
  "rotation": -0.5113622, 
  "xCenter": 0.6698092, 
  "yCenter": 0.74587387, 
  "height": 0.67261815
}