{
  "width": 0.32117945, 
  "rotation": -1.4116563, 
  "xCenter": 0.54152805, 
  "yCenter": 0.28571957, 
  "height": 0.57098573
}