{
  "width": 0.30167872, 
  "rotation": 0.16699791, 
  "xCenter": 0.14430568, 
  "yCenter": 0.27732852, 
  "height": 0.5363177
}