{
  "width": 0.18659474, 
  "rotation": 0.30450487, 
  "xCenter": 0.13243075, 
  "yCenter": 0.6371072, 
  "height": 0.331724
}