{
  "width": 0.2627189, 
  "rotation": -0.8728019, 
  "xCenter": 0.70727104, 
  "yCenter": 0.3783388, 
  "height": 0.4670558
}