{
  "width": 0.19487312, 
  "rotation": -0.4183401, 
  "xCenter": 0.07667181, 
  "yCenter": 0.42399883, 
  "height": 0.34644112
}