{
  "width": 0.14936596, 
  "rotation": 1.1425103, 
  "xCenter": 0.27400953, 
  "yCenter": 0.4119336, 
  "height": 0.26553947
}