{
  "width": 0.3422492, 
  "rotation": -0.36030316, 
  "xCenter": 0.30101013, 
  "yCenter": 0.77119017, 
  "height": 0.6084431
}