{
  "width": 0.17901304, 
  "rotation": -2.4831712, 
  "xCenter": 0.94362986, 
  "yCenter": 0.88387614, 
  "height": 0.3182454
}