{
  "width": 0.26370248, 
  "rotation": -0.82292736, 
  "xCenter": 0.70175445, 
  "yCenter": 0.36847505, 
  "height": 0.46880442
}