{
  "width": 0.27677065, 
  "rotation": -0.26270282, 
  "xCenter": 0.44365692, 
  "yCenter": 0.288028, 
  "height": 0.49203676
}