{
  "width": 0.2091813, 
  "rotation": -0.61264765, 
  "xCenter": 0.35292265, 
  "yCenter": 0.57602316, 
  "height": 0.37187788
}