{
  "width": 0.27150998, 
  "rotation": -1.0715512, 
  "xCenter": 0.36646765, 
  "yCenter": 0.5498991, 
  "height": 0.48268443
}