{
  "width": 0.3439792, 
  "rotation": -0.47869408, 
  "xCenter": 0.18758143, 
  "yCenter": 0.75761217, 
  "height": 0.6115186
}