{
  "width": 0.16228792, 
  "rotation": 0.15489566, 
  "xCenter": 0.13203827, 
  "yCenter": 0.4579889, 
  "height": 0.28851184
}