{
  "width": 0.33649957, 
  "rotation": -0.658579, 
  "xCenter": 0.23913145, 
  "yCenter": 0.8398558, 
  "height": 0.5982214
}