{
  "width": 0.100835994, 
  "rotation": -3.0003936, 
  "xCenter": 0.33998996, 
  "yCenter": 0.8242884, 
  "height": 0.17926398
}