{
  "width": 0.259347, 
  "rotation": -0.38982928, 
  "xCenter": 0.50626737, 
  "yCenter": 0.30340022, 
  "height": 0.46106133
}