{
  "width": 0.22397415, 
  "rotation": -1.0903045, 
  "xCenter": 0.42168546, 
  "yCenter": 0.62753874, 
  "height": 0.39817628
}