{
  "width": 0.16506648, 
  "rotation": -0.42085624, 
  "xCenter": 0.39283335, 
  "yCenter": 0.5724589, 
  "height": 0.29345152
}