{
  "width": 0.17186217, 
  "rotation": 1.0259746, 
  "xCenter": 0.16602074, 
  "yCenter": 0.55936164, 
  "height": 0.30553275
}