{
  "width": 0.1995947, 
  "rotation": -0.32807028, 
  "xCenter": 0.28561467, 
  "yCenter": 0.60475594, 
  "height": 0.35483506
}