{
  "width": 0.19052832, 
  "rotation": 0.8554895, 
  "xCenter": 0.12325981, 
  "yCenter": 0.27744332, 
  "height": 0.33871704
}