{
  "width": 0.18679047, 
  "rotation": -0.16821694, 
  "xCenter": 0.34122324, 
  "yCenter": 0.43444005, 
  "height": 0.33207193
}