{
  "width": 0.18398796, 
  "rotation": -1.3558985, 
  "xCenter": 0.2826177, 
  "yCenter": 0.6438979, 
  "height": 0.3270897
}