{
  "width": 0.21813613, 
  "rotation": 0.6948662, 
  "xCenter": 0.18157744, 
  "yCenter": 0.45991, 
  "height": 0.38779756
}