{
  "width": 0.28454465, 
  "rotation": 0.04122746, 
  "xCenter": 0.13540517, 
  "yCenter": 0.28770903, 
  "height": 0.50585717
}