{
  "width": 0.15700608, 
  "rotation": 0.27698672, 
  "xCenter": 0.40661505, 
  "yCenter": 0.5517298, 
  "height": 0.27912194
}