{
  "width": 0.15750729, 
  "rotation": 0.9760133, 
  "xCenter": 0.24845205, 
  "yCenter": 0.41785336, 
  "height": 0.28001297
}