{
  "width": 0.18851918, 
  "rotation": -1.2768971, 
  "xCenter": 0.31754595, 
  "yCenter": 0.7249174, 
  "height": 0.33514524
}