{
  "width": 0.34244025, 
  "rotation": -1.675886, 
  "xCenter": 0.48116106, 
  "yCenter": 0.33232075, 
  "height": 0.60878265
}