{
  "width": 0.29767898, 
  "rotation": -1.0673946, 
  "xCenter": 0.58367753, 
  "yCenter": 0.40515783, 
  "height": 0.52920705
}