{
  "width": 0.17102051, 
  "rotation": -1.2694253, 
  "xCenter": 0.32873422, 
  "yCenter": 0.765995, 
  "height": 0.30403647
}