{
  "width": 0.20103729, 
  "rotation": 1.0014412, 
  "xCenter": 0.18909124, 
  "yCenter": 0.3876087, 
  "height": 0.3573996
}