{
  "width": 0.2664974, 
  "rotation": 0.24955547, 
  "xCenter": 0.14800522, 
  "yCenter": 0.2760021, 
  "height": 0.47377318
}