{
  "width": 0.18101217, 
  "rotation": 0.50988793, 
  "xCenter": 0.13728099, 
  "yCenter": 0.44983393, 
  "height": 0.3217994
}