{
  "width": 0.15550195, 
  "rotation": 0.8750678, 
  "xCenter": 0.25386035, 
  "yCenter": 0.39826185, 
  "height": 0.27644792
}