{
  "width": 0.23202713, 
  "rotation": -0.80113375, 
  "xCenter": 0.66613287, 
  "yCenter": 0.32897657, 
  "height": 0.4124927
}