{
  "width": 0.20495994, 
  "rotation": -0.04811263, 
  "xCenter": 0.119904354, 
  "yCenter": 0.4220456, 
  "height": 0.36437324
}