{
  "width": 0.25915182, 
  "rotation": -0.9208361, 
  "xCenter": 0.6087404, 
  "yCenter": 0.23959792, 
  "height": 0.46071434
}