{
  "width": 0.21542838, 
  "rotation": 0.59806114, 
  "xCenter": 0.098550774, 
  "yCenter": 0.4146154, 
  "height": 0.3829838
}