{
  "width": 0.3096416, 
  "rotation": -0.09369552, 
  "xCenter": 0.11373653, 
  "yCenter": 0.28656685, 
  "height": 0.550474
}