{
  "width": 0.2128594, 
  "rotation": 0.6072562, 
  "xCenter": 0.15482335, 
  "yCenter": 0.5211143, 
  "height": 0.37841672
}