{
  "width": 0.1998063, 
  "rotation": 0.92429686, 
  "xCenter": 0.18439774, 
  "yCenter": 0.4336929, 
  "height": 0.3552112
}