{
  "width": 0.21249011, 
  "rotation": 1.925199, 
  "xCenter": 0.22268379, 
  "yCenter": 0.8203877, 
  "height": 0.3777602
}