{
  "width": 0.3236167, 
  "rotation": -0.5415944, 
  "xCenter": 0.23719482, 
  "yCenter": 0.83126104, 
  "height": 0.5753186
}