{
  "width": 0.25703079, 
  "rotation": -0.2334454, 
  "xCenter": 0.54638004, 
  "yCenter": 0.5569924, 
  "height": 0.45694363
}