{
  "width": 0.21319756, 
  "rotation": 0.41510558, 
  "xCenter": 0.121559896, 
  "yCenter": 0.42856216, 
  "height": 0.37901786
}