{
  "width": 0.17419264, 
  "rotation": -0.8759285, 
  "xCenter": 0.052957132, 
  "yCenter": 0.56956047, 
  "height": 0.3096758
}