{
  "width": 0.1595277, 
  "rotation": 0.6371335, 
  "xCenter": 0.19306965, 
  "yCenter": 0.31722718, 
  "height": 0.28360483
}