{
  "width": 0.2503444, 
  "rotation": -0.10946727, 
  "xCenter": 0.07221064, 
  "yCenter": 0.37526953, 
  "height": 0.4450567
}