{
  "width": 0.2811821, 
  "rotation": -0.9089993, 
  "xCenter": 0.59104645, 
  "yCenter": 0.40170324, 
  "height": 0.4998793
}