{
  "width": 0.19875152, 
  "rotation": -0.34103894, 
  "xCenter": 0.39671087, 
  "yCenter": 0.55479026, 
  "height": 0.35333604
}