{
  "width": 0.17609848, 
  "rotation": 1.159667, 
  "xCenter": 0.25189683, 
  "yCenter": 0.44825396, 
  "height": 0.31306395
}