{
  "width": 0.27637038, 
  "rotation": -0.3647473, 
  "xCenter": 0.5010047, 
  "yCenter": 0.29703134, 
  "height": 0.4913251
}