{
  "width": 0.26319838, 
  "rotation": -0.953097, 
  "xCenter": 0.6736868, 
  "yCenter": 0.47271758, 
  "height": 0.46790823
}