{
  "width": 0.20653892, 
  "rotation": -0.26008058, 
  "xCenter": 0.11252481, 
  "yCenter": 0.44038144, 
  "height": 0.3671803
}