{
  "width": 0.33239928, 
  "rotation": -1.0023667, 
  "xCenter": 0.5949757, 
  "yCenter": 0.39481294, 
  "height": 0.5909321
}