{
  "width": 0.2809735, 
  "rotation": -0.9370161, 
  "xCenter": 0.7084725, 
  "yCenter": 0.41490576, 
  "height": 0.49950847
}