{
  "width": 0.24849577, 
  "rotation": 0.13978255, 
  "xCenter": 0.097662546, 
  "yCenter": 0.24651682, 
  "height": 0.4417703
}