{
  "width": 0.31121042, 
  "rotation": -0.9382781, 
  "xCenter": 0.64039063, 
  "yCenter": 0.2554275, 
  "height": 0.55326295
}