{
  "width": 0.31719142, 
  "rotation": -0.84508383, 
  "xCenter": 0.61719465, 
  "yCenter": 0.4254933, 
  "height": 0.5638958
}