{
  "width": 0.19745085, 
  "rotation": -0.23576999, 
  "xCenter": 0.5427257, 
  "yCenter": 0.4888641, 
  "height": 0.3510237
}