{
  "width": 0.28763902, 
  "rotation": -0.8649782, 
  "xCenter": 0.7308472, 
  "yCenter": 0.41053903, 
  "height": 0.51135826
}