{
  "width": 0.18732831, 
  "rotation": 0.010417819, 
  "xCenter": 0.26731065, 
  "yCenter": 0.41364986, 
  "height": 0.33302808
}