{
  "width": 0.2712161, 
  "rotation": -0.22335243, 
  "xCenter": 0.2902611, 
  "yCenter": 0.6945701, 
  "height": 0.48216194
}