{
  "width": 0.2341208, 
  "rotation": -0.4681276, 
  "xCenter": 0.298453, 
  "yCenter": 0.46344477, 
  "height": 0.41621476
}