{
  "width": 0.2998109, 
  "rotation": -1.8773421, 
  "xCenter": 0.5209064, 
  "yCenter": 0.13411778, 
  "height": 0.53299713
}