{
  "width": 0.39024848, 
  "rotation": -0.7797271, 
  "xCenter": 0.6425758, 
  "yCenter": 0.8258798, 
  "height": 0.69377506
}