{
  "width": 0.20543131, 
  "rotation": -1.7311333, 
  "xCenter": 0.28226966, 
  "yCenter": 0.6792658, 
  "height": 0.36521122
}