{
  "width": 0.20002857, 
  "rotation": -0.18285072, 
  "xCenter": 0.29476446, 
  "yCenter": 0.43655458, 
  "height": 0.35560635
}