{
  "width": 0.39448777, 
  "rotation": -0.44258797, 
  "xCenter": 0.66145533, 
  "yCenter": 0.7862487, 
  "height": 0.7013115
}