{
  "width": 0.3287734, 
  "rotation": -0.4964348, 
  "xCenter": 0.18448295, 
  "yCenter": 0.7518984, 
  "height": 0.584486
}