{
  "width": 0.27123356, 
  "rotation": -0.21968853, 
  "xCenter": 0.4514008, 
  "yCenter": 0.3024183, 
  "height": 0.48219305
}