{
  "width": 0.25154153, 
  "rotation": -0.9479152, 
  "xCenter": 0.52005875, 
  "yCenter": 0.77380204, 
  "height": 0.44718492
}