{
  "width": 0.20094141, 
  "rotation": -0.23773777, 
  "xCenter": 0.10563726, 
  "yCenter": 0.59937024, 
  "height": 0.35722917
}