{
  "width": 0.2109642, 
  "rotation": -1.9353617, 
  "xCenter": 0.57639545, 
  "yCenter": 0.45415545, 
  "height": 0.37504748
}