{
  "width": 0.18524602, 
  "rotation": -1.2905563, 
  "xCenter": 0.32051668, 
  "yCenter": 0.71466845, 
  "height": 0.32932627
}