{
  "width": 0.3016798, 
  "rotation": -0.78703463, 
  "xCenter": 0.70834255, 
  "yCenter": 0.3171652, 
  "height": 0.5363196
}