{
  "width": 0.16823171, 
  "rotation": 0.17619681, 
  "xCenter": 0.40302104, 
  "yCenter": 0.5589924, 
  "height": 0.2990786
}