{
  "width": 0.1770122, 
  "rotation": 0.87877035, 
  "xCenter": 0.11286788, 
  "yCenter": 0.27310392, 
  "height": 0.31468835
}