{
  "width": 0.1830668, 
  "rotation": -0.3417561, 
  "xCenter": 0.29073536, 
  "yCenter": 0.3526785, 
  "height": 0.3254521
}