{
  "width": 0.23149325, 
  "rotation": -0.5115787, 
  "xCenter": 0.2737803, 
  "yCenter": 0.52999735, 
  "height": 0.41154355
}