{
  "width": 0.25351804, 
  "rotation": -1.3145264, 
  "xCenter": 0.4322566, 
  "yCenter": 0.71460545, 
  "height": 0.45069873
}