{
  "width": 0.17733562, 
  "rotation": -0.37483907, 
  "xCenter": 0.29286835, 
  "yCenter": 0.35278222, 
  "height": 0.31526333
}