{
  "width": 0.29481545, 
  "rotation": -1.5142323, 
  "xCenter": 0.48810104, 
  "yCenter": 0.2587043, 
  "height": 0.52411634
}