{
  "width": 0.177112, 
  "rotation": 0.1203984, 
  "xCenter": 0.28649148, 
  "yCenter": 0.60125494, 
  "height": 0.3148658
}