{
  "width": 0.23358746, 
  "rotation": -2.2570736, 
  "xCenter": 0.47543862, 
  "yCenter": 0.6244743, 
  "height": 0.4152666
}