{
  "width": 0.17177081, 
  "rotation": 1.1582232, 
  "xCenter": 0.24498078, 
  "yCenter": 0.45788038, 
  "height": 0.30537033
}