{
  "width": 0.26350117, 
  "rotation": -0.87935674, 
  "xCenter": 0.7178502, 
  "yCenter": 0.46247792, 
  "height": 0.46844655
}