{
  "width": 0.19344768, 
  "rotation": 0.3117696, 
  "xCenter": 0.1409831, 
  "yCenter": 0.4949633, 
  "height": 0.343907
}