{
  "width": 0.14399648, 
  "rotation": 0.6194337, 
  "xCenter": 0.41343418, 
  "yCenter": 0.5517888, 
  "height": 0.25599375
}