{
  "width": 0.18925503, 
  "rotation": 0.92874855, 
  "xCenter": 0.20783022, 
  "yCenter": 0.39544564, 
  "height": 0.33645338
}