{
  "width": 0.3526746, 
  "rotation": -2.4416516, 
  "xCenter": 0.65653455, 
  "yCenter": 0.6972543, 
  "height": 0.626977
}