{
  "width": 0.26388943, 
  "rotation": 0.24670672, 
  "xCenter": 0.18038772, 
  "yCenter": 0.25666168, 
  "height": 0.46913677
}