{
  "width": 0.20881192, 
  "rotation": -0.40963495, 
  "xCenter": 0.49921983, 
  "yCenter": 0.47058475, 
  "height": 0.37122118
}