{
  "width": 0.20835444, 
  "rotation": -1.3748373, 
  "xCenter": 0.34231135, 
  "yCenter": 0.24919276, 
  "height": 0.37040788
}