{
  "width": 0.28735238, 
  "rotation": -0.32080746, 
  "xCenter": 0.49260148, 
  "yCenter": 0.29187548, 
  "height": 0.51084864
}