{
  "width": 0.2503514, 
  "rotation": -0.48159802, 
  "xCenter": 0.40791658, 
  "yCenter": 0.66397375, 
  "height": 0.44506916
}