{
  "width": 0.29105926, 
  "rotation": -1.3366066, 
  "xCenter": 0.53510684, 
  "yCenter": 0.34454572, 
  "height": 0.51743865
}