{
  "width": 0.34887993, 
  "rotation": -0.9334382, 
  "xCenter": 0.60899794, 
  "yCenter": 0.40642697, 
  "height": 0.62023103
}