{
  "width": 0.2842676, 
  "rotation": -0.25315166, 
  "xCenter": 0.44476444, 
  "yCenter": 0.2867061, 
  "height": 0.5053646
}