{
  "width": 0.31281954, 
  "rotation": -1.3258191, 
  "xCenter": 0.54205185, 
  "yCenter": 0.15814644, 
  "height": 0.5561237
}