{
  "width": 0.27791828, 
  "rotation": -0.9980885, 
  "xCenter": 0.6699226, 
  "yCenter": 0.4753559, 
  "height": 0.49407697
}