{
  "width": 0.27366742, 
  "rotation": 0.18213987, 
  "xCenter": 0.08988397, 
  "yCenter": 0.57797617, 
  "height": 0.48651987
}