{
  "width": 0.25246483, 
  "rotation": -0.5994166, 
  "xCenter": 0.4143394, 
  "yCenter": 0.7131376, 
  "height": 0.4488264
}