{
  "width": 0.28123656, 
  "rotation": -0.26969588, 
  "xCenter": 0.4278892, 
  "yCenter": 0.30956516, 
  "height": 0.4999761
}