{
  "width": 0.19636418, 
  "rotation": 1.0165539, 
  "xCenter": 0.21867281, 
  "yCenter": 0.385646, 
  "height": 0.34909186
}