{
  "width": 0.3006937, 
  "rotation": -0.26633954, 
  "xCenter": 0.5801166, 
  "yCenter": 0.72820693, 
  "height": 0.5345666
}