{
  "width": 0.18479335, 
  "rotation": -2.3566067, 
  "xCenter": 0.3400752, 
  "yCenter": 0.78831977, 
  "height": 0.3285215
}