{
  "width": 0.07239731, 
  "rotation": 1.3439317, 
  "xCenter": 0.16888607, 
  "yCenter": 0.08190729, 
  "height": 0.12870632
}