{
  "width": 0.22596808, 
  "rotation": 0.29483175, 
  "xCenter": 0.15239912, 
  "yCenter": 0.4841365, 
  "height": 0.40172103
}