{
  "width": 0.2978467, 
  "rotation": -0.23899531, 
  "xCenter": 0.58602864, 
  "yCenter": 0.6890748, 
  "height": 0.52950525
}