{
  "width": 0.2148637, 
  "rotation": -0.58889997, 
  "xCenter": 0.758153, 
  "yCenter": 0.21750945, 
  "height": 0.3819799
}