{
  "width": 0.23617682, 
  "rotation": 0.26960146, 
  "xCenter": 0.079158984, 
  "yCenter": 0.4841913, 
  "height": 0.4198699
}