{
  "width": 0.30486804, 
  "rotation": -0.86511767, 
  "xCenter": 0.71534145, 
  "yCenter": 0.34272933, 
  "height": 0.5419876
}