{
  "width": 0.24108268, 
  "rotation": -0.61718595, 
  "xCenter": 0.2788525, 
  "yCenter": 0.5104967, 
  "height": 0.42859146
}