{
  "width": 0.14996004, 
  "rotation": -0.4613248, 
  "xCenter": 0.35135722, 
  "yCenter": 0.39896232, 
  "height": 0.26659563
}