{
  "width": 0.14796594, 
  "rotation": 0.4450022, 
  "xCenter": 0.50453126, 
  "yCenter": 0.5227206, 
  "height": 0.26305056
}