{
  "width": 0.30772012, 
  "rotation": -0.7718979, 
  "xCenter": 0.6793575, 
  "yCenter": 0.7720812, 
  "height": 0.54705805
}