{
  "width": 0.30113196, 
  "rotation": -1.4105195, 
  "xCenter": 0.5248946, 
  "yCenter": 0.4110492, 
  "height": 0.53534573
}