{
  "width": 0.19402534, 
  "rotation": -0.5827633, 
  "xCenter": 0.32274875, 
  "yCenter": 0.47900468, 
  "height": 0.34493393
}