{
  "width": 0.21151386, 
  "rotation": -0.23921275, 
  "xCenter": 0.06122742, 
  "yCenter": 0.39437407, 
  "height": 0.37602466
}