{
  "width": 0.24006592, 
  "rotation": -2.0681036, 
  "xCenter": 0.4941306, 
  "yCenter": 0.68641907, 
  "height": 0.42678386
}