{
  "width": 0.3813365, 
  "rotation": -0.388381, 
  "xCenter": 0.18417709, 
  "yCenter": 0.7466775, 
  "height": 0.6779316
}