{
  "width": 0.21789749, 
  "rotation": -0.19540441, 
  "xCenter": 0.114496164, 
  "yCenter": 0.42259073, 
  "height": 0.3873733
}