{
  "width": 0.21437593, 
  "rotation": 0.64160883, 
  "xCenter": 0.098151654, 
  "yCenter": 0.41970587, 
  "height": 0.38111278
}