{
  "width": 0.17963928, 
  "rotation": 0.6232774, 
  "xCenter": 0.13371518, 
  "yCenter": 0.25994286, 
  "height": 0.31935874
}