{
  "width": 0.27111673, 
  "rotation": -0.22314095, 
  "xCenter": 0.44707954, 
  "yCenter": 0.29258302, 
  "height": 0.4819853
}