{
  "width": 0.23835497, 
  "rotation": -2.0642664, 
  "xCenter": 0.5004776, 
  "yCenter": 0.7626087, 
  "height": 0.42374215
}