{
  "width": 0.19907355, 
  "rotation": -0.5075809, 
  "xCenter": 0.051800836, 
  "yCenter": 0.41827795, 
  "height": 0.35390857
}