{
  "width": 0.3756929, 
  "rotation": -0.40136456, 
  "xCenter": 0.68868226, 
  "yCenter": 0.7407897, 
  "height": 0.6678985
}