{
  "width": 0.24166344, 
  "rotation": -0.5996703, 
  "xCenter": 0.7657068, 
  "yCenter": 0.50909114, 
  "height": 0.42962393
}