{
  "width": 0.24661806, 
  "rotation": -0.43477738, 
  "xCenter": 0.310389, 
  "yCenter": 0.53266466, 
  "height": 0.4384321
}