{
  "width": 0.35132164, 
  "rotation": -0.49059355, 
  "xCenter": 0.20230292, 
  "yCenter": 0.7349432, 
  "height": 0.6245718
}