{
  "width": 0.34020972, 
  "rotation": -0.47299874, 
  "xCenter": 0.6622597, 
  "yCenter": 0.8571961, 
  "height": 0.6048173
}