{
  "width": 0.19735089, 
  "rotation": -0.23792517, 
  "xCenter": 0.556073, 
  "yCenter": 0.49248627, 
  "height": 0.35084602
}