{
  "width": 0.12050748, 
  "rotation": -1.1780351, 
  "xCenter": 0.005596017, 
  "yCenter": 0.62278056, 
  "height": 0.21423551
}