{
  "width": 0.17876555, 
  "rotation": 0.7771174, 
  "xCenter": 0.16143738, 
  "yCenter": 0.4875411, 
  "height": 0.31780544
}