{
  "width": 0.23722869, 
  "rotation": -0.5274488, 
  "xCenter": 0.34183437, 
  "yCenter": 0.40658468, 
  "height": 0.4217399
}