{
  "width": 0.20105426, 
  "rotation": -0.2744875, 
  "xCenter": 0.55771923, 
  "yCenter": 0.49405348, 
  "height": 0.3574298
}