{
  "width": 0.30847967, 
  "rotation": -1.7549428, 
  "xCenter": 0.5019367, 
  "yCenter": 0.36865738, 
  "height": 0.54840827
}