{
  "width": 0.2662133, 
  "rotation": 0.054782987, 
  "xCenter": 0.13903576, 
  "yCenter": 0.28936407, 
  "height": 0.47326803
}