{
  "width": 0.20420654, 
  "rotation": -1.2719136, 
  "xCenter": 0.4659751, 
  "yCenter": 0.67920935, 
  "height": 0.36303386
}