{
  "width": 0.24738006, 
  "rotation": -1.0382601, 
  "xCenter": 0.45214796, 
  "yCenter": 0.7494874, 
  "height": 0.43978676
}