{
  "width": 0.32097474, 
  "rotation": -0.5202476, 
  "xCenter": 0.6902721, 
  "yCenter": 0.82988995, 
  "height": 0.5706218
}