{
  "width": 0.24181098, 
  "rotation": -0.46687925, 
  "xCenter": 0.4752935, 
  "yCenter": 0.4259119, 
  "height": 0.42988616
}