{
  "width": 0.20033023, 
  "rotation": -0.3008871, 
  "xCenter": 0.35033554, 
  "yCenter": 0.50583154, 
  "height": 0.35614264
}