{
  "width": 0.2832643, 
  "rotation": -0.29563844, 
  "xCenter": 0.42569572, 
  "yCenter": 0.3059504, 
  "height": 0.503581
}