{
  "width": 0.27578992, 
  "rotation": 0.08335042, 
  "xCenter": 0.15096338, 
  "yCenter": 0.28725052, 
  "height": 0.49029315
}