{
  "width": 0.20576277, 
  "rotation": 0.3923025, 
  "xCenter": 0.16654557, 
  "yCenter": 0.33593458, 
  "height": 0.3658005
}