{
  "width": 0.18004438, 
  "rotation": 0.76724344, 
  "xCenter": 0.1478262, 
  "yCenter": 0.26056498, 
  "height": 0.3200789
}