{
  "width": 0.16823725, 
  "rotation": 0.41394997, 
  "xCenter": 0.1012329, 
  "yCenter": 0.43730113, 
  "height": 0.29908845
}