{
  "width": 0.24278669, 
  "rotation": 0.1713103, 
  "xCenter": 0.06772502, 
  "yCenter": 0.51036793, 
  "height": 0.43162078
}