{
  "width": 0.28057703, 
  "rotation": 0.060121417, 
  "xCenter": 0.14426163, 
  "yCenter": 0.29506242, 
  "height": 0.49880362
}