{
  "width": 0.280514, 
  "rotation": -0.89822733, 
  "xCenter": 0.6729751, 
  "yCenter": 0.3494412, 
  "height": 0.4986916
}