{
  "width": 0.36580124, 
  "rotation": -0.73171294, 
  "xCenter": 0.8015336, 
  "yCenter": 0.6263153, 
  "height": 0.6503133
}