{
  "width": 0.2252409, 
  "rotation": -1.2831577, 
  "xCenter": 0.58526933, 
  "yCenter": 0.2626149, 
  "height": 0.40042827
}