{
  "width": 0.2719527, 
  "rotation": -0.20579219, 
  "xCenter": 0.45508897, 
  "yCenter": 0.3297143, 
  "height": 0.4834714
}