{
  "width": 0.29636693, 
  "rotation": -1.0350062, 
  "xCenter": 0.67926604, 
  "yCenter": 0.31626213, 
  "height": 0.5268746
}