{
  "width": 0.23937683, 
  "rotation": -2.1104934, 
  "xCenter": 0.48958308, 
  "yCenter": 0.68337005, 
  "height": 0.4255588
}