{
  "width": 0.20466363, 
  "rotation": -0.74668276, 
  "xCenter": 0.4762497, 
  "yCenter": 0.47961968, 
  "height": 0.36384645
}