{
  "width": 0.17843267, 
  "rotation": -1.2389029, 
  "xCenter": 0.5028213, 
  "yCenter": 0.68501776, 
  "height": 0.31721365
}