{
  "width": 0.20733854, 
  "rotation": -0.40133214, 
  "xCenter": 0.54496765, 
  "yCenter": 0.58436334, 
  "height": 0.36860186
}