{
  "width": 0.16524827, 
  "rotation": -2.5552247, 
  "xCenter": 0.94231755, 
  "yCenter": 0.71111685, 
  "height": 0.2937747
}