{
  "width": 0.3303225, 
  "rotation": -0.44059622, 
  "xCenter": 0.33277893, 
  "yCenter": 0.83186007, 
  "height": 0.58724
}