{
  "width": 0.23151806, 
  "rotation": -0.09969413, 
  "xCenter": 0.08802829, 
  "yCenter": 0.46473372, 
  "height": 0.41158766
}