{
  "width": 0.14402501, 
  "rotation": -0.13482535, 
  "xCenter": 0.35458377, 
  "yCenter": 0.67279214, 
  "height": 0.25604448
}