{
  "width": 0.25143814, 
  "rotation": 0.19404757, 
  "xCenter": 0.08245542, 
  "yCenter": 0.36815605, 
  "height": 0.44700116
}