{
  "width": 0.18169779, 
  "rotation": 0.09139192, 
  "xCenter": 0.27748471, 
  "yCenter": 0.43291634, 
  "height": 0.32301828
}