{
  "width": 0.19072816, 
  "rotation": 0.39738333, 
  "xCenter": 0.21405835, 
  "yCenter": 0.22259128, 
  "height": 0.33907226
}