{
  "width": 0.21614301, 
  "rotation": 0.39801633, 
  "xCenter": 0.12074881, 
  "yCenter": 0.52601844, 
  "height": 0.38425425
}