{
  "width": 0.23172043, 
  "rotation": -1.2001978, 
  "xCenter": 0.39579257, 
  "yCenter": 0.5937552, 
  "height": 0.41194746
}