{
  "width": 0.28991416, 
  "rotation": -0.77930176, 
  "xCenter": 0.65286785, 
  "yCenter": 0.3154598, 
  "height": 0.5154029
}