{
  "width": 0.2966479, 
  "rotation": -1.886, 
  "xCenter": 0.4789678, 
  "yCenter": 0.09341642, 
  "height": 0.5273741
}