{
  "width": 0.15196887, 
  "rotation": 0.76790214, 
  "xCenter": 0.2561838, 
  "yCenter": 0.36261103, 
  "height": 0.27016687
}