{
  "width": 0.24837591, 
  "rotation": -0.4291656, 
  "xCenter": 0.68940115, 
  "yCenter": 0.3440302, 
  "height": 0.44155717
}