{
  "width": 0.27756488, 
  "rotation": 0.50886536, 
  "xCenter": 0.17207994, 
  "yCenter": 0.28946579, 
  "height": 0.4934487
}