{
  "width": 0.23770516, 
  "rotation": 0.02742374, 
  "xCenter": 0.44074118, 
  "yCenter": 0.51339287, 
  "height": 0.42258695
}