{
  "width": 0.13625361, 
  "rotation": -0.6363007, 
  "xCenter": 0.4047624, 
  "yCenter": 0.31483665, 
  "height": 0.24222866
}