{
  "width": 0.36930543, 
  "rotation": -0.6893345, 
  "xCenter": 0.8310426, 
  "yCenter": 0.65012825, 
  "height": 0.65654296
}