{
  "width": 0.1780237, 
  "rotation": -0.48458898, 
  "xCenter": 0.532885, 
  "yCenter": 0.49718925, 
  "height": 0.31648657
}