{
  "width": 0.25204092, 
  "rotation": -0.9506866, 
  "xCenter": 0.38112903, 
  "yCenter": 0.53308433, 
  "height": 0.44807276
}