{
  "width": 0.24584924, 
  "rotation": -0.1557529, 
  "xCenter": 0.46069127, 
  "yCenter": 0.29392275, 
  "height": 0.43706533
}