{
  "width": 0.22500633, 
  "rotation": 0.2275132, 
  "xCenter": 0.10819862, 
  "yCenter": 0.42041326, 
  "height": 0.40001127
}