{
  "width": 0.18327415, 
  "rotation": -0.81328833, 
  "xCenter": 0.031760216, 
  "yCenter": 0.54931134, 
  "height": 0.3258207
}