{
  "width": 0.07271078, 
  "rotation": 0.38699758, 
  "xCenter": 0.09447923, 
  "yCenter": 0.67046064, 
  "height": 0.12926361
}