{
  "width": 0.23913027, 
  "rotation": -2.021498, 
  "xCenter": 0.5069148, 
  "yCenter": 0.722878, 
  "height": 0.42512047
}