{
  "width": 0.22669609, 
  "rotation": 0.8605069, 
  "xCenter": 0.10724209, 
  "yCenter": 0.4265522, 
  "height": 0.40301526
}