{
  "width": 0.19641608, 
  "rotation": -0.57328093, 
  "xCenter": 0.092509866, 
  "yCenter": 0.5323042, 
  "height": 0.34918416
}