{
  "width": 0.2859759, 
  "rotation": -0.91242206, 
  "xCenter": 0.6788534, 
  "yCenter": 0.3580006, 
  "height": 0.50840163
}