{
  "width": 0.13731006, 
  "rotation": -0.22981489, 
  "xCenter": 0.4127075, 
  "yCenter": 0.25229505, 
  "height": 0.24410677
}