{
  "width": 0.22296686, 
  "rotation": 0.36681545, 
  "xCenter": 0.12887147, 
  "yCenter": 0.44162285, 
  "height": 0.39638552
}