{
  "width": 0.2618329, 
  "rotation": -2.0215995, 
  "xCenter": 0.48420253, 
  "yCenter": 0.7300271, 
  "height": 0.46548074
}