{
  "width": 0.24725647, 
  "rotation": 0.16758049, 
  "xCenter": 0.0938044, 
  "yCenter": 0.27260774, 
  "height": 0.43956703
}