{
  "width": 0.3481691, 
  "rotation": -0.5113393, 
  "xCenter": 0.76620483, 
  "yCenter": 0.7117994, 
  "height": 0.6189673
}