{
  "width": 0.22407459, 
  "rotation": -0.5890933, 
  "xCenter": 0.7159572, 
  "yCenter": 0.4013449, 
  "height": 0.39835483
}