{
  "width": 0.1435327, 
  "rotation": -0.20173728, 
  "xCenter": 0.58822846, 
  "yCenter": 0.5036105, 
  "height": 0.25516924
}