{
  "width": 0.28281534, 
  "rotation": -1.1235005, 
  "xCenter": 0.67285734, 
  "yCenter": 0.48817214, 
  "height": 0.5027829
}