{
  "width": 0.17806786, 
  "rotation": -0.49209678, 
  "xCenter": 0.08370157, 
  "yCenter": 0.5433497, 
  "height": 0.3165651
}