{
  "width": 0.16600345, 
  "rotation": 1.4206086, 
  "xCenter": 0.16642156, 
  "yCenter": 0.5479187, 
  "height": 0.29511726
}