{
  "width": 0.254065, 
  "rotation": -0.20727777, 
  "xCenter": 0.100451104, 
  "yCenter": 0.30958492, 
  "height": 0.45167112
}