{
  "width": 0.22908174, 
  "rotation": -2.0922787, 
  "xCenter": 0.513861, 
  "yCenter": 0.7070458, 
  "height": 0.40725642
}