{
  "width": 0.3115241, 
  "rotation": -0.6864096, 
  "xCenter": 0.6784729, 
  "yCenter": 0.43825135, 
  "height": 0.5538206
}