{
  "width": 0.24085604, 
  "rotation": -1.2306877, 
  "xCenter": 0.4301739, 
  "yCenter": 0.86541, 
  "height": 0.42818853
}