{
  "width": 0.18496935, 
  "rotation": -1.2184001, 
  "xCenter": 0.33445057, 
  "yCenter": 0.023323258, 
  "height": 0.3288344
}