{
  "width": 0.20029908, 
  "rotation": -0.98006546, 
  "xCenter": 0.62074745, 
  "yCenter": 0.481218, 
  "height": 0.35608724
}