{
  "width": 0.17846176, 
  "rotation": -0.6772748, 
  "xCenter": 0.594826, 
  "yCenter": 0.42873445, 
  "height": 0.31726536
}