{
  "width": 0.27756706, 
  "rotation": -1.2092911, 
  "xCenter": 0.4386753, 
  "yCenter": 0.84672254, 
  "height": 0.49345258
}