{
  "width": 0.18833166, 
  "rotation": -1.2380711, 
  "xCenter": 0.50452536, 
  "yCenter": 0.6817933, 
  "height": 0.33481184
}