{
  "width": 0.22578204, 
  "rotation": 0.14963758, 
  "xCenter": 0.09093953, 
  "yCenter": 0.5443182, 
  "height": 0.40139028
}