{
  "width": 0.23226447, 
  "rotation": 0.34984875, 
  "xCenter": 0.11493524, 
  "yCenter": 0.441189, 
  "height": 0.4129146
}