{
  "width": 0.19456154, 
  "rotation": -0.5904809, 
  "xCenter": 0.28726107, 
  "yCenter": 0.54349756, 
  "height": 0.3458872
}