{
  "width": 0.22840713, 
  "rotation": -0.7297193, 
  "xCenter": 0.26822984, 
  "yCenter": 0.52180177, 
  "height": 0.40605712
}