{
  "width": 0.20363455, 
  "rotation": 0.7460185, 
  "xCenter": 0.18277298, 
  "yCenter": 0.44601822, 
  "height": 0.36201698
}