{
  "width": 0.27026442, 
  "rotation": -0.22381115, 
  "xCenter": 0.44670624, 
  "yCenter": 0.29140276, 
  "height": 0.48047006
}