{
  "width": 0.38232633, 
  "rotation": -0.75453603, 
  "xCenter": 0.8530493, 
  "yCenter": 0.666656, 
  "height": 0.67969126
}