{
  "width": 0.24574324, 
  "rotation": -0.5035101, 
  "xCenter": 0.40998292, 
  "yCenter": 0.68786186, 
  "height": 0.4368769
}