{
  "width": 0.22883148, 
  "rotation": 0.119543195, 
  "xCenter": 0.11421538, 
  "yCenter": 0.5711641, 
  "height": 0.40681154
}