{
  "width": 0.19559072, 
  "rotation": -0.7218448, 
  "xCenter": 0.5167272, 
  "yCenter": 0.59245795, 
  "height": 0.34771684
}