{
  "width": 0.29116043, 
  "rotation": -0.8014904, 
  "xCenter": 0.70171326, 
  "yCenter": 0.4173916, 
  "height": 0.5176186
}