{
  "width": 0.27591878, 
  "rotation": -0.8818773, 
  "xCenter": 0.73059624, 
  "yCenter": 0.452142, 
  "height": 0.4905223
}