{
  "width": 0.24443796, 
  "rotation": 0.28452384, 
  "xCenter": 0.19795571, 
  "yCenter": 0.28220624, 
  "height": 0.4345564
}