{
  "width": 0.25432932, 
  "rotation": -0.977635, 
  "xCenter": 0.70133406, 
  "yCenter": 0.48408917, 
  "height": 0.45214102
}