{
  "width": 0.2482513, 
  "rotation": -0.221668, 
  "xCenter": 0.59342515, 
  "yCenter": 0.6575443, 
  "height": 0.44133565
}