{
  "width": 0.25485706, 
  "rotation": 3.0947075, 
  "xCenter": 0.3204674, 
  "yCenter": 0.7876339, 
  "height": 0.45307925
}