{
  "width": 0.3005206, 
  "rotation": -0.828374, 
  "xCenter": 0.65066767, 
  "yCenter": 0.4773628, 
  "height": 0.53425884
}