{
  "width": 0.19705063, 
  "rotation": 0.77326185, 
  "xCenter": 0.13432708, 
  "yCenter": 0.4825792, 
  "height": 0.35031223
}