{
  "width": 0.29852146, 
  "rotation": -0.2076782, 
  "xCenter": 0.29389003, 
  "yCenter": 0.7568154, 
  "height": 0.5307048
}