{
  "width": 0.19242431, 
  "rotation": 0.2903055, 
  "xCenter": 0.14443582, 
  "yCenter": 0.4665217, 
  "height": 0.3420877
}