{
  "width": 0.19947103, 
  "rotation": 0.9989826, 
  "xCenter": 0.20655164, 
  "yCenter": 0.47178328, 
  "height": 0.35461515
}