{
  "width": 0.1500999, 
  "rotation": -1.2186028, 
  "xCenter": 0.5667457, 
  "yCenter": 0.8097271, 
  "height": 0.26684427
}