{
  "width": 0.21478765, 
  "rotation": -0.3337643, 
  "xCenter": 0.5225051, 
  "yCenter": 0.4886092, 
  "height": 0.3818447
}