{
  "width": 0.23285049, 
  "rotation": -0.987362, 
  "xCenter": 0.47044936, 
  "yCenter": 0.62780315, 
  "height": 0.41395643
}