{
  "width": 0.30040097, 
  "rotation": -1.0575515, 
  "xCenter": 0.6547789, 
  "yCenter": 0.3127799, 
  "height": 0.5340462
}