{
  "width": 0.18518914, 
  "rotation": -0.47594798, 
  "xCenter": 0.5224094, 
  "yCenter": 0.48717242, 
  "height": 0.32922515
}