{
  "width": 0.2242671, 
  "rotation": -0.7592319, 
  "xCenter": 0.64580256, 
  "yCenter": 0.25171316, 
  "height": 0.39869708
}