{
  "width": 0.25413436, 
  "rotation": -0.6314372, 
  "xCenter": 0.5364655, 
  "yCenter": 0.67811483, 
  "height": 0.45179442
}