{
  "width": 0.25003996, 
  "rotation": -0.46074855, 
  "xCenter": 0.2976106, 
  "yCenter": 0.47261667, 
  "height": 0.44451553
}