{
  "width": 0.09130237, 
  "rotation": -2.7381568, 
  "xCenter": 0.34266922, 
  "yCenter": 0.8208101, 
  "height": 0.16231532
}