{
  "width": 0.28315628, 
  "rotation": -0.23417151, 
  "xCenter": 0.44527033, 
  "yCenter": 0.28875172, 
  "height": 0.50338894
}