{
  "width": 0.32848212, 
  "rotation": -0.26128364, 
  "xCenter": 0.47254586, 
  "yCenter": 0.65677357, 
  "height": 0.5839683
}