{
  "width": 0.17226103, 
  "rotation": -1.2650114, 
  "xCenter": 0.04186275, 
  "yCenter": 0.6583117, 
  "height": 0.30624184
}