{
  "width": 0.31971055, 
  "rotation": -1.742917, 
  "xCenter": 0.48961386, 
  "yCenter": 0.22246182, 
  "height": 0.5683743
}