{
  "width": 0.36961034, 
  "rotation": -0.41163635, 
  "xCenter": 0.21277283, 
  "yCenter": 0.7246015, 
  "height": 0.657085
}