{
  "width": 0.16616642, 
  "rotation": -0.7270297, 
  "xCenter": 0.40268612, 
  "yCenter": 0.58384514, 
  "height": 0.29540697
}