{
  "width": 0.20724136, 
  "rotation": -1.2853516, 
  "xCenter": 0.49867353, 
  "yCenter": 0.68156654, 
  "height": 0.3684291
}