{
  "width": 0.28088394, 
  "rotation": -2.9313118, 
  "xCenter": 0.30079773, 
  "yCenter": 0.7722988, 
  "height": 0.49934924
}