{
  "width": 0.19116193, 
  "rotation": 0.7977484, 
  "xCenter": 0.10309306, 
  "yCenter": 0.48729205, 
  "height": 0.3398434
}