{
  "width": 0.24899246, 
  "rotation": -0.67553747, 
  "xCenter": 0.6423574, 
  "yCenter": 0.17946668, 
  "height": 0.44265327
}