{
  "width": 0.3303955, 
  "rotation": -0.64958346, 
  "xCenter": 0.8235017, 
  "yCenter": 0.66227204, 
  "height": 0.58736974
}