{
  "width": 0.174169, 
  "rotation": 0.94649047, 
  "xCenter": 0.2666768, 
  "yCenter": 0.6872474, 
  "height": 0.3096338
}