{
  "width": 0.3334755, 
  "rotation": 0.05045116, 
  "xCenter": 0.32519522, 
  "yCenter": 0.72989136, 
  "height": 0.59284526
}