{
  "width": 0.26674396, 
  "rotation": -0.024519563, 
  "xCenter": 0.09517247, 
  "yCenter": 0.3032936, 
  "height": 0.4742115
}