{
  "width": 0.17989127, 
  "rotation": -0.89707386, 
  "xCenter": 0.34003738, 
  "yCenter": 0.74597085, 
  "height": 0.3198067
}