{
  "width": 0.25743303, 
  "rotation": -0.8570279, 
  "xCenter": 0.70777214, 
  "yCenter": 0.37680733, 
  "height": 0.4576587
}