{
  "width": 0.2568854, 
  "rotation": -0.8976697, 
  "xCenter": 0.66461974, 
  "yCenter": 0.25562868, 
  "height": 0.4566852
}