{
  "width": 0.18160851, 
  "rotation": 0.44266462, 
  "xCenter": 0.09071167, 
  "yCenter": 0.4164212, 
  "height": 0.3228596
}