{
  "width": 0.1796709, 
  "rotation": -0.19397163, 
  "xCenter": 0.5548771, 
  "yCenter": 0.39351857, 
  "height": 0.31941494
}