{
  "width": 0.18986356, 
  "rotation": 1.1168619, 
  "xCenter": 0.10996649, 
  "yCenter": 0.41137213, 
  "height": 0.3375352
}