{
  "width": 0.256604, 
  "rotation": -1.7577308, 
  "xCenter": 0.51640844, 
  "yCenter": 0.28172553, 
  "height": 0.4561849
}