{
  "width": 0.29331434, 
  "rotation": -2.1091588, 
  "xCenter": 0.54036266, 
  "yCenter": 0.2961819, 
  "height": 0.5214477
}