{
  "width": 0.21911384, 
  "rotation": -2.6717079, 
  "xCenter": 0.30659905, 
  "yCenter": 0.55616796, 
  "height": 0.38953575
}