{
  "width": 0.19899975, 
  "rotation": 0.69102013, 
  "xCenter": 0.108227625, 
  "yCenter": 0.46918076, 
  "height": 0.35377732
}