{
  "width": 0.28025383, 
  "rotation": -0.90079176, 
  "xCenter": 0.6342232, 
  "yCenter": 0.53765446, 
  "height": 0.498229
}