{
  "width": 0.25212854, 
  "rotation": -1.7324399, 
  "xCenter": 0.5379876, 
  "yCenter": 0.26420715, 
  "height": 0.44822854
}