{
  "width": 0.21507488, 
  "rotation": -0.3715377, 
  "xCenter": 0.55943185, 
  "yCenter": 0.61416507, 
  "height": 0.38235533
}