{
  "width": 0.21441579, 
  "rotation": 0.4488088, 
  "xCenter": 0.10658045, 
  "yCenter": 0.40534854, 
  "height": 0.38118365
}