{
  "width": 0.20535271, 
  "rotation": -0.62845457, 
  "xCenter": 0.55099666, 
  "yCenter": 0.6458775, 
  "height": 0.3650715
}