{
  "width": 0.29192057, 
  "rotation": -0.7836381, 
  "xCenter": 0.68946415, 
  "yCenter": 0.35025394, 
  "height": 0.51896995
}