{
  "width": 0.1367549, 
  "rotation": 0.6359395, 
  "xCenter": 0.5164215, 
  "yCenter": 0.5282812, 
  "height": 0.2431198
}