{
  "width": 0.31343162, 
  "rotation": -0.25946176, 
  "xCenter": 0.5739688, 
  "yCenter": 0.71575373, 
  "height": 0.5572118
}