{
  "width": 0.2272828, 
  "rotation": -0.6043936, 
  "xCenter": 0.68660146, 
  "yCenter": 0.5181232, 
  "height": 0.40405834
}