{
  "width": 0.23427513, 
  "rotation": -0.4496342, 
  "xCenter": 0.28502375, 
  "yCenter": 0.549943, 
  "height": 0.41648915
}