{
  "width": 0.1641257, 
  "rotation": -0.57970226, 
  "xCenter": 0.56405437, 
  "yCenter": 0.6207632, 
  "height": 0.291779
}