{
  "width": 0.22982761, 
  "rotation": -1.1021608, 
  "xCenter": 0.23152775, 
  "yCenter": 0.644689, 
  "height": 0.40858242
}