{
  "width": 0.2951959, 
  "rotation": -0.3654771, 
  "xCenter": 0.5649442, 
  "yCenter": 0.7324377, 
  "height": 0.52479273
}