{
  "width": 0.2915005, 
  "rotation": -0.731763, 
  "xCenter": 0.75627476, 
  "yCenter": 0.8848457, 
  "height": 0.51822317
}