{
  "width": 0.15155846, 
  "rotation": -0.8068434, 
  "xCenter": 0.3878193, 
  "yCenter": 0.57824314, 
  "height": 0.26943725
}