{
  "width": 0.19417861, 
  "rotation": -0.15516758, 
  "xCenter": 0.10843153, 
  "yCenter": 0.5314904, 
  "height": 0.3452064
}