{
  "width": 0.24046722, 
  "rotation": -0.6360799, 
  "xCenter": 0.70237356, 
  "yCenter": 0.41909492, 
  "height": 0.42749727
}