{
  "width": 0.23074566, 
  "rotation": -2.1534264, 
  "xCenter": 0.51539934, 
  "yCenter": 0.7204269, 
  "height": 0.4102145
}