{
  "width": 0.2108402, 
  "rotation": -0.40255475, 
  "xCenter": 0.3104299, 
  "yCenter": 0.48247114, 
  "height": 0.37482703
}