{
  "width": 0.21424814, 
  "rotation": -0.48603094, 
  "xCenter": 0.50340265, 
  "yCenter": 0.6309583, 
  "height": 0.38088554
}