{
  "width": 0.26810664, 
  "rotation": -0.6667, 
  "xCenter": 0.7700981, 
  "yCenter": 0.8933448, 
  "height": 0.47663406
}