{
  "width": 0.24480776, 
  "rotation": -0.26955438, 
  "xCenter": 0.54137784, 
  "yCenter": 0.45253775, 
  "height": 0.4352138
}