{
  "width": 0.20491353, 
  "rotation": -3.0683482, 
  "xCenter": 0.75981826, 
  "yCenter": 0.89991975, 
  "height": 0.3642907
}