{
  "width": 0.3055848, 
  "rotation": -0.8322457, 
  "xCenter": 0.6454098, 
  "yCenter": 0.3234929, 
  "height": 0.5432618
}