{
  "width": 0.23408552, 
  "rotation": 0.14670324, 
  "xCenter": 0.13960922, 
  "yCenter": 0.4770429, 
  "height": 0.41615203
}