{
  "width": 0.28156447, 
  "rotation": -0.9226452, 
  "xCenter": 0.6461433, 
  "yCenter": 0.37214762, 
  "height": 0.5005591
}