{
  "width": 0.21774428, 
  "rotation": -0.12536132, 
  "xCenter": 0.4649108, 
  "yCenter": 0.3025264, 
  "height": 0.38710093
}