{
  "width": 0.27873293, 
  "rotation": -0.22718823, 
  "xCenter": 0.58592397, 
  "yCenter": 0.6825861, 
  "height": 0.4955252
}