{
  "width": 0.30282456, 
  "rotation": -0.9062151, 
  "xCenter": 0.68993646, 
  "yCenter": 0.357135, 
  "height": 0.5383548
}