{
  "width": 0.38690007, 
  "rotation": -0.3244362, 
  "xCenter": 0.27515668, 
  "yCenter": 0.6638114, 
  "height": 0.6878223
}