{
  "width": 0.2783239, 
  "rotation": -0.91651547, 
  "xCenter": 0.594809, 
  "yCenter": 0.40413877, 
  "height": 0.494798
}