{
  "width": 0.3057785, 
  "rotation": -1.205674, 
  "xCenter": 0.63370514, 
  "yCenter": 0.5417048, 
  "height": 0.5436062
}