{
  "width": 0.176929, 
  "rotation": -0.52864754, 
  "xCenter": 0.56114435, 
  "yCenter": 0.6078892, 
  "height": 0.31454045
}