{
  "width": 0.120312095, 
  "rotation": 0.2131083, 
  "xCenter": 0.65562624, 
  "yCenter": 0.55304563, 
  "height": 0.21388817
}