{
  "width": 0.2658116, 
  "rotation": 0.42434585, 
  "xCenter": 0.20176767, 
  "yCenter": 0.2792349, 
  "height": 0.47255394
}