{
  "width": 0.21459168, 
  "rotation": -0.5822369, 
  "xCenter": 0.44582725, 
  "yCenter": 0.5559666, 
  "height": 0.38149634
}