{
  "width": 0.17653674, 
  "rotation": -0.76265585, 
  "xCenter": 0.3381707, 
  "yCenter": 0.7214352, 
  "height": 0.3138431
}