{
  "width": 0.27457482, 
  "rotation": -0.22726202, 
  "xCenter": 0.44603634, 
  "yCenter": 0.29193205, 
  "height": 0.48813295
}