{
  "width": 0.15907374, 
  "rotation": -0.8077704, 
  "xCenter": 0.536555, 
  "yCenter": 0.48625687, 
  "height": 0.28279775
}