{
  "width": 0.22701818, 
  "rotation": 2.229774, 
  "xCenter": 0.09064485, 
  "yCenter": 0.7253964, 
  "height": 0.40358788
}