{
  "width": 0.27025554, 
  "rotation": -0.87576354, 
  "xCenter": 0.6707156, 
  "yCenter": 0.31997353, 
  "height": 0.4804543
}