{
  "width": 0.27497426, 
  "rotation": 0.14500201, 
  "xCenter": 0.14258617, 
  "yCenter": 0.28444114, 
  "height": 0.4888431
}