{
  "width": 0.1679702, 
  "rotation": -0.6101123, 
  "xCenter": 0.31777078, 
  "yCenter": 0.51203835, 
  "height": 0.2986137
}