{
  "width": 0.41909656, 
  "rotation": -0.50366557, 
  "xCenter": 0.69286495, 
  "yCenter": 0.7130157, 
  "height": 0.74506056
}