{
  "width": 0.30868065, 
  "rotation": -0.8500575, 
  "xCenter": 0.6401988, 
  "yCenter": 0.49205166, 
  "height": 0.5487656
}