{
  "width": 0.25365728, 
  "rotation": -0.21172321, 
  "xCenter": 0.35943478, 
  "yCenter": 0.4782021, 
  "height": 0.45094624
}