{
  "width": 0.28354526, 
  "rotation": -0.8657273, 
  "xCenter": 0.7082086, 
  "yCenter": 0.4311674, 
  "height": 0.5040805
}