{
  "width": 0.22632279, 
  "rotation": -0.02118063, 
  "xCenter": 0.11457233, 
  "yCenter": 0.39352566, 
  "height": 0.4023516
}