{
  "width": 0.1328398, 
  "rotation": -1.4588851, 
  "xCenter": 0.0072013214, 
  "yCenter": 0.65798324, 
  "height": 0.23615964
}