{
  "width": 0.22703253, 
  "rotation": -0.28522277, 
  "xCenter": 0.3289156, 
  "yCenter": 0.58924836, 
  "height": 0.40361342
}