{
  "width": 0.18789442, 
  "rotation": -2.6238077, 
  "xCenter": 0.3600498, 
  "yCenter": 0.6977174, 
  "height": 0.3340345
}