{
  "width": 0.2146192, 
  "rotation": 0.10958946, 
  "xCenter": 0.0935839, 
  "yCenter": 0.54627424, 
  "height": 0.38154525
}