{
  "width": 0.12874824, 
  "rotation": -1.548952, 
  "xCenter": 0.015039198, 
  "yCenter": 0.6629916, 
  "height": 0.22888577
}