{
  "width": 0.1789867, 
  "rotation": -0.34105837, 
  "xCenter": 0.08998663, 
  "yCenter": 0.50926167, 
  "height": 0.31819856
}