{
  "width": 0.20342524, 
  "rotation": -0.15445662, 
  "xCenter": 0.32852808, 
  "yCenter": 0.4409662, 
  "height": 0.36164486
}