{
  "width": 0.28386468, 
  "rotation": -0.32553852, 
  "xCenter": 0.5627795, 
  "yCenter": 0.73610413, 
  "height": 0.5046483
}