{
  "width": 0.19362599, 
  "rotation": -0.18360376, 
  "xCenter": 0.5682744, 
  "yCenter": 0.61149865, 
  "height": 0.34422398
}