{
  "width": 0.20458491, 
  "rotation": -0.46664822, 
  "xCenter": 0.32161853, 
  "yCenter": 0.44193926, 
  "height": 0.3637065
}