{
  "width": 0.27483925, 
  "rotation": -0.88872087, 
  "xCenter": 0.67299, 
  "yCenter": 0.41982284, 
  "height": 0.48860312
}