{
  "width": 0.30053455, 
  "rotation": -0.35059536, 
  "xCenter": 0.560732, 
  "yCenter": 0.73848873, 
  "height": 0.53428364
}