{
  "width": 0.27835834, 
  "rotation": -0.6597997, 
  "xCenter": 0.6848647, 
  "yCenter": 0.43464065, 
  "height": 0.4948593
}