{
  "width": 0.24808194, 
  "rotation": -1.9975446, 
  "xCenter": 0.49857497, 
  "yCenter": 0.7401872, 
  "height": 0.44103456
}