{
  "width": 0.21486041, 
  "rotation": -1.107139, 
  "xCenter": 0.4498331, 
  "yCenter": 0.88896054, 
  "height": 0.38197407
}