{
  "width": 0.3112238, 
  "rotation": -1.6942819, 
  "xCenter": 0.57432157, 
  "yCenter": 0.271149, 
  "height": 0.55328673
}