{
  "width": 0.30329862, 
  "rotation": -0.8933054, 
  "xCenter": 0.69162977, 
  "yCenter": 0.3578133, 
  "height": 0.53919756
}