{
  "width": 0.32741106, 
  "rotation": -0.53153956, 
  "xCenter": 0.65734065, 
  "yCenter": 0.85440034, 
  "height": 0.5820641
}