{
  "width": 0.23945169, 
  "rotation": -0.6471907, 
  "xCenter": 0.75442624, 
  "yCenter": 0.51367897, 
  "height": 0.4256919
}