{
  "width": 0.29068777, 
  "rotation": -0.7589973, 
  "xCenter": 0.71886486, 
  "yCenter": 0.30209607, 
  "height": 0.5167783
}