{
  "width": 0.23301926, 
  "rotation": -0.571108, 
  "xCenter": 0.41047683, 
  "yCenter": 0.67486626, 
  "height": 0.41425645
}