{
  "width": 0.16335094, 
  "rotation": 2.3916502, 
  "xCenter": 0.41364753, 
  "yCenter": 0.6122122, 
  "height": 0.29040167
}