{
  "width": 0.292262, 
  "rotation": -0.5877129, 
  "xCenter": 0.5047618, 
  "yCenter": 0.5855558, 
  "height": 0.51957685
}