{
  "width": 0.27249283, 
  "rotation": -0.57374036, 
  "xCenter": 0.79638076, 
  "yCenter": 0.55957407, 
  "height": 0.48443168
}