{
  "width": 0.25213054, 
  "rotation": 0.1581775, 
  "xCenter": 0.07946152, 
  "yCenter": 0.3553931, 
  "height": 0.4482321
}