{
  "width": 0.18660218, 
  "rotation": 0.4719299, 
  "xCenter": 0.09258416, 
  "yCenter": 0.41446918, 
  "height": 0.3317372
}