{
  "width": 0.21107244, 
  "rotation": -0.5836736, 
  "xCenter": 0.74772304, 
  "yCenter": 0.22713941, 
  "height": 0.3752399
}