{
  "width": 0.17750764, 
  "rotation": 0.3825251, 
  "xCenter": 0.27698398, 
  "yCenter": 0.63320297, 
  "height": 0.31556913
}