{
  "width": 0.25123745, 
  "rotation": -0.8456429, 
  "xCenter": 0.39726713, 
  "yCenter": 0.56324387, 
  "height": 0.4466444
}