{
  "width": 0.18186034, 
  "rotation": 0.37701988, 
  "xCenter": 0.11104283, 
  "yCenter": 0.4323046, 
  "height": 0.32330728
}