{
  "width": 0.05689473, 
  "rotation": -1.6910223, 
  "xCenter": 0.36659715, 
  "yCenter": 0.76908326, 
  "height": 0.10114619
}