{
  "width": 0.21418378, 
  "rotation": -1.1403803, 
  "xCenter": 0.71325266, 
  "yCenter": 0.33589846, 
  "height": 0.3807712
}