{
  "width": 0.27197644, 
  "rotation": -0.2143029, 
  "xCenter": 0.45202112, 
  "yCenter": 0.30445966, 
  "height": 0.48351368
}