{
  "width": 0.24763964, 
  "rotation": -1.0824376, 
  "xCenter": 0.45143715, 
  "yCenter": 0.5925077, 
  "height": 0.44024822
}