{
  "width": 0.29950568, 
  "rotation": -0.89292014, 
  "xCenter": 0.6560028, 
  "yCenter": 0.47660577, 
  "height": 0.53245455
}