{
  "width": 0.40955353, 
  "rotation": -0.41395628, 
  "xCenter": 0.7036493, 
  "yCenter": 0.7025377, 
  "height": 0.7280951
}