{
  "width": 0.27762797, 
  "rotation": -1.241526, 
  "xCenter": 0.6722507, 
  "yCenter": 0.58370996, 
  "height": 0.49356082
}