{
  "width": 0.166206, 
  "rotation": -1.6904806, 
  "xCenter": 0.3101823, 
  "yCenter": 0.69986546, 
  "height": 0.29547733
}