{
  "width": 0.26784334, 
  "rotation": -0.82332456, 
  "xCenter": 0.7030938, 
  "yCenter": 0.35449523, 
  "height": 0.47616595
}