{
  "width": 0.2797111, 
  "rotation": -1.0235735, 
  "xCenter": 0.6849372, 
  "yCenter": 0.47656834, 
  "height": 0.49726418
}