{
  "width": 0.21230693, 
  "rotation": -0.62165534, 
  "xCenter": 0.55279636, 
  "yCenter": 0.69987637, 
  "height": 0.37743455
}