{
  "width": 0.20211682, 
  "rotation": -0.7267448, 
  "xCenter": 0.7589688, 
  "yCenter": 0.2267342, 
  "height": 0.3593188
}