{
  "width": 0.25696957, 
  "rotation": -0.3917874, 
  "xCenter": 0.51167095, 
  "yCenter": 0.52758014, 
  "height": 0.4568348
}