{
  "width": 0.29315066, 
  "rotation": -0.8469759, 
  "xCenter": 0.69932735, 
  "yCenter": 0.35071838, 
  "height": 0.5211567
}