{
  "width": 0.20509933, 
  "rotation": 0.5792891, 
  "xCenter": 0.102649, 
  "yCenter": 0.42241755, 
  "height": 0.36462104
}