{
  "width": 0.21359864, 
  "rotation": 0.3643005, 
  "xCenter": 0.17306745, 
  "yCenter": 0.34927994, 
  "height": 0.37973094
}