{
  "width": 0.20986943, 
  "rotation": 1.1389649, 
  "xCenter": 0.105113365, 
  "yCenter": 0.4698942, 
  "height": 0.3731012
}