{
  "width": 0.27930713, 
  "rotation": 0.10121596, 
  "xCenter": 0.10774859, 
  "yCenter": 0.3001726, 
  "height": 0.496546
}