{
  "width": 0.1984866, 
  "rotation": -0.40578294, 
  "xCenter": 0.06654667, 
  "yCenter": 0.5252558, 
  "height": 0.35286504
}