{
  "width": 0.23902601, 
  "rotation": -0.5570785, 
  "xCenter": 0.24098027, 
  "yCenter": 0.44780493, 
  "height": 0.42493513
}