{
  "width": 0.24054517, 
  "rotation": -0.6111716, 
  "xCenter": 0.7646856, 
  "yCenter": 0.50950575, 
  "height": 0.42763585
}