{
  "width": 0.27000874, 
  "rotation": -0.035403967, 
  "xCenter": 0.12741326, 
  "yCenter": 0.30707002, 
  "height": 0.48001552
}