{
  "width": 0.19693603, 
  "rotation": 0.34916615, 
  "xCenter": 0.12932019, 
  "yCenter": 0.42926076, 
  "height": 0.35010847
}