{
  "width": 0.25260726, 
  "rotation": -0.676191, 
  "xCenter": 0.6512846, 
  "yCenter": 0.20158035, 
  "height": 0.44907957
}