{
  "width": 0.23380396, 
  "rotation": -0.46825373, 
  "xCenter": 0.29797736, 
  "yCenter": 0.47210425, 
  "height": 0.41565147
}