{
  "width": 0.22628462, 
  "rotation": -1.1152867, 
  "xCenter": 0.45549202, 
  "yCenter": 0.8178254, 
  "height": 0.4022838
}