{
  "width": 0.26897976, 
  "rotation": -0.22479522, 
  "xCenter": 0.44553968, 
  "yCenter": 0.29210964, 
  "height": 0.47818625
}