{
  "width": 0.3727548, 
  "rotation": -0.3086418, 
  "xCenter": 0.23124982, 
  "yCenter": 0.68165004, 
  "height": 0.6626752
}