{
  "width": 0.24365337, 
  "rotation": -0.800398, 
  "xCenter": 0.6333346, 
  "yCenter": 0.47467592, 
  "height": 0.43316156
}