{
  "width": 0.19414157, 
  "rotation": 1.1667501, 
  "xCenter": 0.18898761, 
  "yCenter": 0.5630253, 
  "height": 0.34514058
}