{
  "width": 0.13594855, 
  "rotation": 0.8410329, 
  "xCenter": 0.1649382, 
  "yCenter": 0.39884168, 
  "height": 0.2416863
}