{
  "width": 0.20658793, 
  "rotation": -0.4007597, 
  "xCenter": 0.508306, 
  "yCenter": 0.38960022, 
  "height": 0.36726743
}