{
  "width": 0.15456542, 
  "rotation": 0.0010267496, 
  "xCenter": 0.30012894, 
  "yCenter": 0.43462458, 
  "height": 0.274783
}