{
  "width": 0.20392829, 
  "rotation": -1.4930733, 
  "xCenter": 0.27875072, 
  "yCenter": 0.64447916, 
  "height": 0.36253917
}