{
  "width": 0.13305886, 
  "rotation": -1.5477532, 
  "xCenter": 0.012462448, 
  "yCenter": 0.6592512, 
  "height": 0.2365491
}