{
  "width": 0.2448501, 
  "rotation": -0.52273905, 
  "xCenter": 0.15642999, 
  "yCenter": 0.6123882, 
  "height": 0.43528908
}