{
  "width": 0.26169404, 
  "rotation": -0.45863736, 
  "xCenter": 0.42941186, 
  "yCenter": 0.7252747, 
  "height": 0.46523386
}