{
  "width": 0.2912511, 
  "rotation": -0.66694534, 
  "xCenter": 0.27494398, 
  "yCenter": 0.8569683, 
  "height": 0.51777977
}