{
  "width": 0.20026529, 
  "rotation": -0.70717776, 
  "xCenter": 0.51763755, 
  "yCenter": 0.6023369, 
  "height": 0.3560272
}