{
  "width": 0.17726806, 
  "rotation": 0.55142725, 
  "xCenter": 0.36949134, 
  "yCenter": 0.7305699, 
  "height": 0.3151432
}