{
  "width": 0.21867228, 
  "rotation": 0.67229706, 
  "xCenter": 0.11554385, 
  "yCenter": 0.32964772, 
  "height": 0.3887507
}