{
  "width": 0.19023284, 
  "rotation": -1.194193, 
  "xCenter": 0.1249036, 
  "yCenter": 0.6373962, 
  "height": 0.33819175
}