{
  "width": 0.29369166, 
  "rotation": -0.94724715, 
  "xCenter": 0.6450759, 
  "yCenter": 0.5046728, 
  "height": 0.5221185
}