{
  "width": 0.18178612, 
  "rotation": -0.6132833, 
  "xCenter": 0.18168165, 
  "yCenter": 0.58305204, 
  "height": 0.3231753
}