{
  "width": 0.27622902, 
  "rotation": -0.010537863, 
  "xCenter": 0.10260223, 
  "yCenter": 0.30183274, 
  "height": 0.49107382
}