{
  "width": 0.20961305, 
  "rotation": -0.9475733, 
  "xCenter": 0.7148685, 
  "yCenter": 0.4861642, 
  "height": 0.3726454
}