{
  "width": 0.30434608, 
  "rotation": -0.7746767, 
  "xCenter": 0.6668666, 
  "yCenter": 0.45236108, 
  "height": 0.54105973
}