{
  "width": 0.26221043, 
  "rotation": -0.8529836, 
  "xCenter": 0.6977895, 
  "yCenter": 0.41820425, 
  "height": 0.46615183
}