{
  "width": 0.19843827, 
  "rotation": -0.6788875, 
  "xCenter": 0.06712024, 
  "yCenter": 0.50912744, 
  "height": 0.35277912
}