{
  "width": 0.1999714, 
  "rotation": -0.14872992, 
  "xCenter": 0.3335051, 
  "yCenter": 0.4313457, 
  "height": 0.3555047
}