{
  "width": 0.18640351, 
  "rotation": 0.1025126, 
  "xCenter": 0.15749511, 
  "yCenter": 0.33044565, 
  "height": 0.33138403
}