{
  "width": 0.3828052, 
  "rotation": -0.40714502, 
  "xCenter": 0.6904995, 
  "yCenter": 0.72415197, 
  "height": 0.6805426
}