{
  "width": 0.28685367, 
  "rotation": -0.25908887, 
  "xCenter": 0.42732224, 
  "yCenter": 0.3098489, 
  "height": 0.5099621
}