{
  "width": 0.30702913, 
  "rotation": -0.8572222, 
  "xCenter": 0.7068157, 
  "yCenter": 0.3056388, 
  "height": 0.54582953
}