{
  "width": 0.27261633, 
  "rotation": -0.8264705, 
  "xCenter": 0.73302317, 
  "yCenter": 0.44913372, 
  "height": 0.48465124
}