{
  "width": 0.32494605, 
  "rotation": -1.3034717, 
  "xCenter": 0.5506737, 
  "yCenter": 0.15211707, 
  "height": 0.5776819
}