{
  "width": 0.15596242, 
  "rotation": -0.12015605, 
  "xCenter": 0.29881123, 
  "yCenter": 0.44983128, 
  "height": 0.27726653
}