{
  "width": 0.36432478, 
  "rotation": -0.45483148, 
  "xCenter": 0.69057614, 
  "yCenter": 0.717124, 
  "height": 0.6476885
}