{
  "width": 0.2654061, 
  "rotation": -0.9191264, 
  "xCenter": 0.66700447, 
  "yCenter": 0.30937022, 
  "height": 0.47183308
}