{
  "width": 0.09644764, 
  "rotation": -0.7707597, 
  "xCenter": 0.56697947, 
  "yCenter": 0.8170109, 
  "height": 0.17146248
}