{
  "width": 0.28411263, 
  "rotation": -1.0173677, 
  "xCenter": 0.59718484, 
  "yCenter": 0.4167795, 
  "height": 0.5050891
}