{
  "width": 0.18375255, 
  "rotation": -0.29245996, 
  "xCenter": 0.10151243, 
  "yCenter": 0.5285842, 
  "height": 0.3266712
}