{
  "width": 0.27422726, 
  "rotation": -2.093364, 
  "xCenter": 0.5432455, 
  "yCenter": 0.32006648, 
  "height": 0.48751512
}