{
  "width": 0.22058015, 
  "rotation": -0.714316, 
  "xCenter": 0.7651348, 
  "yCenter": 0.19193283, 
  "height": 0.39214247
}