{
  "width": 0.21365565, 
  "rotation": -0.28769314, 
  "xCenter": 0.5832182, 
  "yCenter": 0.5914083, 
  "height": 0.3798323
}