{
  "width": 0.16530545, 
  "rotation": -1.1371781, 
  "xCenter": 0.5619463, 
  "yCenter": 0.79902583, 
  "height": 0.29387638
}