{
  "width": 0.19431996, 
  "rotation": 0.8274529, 
  "xCenter": 0.13682818, 
  "yCenter": 0.44457686, 
  "height": 0.3454577
}