{
  "width": 0.18817647, 
  "rotation": 3.1034446, 
  "xCenter": 0.39378774, 
  "yCenter": 0.6813109, 
  "height": 0.33453593
}