{
  "width": 0.25964487, 
  "rotation": -0.4165318, 
  "xCenter": 0.39844087, 
  "yCenter": 0.34895754, 
  "height": 0.46159086
}