{
  "width": 0.26775765, 
  "rotation": -1.0501157, 
  "xCenter": 0.6724066, 
  "yCenter": 0.5527573, 
  "height": 0.4760136
}