{
  "width": 0.37353754, 
  "rotation": -0.5563694, 
  "xCenter": 0.8758497, 
  "yCenter": 0.614105, 
  "height": 0.6640668
}