{
  "width": 0.24322823, 
  "rotation": -0.62112963, 
  "xCenter": 0.6495427, 
  "yCenter": 0.18421021, 
  "height": 0.4324057
}