{
  "width": 0.22353494, 
  "rotation": 0.30517828, 
  "xCenter": 0.14903925, 
  "yCenter": 0.49165076, 
  "height": 0.39739546
}