{
  "width": 0.27734727, 
  "rotation": -0.019871712, 
  "xCenter": 0.13597815, 
  "yCenter": 0.30217776, 
  "height": 0.49306184
}