{
  "width": 0.20627575, 
  "rotation": -0.40727913, 
  "xCenter": 0.34339803, 
  "yCenter": 0.48051006, 
  "height": 0.36671242
}