{
  "width": 0.27869862, 
  "rotation": 0.109751105, 
  "xCenter": 0.14821702, 
  "yCenter": 0.28007984, 
  "height": 0.49546418
}