{
  "width": 0.18324254, 
  "rotation": -0.5637399, 
  "xCenter": 0.38373604, 
  "yCenter": 0.55447704, 
  "height": 0.3257645
}