{
  "width": 0.27347714, 
  "rotation": -0.9399651, 
  "xCenter": 0.7041829, 
  "yCenter": 0.38921505, 
  "height": 0.48618156
}