{
  "width": 0.24613269, 
  "rotation": -1.3735198, 
  "xCenter": 0.4524418, 
  "yCenter": 0.6578438, 
  "height": 0.43756923
}