{
  "width": 0.26387033, 
  "rotation": -1.013112, 
  "xCenter": 0.63645613, 
  "yCenter": 0.5803092, 
  "height": 0.46910277
}