{
  "width": 0.14813985, 
  "rotation": -0.09756243, 
  "xCenter": 0.64687574, 
  "yCenter": 0.52757347, 
  "height": 0.26335973
}