{
  "width": 0.19653063, 
  "rotation": 0.14126742, 
  "xCenter": 0.42359582, 
  "yCenter": 0.3048174, 
  "height": 0.3493878
}