{
  "width": 0.30262336, 
  "rotation": -0.66923416, 
  "xCenter": 0.68350065, 
  "yCenter": 0.47613698, 
  "height": 0.53799707
}