{
  "width": 0.17582217, 
  "rotation": 1.1363516, 
  "xCenter": 0.16691564, 
  "yCenter": 0.5766011, 
  "height": 0.31257275
}