{
  "width": 0.15128614, 
  "rotation": -0.2822727, 
  "xCenter": 0.4307844, 
  "yCenter": 0.23668236, 
  "height": 0.26895314
}