{
  "width": 0.22678195, 
  "rotation": -0.5622541, 
  "xCenter": 0.7111001, 
  "yCenter": 0.39952818, 
  "height": 0.4031679
}