{
  "width": 0.112544395, 
  "rotation": -0.7996198, 
  "xCenter": 0.5808781, 
  "yCenter": 0.82505155, 
  "height": 0.20007892
}