{
  "width": 0.1734277, 
  "rotation": -0.6584383, 
  "xCenter": 0.18079975, 
  "yCenter": 0.5880182, 
  "height": 0.3083159
}