{
  "width": 0.21999107, 
  "rotation": -0.27216113, 
  "xCenter": 0.5534265, 
  "yCenter": 0.5545631, 
  "height": 0.39109522
}