{
  "width": 0.21625763, 
  "rotation": -0.44805872, 
  "xCenter": 0.5518441, 
  "yCenter": 0.5808085, 
  "height": 0.384458
}