{
  "width": 0.2377387, 
  "rotation": -0.32583618, 
  "xCenter": 0.35848865, 
  "yCenter": 0.43419278, 
  "height": 0.42264658
}