{
  "width": 0.2639291, 
  "rotation": 0.009317279, 
  "xCenter": 0.095937714, 
  "yCenter": 0.30393755, 
  "height": 0.4692073
}