{
  "width": 0.2506972, 
  "rotation": 0.14298594, 
  "xCenter": 0.0727539, 
  "yCenter": 0.39643037, 
  "height": 0.4456839
}