{
  "width": 0.27442083, 
  "rotation": -0.58565557, 
  "xCenter": 0.69993424, 
  "yCenter": 0.7906847, 
  "height": 0.48785925
}