{
  "width": 0.28367233, 
  "rotation": 0.2207886, 
  "xCenter": 0.1498816, 
  "yCenter": 0.28505298, 
  "height": 0.5043064
}