{
  "width": 0.26639295, 
  "rotation": -1.8827132, 
  "xCenter": 0.4474553, 
  "yCenter": 0.8950692, 
  "height": 0.47358748
}