{
  "width": 0.24852173, 
  "rotation": -0.79594433, 
  "xCenter": 0.66313225, 
  "yCenter": 0.33262613, 
  "height": 0.44181642
}