{
  "width": 0.29203016, 
  "rotation": -2.1244748, 
  "xCenter": 0.5520496, 
  "yCenter": 0.3472358, 
  "height": 0.5191647
}