{
  "width": 0.17800379, 
  "rotation": -0.14932203, 
  "xCenter": 0.32370695, 
  "yCenter": 0.6501821, 
  "height": 0.3164512
}