{
  "width": 0.22369103, 
  "rotation": -1.1729645, 
  "xCenter": 0.22846729, 
  "yCenter": 0.67219955, 
  "height": 0.39767295
}