{
  "width": 0.21377328, 
  "rotation": -1.1692482, 
  "xCenter": 0.2294204, 
  "yCenter": 0.7026353, 
  "height": 0.3800414
}