{
  "width": 0.3894876, 
  "rotation": -0.53721416, 
  "xCenter": 0.87499815, 
  "yCenter": 0.6147026, 
  "height": 0.69242233
}