{
  "width": 0.17520073, 
  "rotation": -1.1560937, 
  "xCenter": 0.53963107, 
  "yCenter": 0.7924402, 
  "height": 0.31146798
}