{
  "width": 0.24983808, 
  "rotation": 0.2132293, 
  "xCenter": 0.07806296, 
  "yCenter": 0.4318645, 
  "height": 0.44415662
}