{
  "width": 0.39288974, 
  "rotation": -0.4348036, 
  "xCenter": 0.6577959, 
  "yCenter": 0.7824743, 
  "height": 0.6984706
}