{
  "width": 0.23073645, 
  "rotation": -2.099994, 
  "xCenter": 0.5029683, 
  "yCenter": 0.76479703, 
  "height": 0.41019812
}