{
  "width": 0.17304616, 
  "rotation": -0.9739357, 
  "xCenter": 0.5365168, 
  "yCenter": 0.7641972, 
  "height": 0.3076376
}