{
  "width": 0.40963927, 
  "rotation": -0.39631844, 
  "xCenter": 0.65019906, 
  "yCenter": 0.78456163, 
  "height": 0.7282475
}