{
  "width": 0.19749029, 
  "rotation": -0.45008147, 
  "xCenter": 0.50174576, 
  "yCenter": 0.4861866, 
  "height": 0.35109383
}