{
  "width": 0.18042329, 
  "rotation": 0.88379586, 
  "xCenter": 0.18398081, 
  "yCenter": 0.56132483, 
  "height": 0.3207525
}