{
  "width": 0.2630263, 
  "rotation": -0.8909694, 
  "xCenter": 0.61082375, 
  "yCenter": 0.2484426, 
  "height": 0.46760225
}