{
  "width": 0.18922983, 
  "rotation": 0.39129174, 
  "xCenter": 0.12274711, 
  "yCenter": 0.34838554, 
  "height": 0.33640856
}