{
  "width": 0.18566188, 
  "rotation": -0.92098916, 
  "xCenter": 0.32974765, 
  "yCenter": 0.7212608, 
  "height": 0.33006555
}