{
  "width": 0.25220883, 
  "rotation": -0.8401526, 
  "xCenter": 0.6445607, 
  "yCenter": 0.4272982, 
  "height": 0.44837123
}