{
  "width": 0.27987987, 
  "rotation": -0.24762428, 
  "xCenter": 0.44533432, 
  "yCenter": 0.2950756, 
  "height": 0.49756423
}