{
  "width": 0.1985048, 
  "rotation": -0.19611597, 
  "xCenter": 0.55502015, 
  "yCenter": 0.5085495, 
  "height": 0.35289744
}