{
  "width": 0.29028857, 
  "rotation": -0.84133065, 
  "xCenter": 0.62923497, 
  "yCenter": 0.49672994, 
  "height": 0.5160686
}