{
  "width": 0.13077581, 
  "rotation": -1.4675409, 
  "xCenter": 0.014088549, 
  "yCenter": 0.6579285, 
  "height": 0.23249035
}