{
  "width": 0.2497056, 
  "rotation": -1.7765502, 
  "xCenter": 0.4628533, 
  "yCenter": 0.66987526, 
  "height": 0.44392106
}