{
  "width": 0.20563175, 
  "rotation": 0.3229257, 
  "xCenter": 0.13229273, 
  "yCenter": 0.46579757, 
  "height": 0.36556754
}