{
  "width": 0.2269005, 
  "rotation": -0.74808705, 
  "xCenter": 0.726899, 
  "yCenter": 0.52713126, 
  "height": 0.40337867
}