{
  "width": 0.22181454, 
  "rotation": 0.20269406, 
  "xCenter": 0.11130987, 
  "yCenter": 0.20576116, 
  "height": 0.39433697
}