{
  "width": 0.18217772, 
  "rotation": 0.9024763, 
  "xCenter": 0.45115638, 
  "yCenter": 0.6474811, 
  "height": 0.32387152
}