{
  "width": 0.29093665, 
  "rotation": -1.0546366, 
  "xCenter": 0.66952914, 
  "yCenter": 0.48218724, 
  "height": 0.51722074
}