{
  "width": 0.27025703, 
  "rotation": -1.8239635, 
  "xCenter": 0.5321296, 
  "yCenter": 0.31549847, 
  "height": 0.48045698
}