{
  "width": 0.20459707, 
  "rotation": 0.698114, 
  "xCenter": 0.16982757, 
  "yCenter": 0.35482553, 
  "height": 0.36372814
}