{
  "width": 0.1808439, 
  "rotation": 0.17445624, 
  "xCenter": 0.11868418, 
  "yCenter": 0.27596295, 
  "height": 0.32150027
}