{
  "width": 0.25185093, 
  "rotation": -0.8710557, 
  "xCenter": 0.66385347, 
  "yCenter": 0.37899223, 
  "height": 0.44773495
}