{
  "width": 0.2800026, 
  "rotation": -0.4018197, 
  "xCenter": 0.44291693, 
  "yCenter": 0.25767118, 
  "height": 0.4977824
}