{
  "width": 0.15461819, 
  "rotation": 0.5129633, 
  "xCenter": 0.4160465, 
  "yCenter": 0.40544277, 
  "height": 0.2748768
}