{
  "width": 0.13443229, 
  "rotation": 0.76893294, 
  "xCenter": 0.14547333, 
  "yCenter": 0.4581308, 
  "height": 0.23899074
}