{
  "width": 0.1915237, 
  "rotation": -1.2046932, 
  "xCenter": 0.41035408, 
  "yCenter": 0.7088177, 
  "height": 0.3404866
}