{
  "width": 0.17952414, 
  "rotation": 0.9355474, 
  "xCenter": 0.08073166, 
  "yCenter": 0.4389156, 
  "height": 0.31915402
}