{
  "width": 0.34101236, 
  "rotation": -0.3779211, 
  "xCenter": 0.29942128, 
  "yCenter": 0.76899296, 
  "height": 0.6062442
}