{
  "width": 0.1430741, 
  "rotation": -2.265413, 
  "xCenter": 0.73352337, 
  "yCenter": 0.4212812, 
  "height": 0.25435394
}