{
  "width": 0.31456438, 
  "rotation": -0.54236424, 
  "xCenter": 0.7429405, 
  "yCenter": 0.8706436, 
  "height": 0.55922556
}