{
  "width": 0.20657359, 
  "rotation": -1.1047786, 
  "xCenter": 0.48021093, 
  "yCenter": 0.9088214, 
  "height": 0.36724192
}