{
  "width": 0.20411867, 
  "rotation": -0.6805402, 
  "xCenter": 0.52287793, 
  "yCenter": 0.7227643, 
  "height": 0.36287764
}