{
  "width": 0.22133335, 
  "rotation": -0.8585006, 
  "xCenter": 0.6977773, 
  "yCenter": 0.43209887, 
  "height": 0.39348152
}