{
  "width": 0.14290512, 
  "rotation": 0.56532776, 
  "xCenter": 0.5020826, 
  "yCenter": 0.53133756, 
  "height": 0.25405353
}