{
  "width": 0.28945312, 
  "rotation": -0.84176695, 
  "xCenter": 0.643772, 
  "yCenter": 0.4020494, 
  "height": 0.51458335
}