{
  "width": 0.37299547, 
  "rotation": -0.688413, 
  "xCenter": 0.8560284, 
  "yCenter": 0.6646608, 
  "height": 0.66310304
}