{
  "width": 0.17110026, 
  "rotation": 0.92418224, 
  "xCenter": 0.3639412, 
  "yCenter": 0.72713995, 
  "height": 0.30417824
}