{
  "width": 0.23041187, 
  "rotation": -1.2336742, 
  "xCenter": 0.44317868, 
  "yCenter": 0.665364, 
  "height": 0.4096211
}