{
  "width": 0.24551024, 
  "rotation": 0.1579498, 
  "xCenter": 0.07897338, 
  "yCenter": 0.36117008, 
  "height": 0.43646264
}