{
  "width": 0.28372225, 
  "rotation": -1.0294389, 
  "xCenter": 0.68745506, 
  "yCenter": 0.3190542, 
  "height": 0.5043951
}