{
  "width": 0.21078433, 
  "rotation": -0.325032, 
  "xCenter": 0.5571577, 
  "yCenter": 0.55816346, 
  "height": 0.3747277
}