{
  "width": 0.32911015, 
  "rotation": -0.3125322, 
  "xCenter": 0.56762695, 
  "yCenter": 0.70694447, 
  "height": 0.58508474
}