{
  "width": 0.39040425, 
  "rotation": -0.48698628, 
  "xCenter": 0.6804352, 
  "yCenter": 0.74864626, 
  "height": 0.69405204
}