{
  "width": 0.27066553, 
  "rotation": -0.224267, 
  "xCenter": 0.4519504, 
  "yCenter": 0.30791208, 
  "height": 0.48118317
}