{
  "width": 0.21319538, 
  "rotation": -0.41650522, 
  "xCenter": 0.3152122, 
  "yCenter": 0.5289757, 
  "height": 0.37901405
}