{
  "width": 0.22888862, 
  "rotation": 0.5292736, 
  "xCenter": 0.076272614, 
  "yCenter": 0.4411955, 
  "height": 0.4069131
}