{
  "width": 0.27027455, 
  "rotation": -0.9364015, 
  "xCenter": 0.67166716, 
  "yCenter": 0.325785, 
  "height": 0.4804881
}