{
  "width": 0.19583999, 
  "rotation": 1.0072348, 
  "xCenter": 0.25693655, 
  "yCenter": 0.40807182, 
  "height": 0.34815997
}