{
  "width": 0.40913835, 
  "rotation": -0.3769176, 
  "xCenter": 0.70778656, 
  "yCenter": 0.69773906, 
  "height": 0.7273571
}