{
  "width": 0.28258243, 
  "rotation": 0.21459019, 
  "xCenter": 0.12602942, 
  "yCenter": 0.6886063, 
  "height": 0.50236875
}