{
  "width": 0.202743, 
  "rotation": -1.1930786, 
  "xCenter": 0.32393384, 
  "yCenter": 0.71285623, 
  "height": 0.360432
}