{
  "width": 0.29913336, 
  "rotation": -1.0362226, 
  "xCenter": 0.2667842, 
  "yCenter": 0.83271706, 
  "height": 0.53179264
}