{
  "width": 0.20380548, 
  "rotation": -0.19686484, 
  "xCenter": 0.04287734, 
  "yCenter": 0.42796782, 
  "height": 0.36232084
}