{
  "width": 0.21063122, 
  "rotation": -0.33819234, 
  "xCenter": 0.56485736, 
  "yCenter": 0.6058724, 
  "height": 0.37445548
}