{
  "width": 0.28225186, 
  "rotation": -0.43014634, 
  "xCenter": 0.416388, 
  "yCenter": 0.5014399, 
  "height": 0.5017811
}