{
  "width": 0.36303216, 
  "rotation": -0.5960921, 
  "xCenter": 0.6469063, 
  "yCenter": 0.7650486, 
  "height": 0.6453905
}