{
  "width": 0.08816614, 
  "rotation": -2.0830553, 
  "xCenter": 0.38550144, 
  "yCenter": 0.5222919, 
  "height": 0.1567398
}