{
  "width": 0.3379448, 
  "rotation": -0.48547566, 
  "xCenter": 0.18862106, 
  "yCenter": 0.7344624, 
  "height": 0.60079074
}