{
  "width": 0.29924145, 
  "rotation": -0.914394, 
  "xCenter": 0.6597315, 
  "yCenter": 0.31066018, 
  "height": 0.5319848
}