{
  "width": 0.27951384, 
  "rotation": -0.30447257, 
  "xCenter": 0.42143035, 
  "yCenter": 0.3039385, 
  "height": 0.49691346
}