{
  "width": 0.1995549, 
  "rotation": -0.5130168, 
  "xCenter": 0.27995366, 
  "yCenter": 0.5100231, 
  "height": 0.35476428
}