{
  "width": 0.21901599, 
  "rotation": -1.4394239, 
  "xCenter": 0.44538713, 
  "yCenter": 0.6896641, 
  "height": 0.38936174
}