{
  "width": 0.2852897, 
  "rotation": -0.27753317, 
  "xCenter": 0.4426015, 
  "yCenter": 0.2890311, 
  "height": 0.50718164
}