{
  "width": 0.37004572, 
  "rotation": -0.23197508, 
  "xCenter": 0.2760939, 
  "yCenter": 0.6696953, 
  "height": 0.6578591
}