{
  "width": 0.2243249, 
  "rotation": 0.35894382, 
  "xCenter": 0.0647627, 
  "yCenter": 0.5320674, 
  "height": 0.3987998
}