{
  "width": 0.22348538, 
  "rotation": -0.050199866, 
  "xCenter": 0.05157736, 
  "yCenter": 0.41197377, 
  "height": 0.39730734
}