{
  "width": 0.28292322, 
  "rotation": -0.9608797, 
  "xCenter": 0.6026769, 
  "yCenter": 0.4209255, 
  "height": 0.5029746
}