{
  "width": 0.32122833, 
  "rotation": -1.0829822, 
  "xCenter": 0.6312602, 
  "yCenter": 0.491254, 
  "height": 0.57107264
}