{
  "width": 0.3680286, 
  "rotation": -0.6034874, 
  "xCenter": 0.62906635, 
  "yCenter": 0.79631615, 
  "height": 0.6542731
}