{
  "width": 0.27052906, 
  "rotation": 0.23737323, 
  "xCenter": 0.14727738, 
  "yCenter": 0.2889212, 
  "height": 0.48094055
}