{
  "width": 0.14319427, 
  "rotation": 0.046143055, 
  "xCenter": 0.5439829, 
  "yCenter": 0.40883902, 
  "height": 0.2545676
}