{
  "width": 0.28151137, 
  "rotation": -0.028380156, 
  "xCenter": 0.5063382, 
  "yCenter": 0.25014925, 
  "height": 0.5004646
}