{
  "width": 0.285903, 
  "rotation": -1.6872095, 
  "xCenter": 0.508228, 
  "yCenter": 0.16685131, 
  "height": 0.508272
}