{
  "width": 0.23369129, 
  "rotation": -1.2451631, 
  "xCenter": 0.38928935, 
  "yCenter": 0.6084498, 
  "height": 0.41545117
}