{
  "width": 0.21147853, 
  "rotation": -1.4080848, 
  "xCenter": 0.27636027, 
  "yCenter": 0.6637644, 
  "height": 0.3759618
}