{
  "width": 0.2888219, 
  "rotation": -0.55889714, 
  "xCenter": 0.28835714, 
  "yCenter": 0.8493602, 
  "height": 0.5134612
}