{
  "width": 0.16980445, 
  "rotation": -2.9679055, 
  "xCenter": 0.61305976, 
  "yCenter": 0.7076806, 
  "height": 0.21225555
}