{
  "width": 0.0965755, 
  "rotation": 2.9977303, 
  "xCenter": 0.4272667, 
  "yCenter": 0.4841309, 
  "height": 0.120719366
}