{
  "width": 0.09944302, 
  "rotation": -2.8727214, 
  "xCenter": 0.43447247, 
  "yCenter": 0.46759966, 
  "height": 0.12430377
}