{
  "width": 0.2199348, 
  "rotation": -3.018721, 
  "xCenter": 0.8525392, 
  "yCenter": 0.74144256, 
  "height": 0.27491853
}