{
  "width": 0.21835952, 
  "rotation": 2.885903, 
  "xCenter": 0.9010941, 
  "yCenter": 0.7183743, 
  "height": 0.2729494
}