{
  "width": 0.15373632, 
  "rotation": 2.8616905, 
  "xCenter": 0.58526003, 
  "yCenter": 0.6914602, 
  "height": 0.19217041
}