{
  "width": 0.18739316, 
  "rotation": 2.9487906, 
  "xCenter": 0.63821626, 
  "yCenter": 0.68319464, 
  "height": 0.23424144
}