{
  "width": 0.14838932, 
  "rotation": -2.980334, 
  "xCenter": 0.79352987, 
  "yCenter": 0.7415272, 
  "height": 0.18548666
}