{
  "width": 0.10560371, 
  "rotation": -1.5880336, 
  "xCenter": 0.6133801, 
  "yCenter": 0.20154715, 
  "height": 0.13200463
}