{
  "width": 0.17149891, 
  "rotation": -3.0253007, 
  "xCenter": 0.5985029, 
  "yCenter": 0.71865886, 
  "height": 0.21437363
}