{
  "width": 0.17512532, 
  "rotation": -1.7493228, 
  "xCenter": 0.6928029, 
  "yCenter": 0.45476115, 
  "height": 0.21890664
}