{
  "width": 0.16429055, 
  "rotation": -3.0664096, 
  "xCenter": 0.62095356, 
  "yCenter": 0.7444172, 
  "height": 0.20536317
}