{
  "width": 0.15910849, 
  "rotation": 2.9213805, 
  "xCenter": 0.8474954, 
  "yCenter": 0.6826177, 
  "height": 0.19888562
}