{
  "width": 0.16614138, 
  "rotation": -3.0874743, 
  "xCenter": 0.8969762, 
  "yCenter": 0.70762926, 
  "height": 0.20767671
}