{
  "width": 0.17860252, 
  "rotation": 2.761384, 
  "xCenter": 0.8961567, 
  "yCenter": 0.68610775, 
  "height": 0.22325315
}