{
  "width": 0.1716342, 
  "rotation": 2.9938543, 
  "xCenter": 0.86460924, 
  "yCenter": 0.7239863, 
  "height": 0.21454275
}