{
  "width": 0.18642195, 
  "rotation": 2.907329, 
  "xCenter": 0.84094733, 
  "yCenter": 0.7827425, 
  "height": 0.23302743
}