{
  "width": 0.16290401, 
  "rotation": -2.9170086, 
  "xCenter": 0.8320415, 
  "yCenter": 0.69126433, 
  "height": 0.20363
}