{
  "width": 0.15479696, 
  "rotation": 2.0055966, 
  "xCenter": 0.4542144, 
  "yCenter": 0.29979378, 
  "height": 0.1934962
}