{
  "width": 0.14307502, 
  "rotation": 2.9231348, 
  "xCenter": 0.6181263, 
  "yCenter": 0.7391167, 
  "height": 0.17884378
}