{
  "width": 0.16464914, 
  "rotation": 2.9664931, 
  "xCenter": 0.6343925, 
  "yCenter": 0.7600907, 
  "height": 0.20581143
}