{
  "width": 0.13933104, 
  "rotation": -3.1307356, 
  "xCenter": 0.5084066, 
  "yCenter": 0.67058444, 
  "height": 0.17416382
}