{
  "width": 0.19610167, 
  "rotation": -3.0089028, 
  "xCenter": 0.8670315, 
  "yCenter": 0.74585396, 
  "height": 0.24512707
}