{
  "width": 0.16978586, 
  "rotation": -3.0359251, 
  "xCenter": 0.6282786, 
  "yCenter": 0.76075476, 
  "height": 0.2122323
}