{
  "width": 0.16611665, 
  "rotation": -3.0591943, 
  "xCenter": 0.50617146, 
  "yCenter": 0.6863283, 
  "height": 0.20764582
}