{
  "width": 0.20390311, 
  "rotation": 2.7811732, 
  "xCenter": 0.69291836, 
  "yCenter": 0.71549153, 
  "height": 0.25487888
}