{
  "width": 0.21081842, 
  "rotation": 2.9098248, 
  "xCenter": 0.68368447, 
  "yCenter": 0.7193931, 
  "height": 0.26352304
}