{
  "width": 0.1747417, 
  "rotation": -3.0454924, 
  "xCenter": 0.83356667, 
  "yCenter": 0.76016486, 
  "height": 0.21842712
}