{
  "width": 0.18608457, 
  "rotation": -2.9827738, 
  "xCenter": 0.85957265, 
  "yCenter": 0.7140332, 
  "height": 0.23260571
}