{
  "width": 0.1754724, 
  "rotation": 2.8038902, 
  "xCenter": 0.97058994, 
  "yCenter": 0.68453234, 
  "height": 0.21934049
}