{
  "width": 0.16965614, 
  "rotation": -2.959995, 
  "xCenter": 0.86090535, 
  "yCenter": 0.70786124, 
  "height": 0.21207017
}