{
  "width": 0.14870065, 
  "rotation": 3.1019483, 
  "xCenter": 0.6029509, 
  "yCenter": 0.72672683, 
  "height": 0.18587583
}