{
  "width": 0.20366266, 
  "rotation": 3.020577, 
  "xCenter": 0.85909396, 
  "yCenter": 0.7478804, 
  "height": 0.25457832
}