{
  "width": 0.18416432, 
  "rotation": 2.800305, 
  "xCenter": 0.91973984, 
  "yCenter": 0.69214463, 
  "height": 0.23020539
}