{
  "width": 0.13952833, 
  "rotation": -2.952833, 
  "xCenter": 0.4999415, 
  "yCenter": 0.6795374, 
  "height": 0.17441042
}