{
  "width": 0.2088444, 
  "rotation": 2.9063663, 
  "xCenter": 0.8939126, 
  "yCenter": 0.7497012, 
  "height": 0.2610555
}