{
  "width": 0.22274135, 
  "rotation": -2.9927583, 
  "xCenter": 0.85515326, 
  "yCenter": 0.7397135, 
  "height": 0.2784267
}