{
  "width": 0.2155302, 
  "rotation": -3.024493, 
  "xCenter": 0.8541056, 
  "yCenter": 0.7305717, 
  "height": 0.26941276
}