{
  "width": 0.18350491, 
  "rotation": -3.1381614, 
  "xCenter": 0.631741, 
  "yCenter": 0.6810571, 
  "height": 0.22938113
}