{
  "width": 0.19128962, 
  "rotation": 2.6707761, 
  "xCenter": 0.9190391, 
  "yCenter": 0.6870756, 
  "height": 0.23911202
}