{
  "width": 0.20473003, 
  "rotation": -3.0388973, 
  "xCenter": 0.8645659, 
  "yCenter": 0.7517859, 
  "height": 0.25591254
}