{
  "width": 0.10397061, 
  "rotation": 3.0689015, 
  "xCenter": 0.69232804, 
  "yCenter": 0.63903296, 
  "height": 0.12996326
}