{
  "width": 0.21228044, 
  "rotation": -3.1203077, 
  "xCenter": 0.87892413, 
  "yCenter": 0.7529252, 
  "height": 0.26535055
}