{
  "width": 0.2079175, 
  "rotation": 3.0250173, 
  "xCenter": 0.8681606, 
  "yCenter": 0.77282, 
  "height": 0.25989687
}