{
  "width": 0.18405956, 
  "rotation": 3.0832024, 
  "xCenter": 0.8447909, 
  "yCenter": 0.7741289, 
  "height": 0.23007444
}