{
  "width": 0.20057508, 
  "rotation": 2.8118396, 
  "xCenter": 0.6962009, 
  "yCenter": 0.71564776, 
  "height": 0.25071886
}