{
  "width": 0.19962603, 
  "rotation": -3.0029943, 
  "xCenter": 0.6632732, 
  "yCenter": 0.7547431, 
  "height": 0.24953254
}