{
  "width": 0.1353968, 
  "rotation": -1.4852766, 
  "xCenter": 0.59959257, 
  "yCenter": 0.4384453, 
  "height": 0.16924599
}