{
  "width": 0.16559309, 
  "rotation": -2.9770086, 
  "xCenter": 0.8917337, 
  "yCenter": 0.6921892, 
  "height": 0.20699134
}