{
  "width": 0.15096356, 
  "rotation": -2.798568, 
  "xCenter": 0.5098255, 
  "yCenter": 0.6592272, 
  "height": 0.18870446
}