{
  "width": 0.18317264, 
  "rotation": 2.9700236, 
  "xCenter": 0.6366147, 
  "yCenter": 0.68358564, 
  "height": 0.2289658
}