{
  "width": 0.09160004, 
  "rotation": -1.6903628, 
  "xCenter": 0.52071095, 
  "yCenter": 0.20691557, 
  "height": 0.114500046
}