{
  "width": 0.2084926, 
  "rotation": 3.009704, 
  "xCenter": 0.8855862, 
  "yCenter": 0.76717407, 
  "height": 0.26061577
}