{
  "width": 0.15310985, 
  "rotation": -2.7782257, 
  "xCenter": 0.49433142, 
  "yCenter": 0.6850832, 
  "height": 0.19138731
}