{
  "width": 0.14893389, 
  "rotation": -2.9312031, 
  "xCenter": 0.52242965, 
  "yCenter": 0.6630033, 
  "height": 0.18616737
}