{
  "width": 0.18430054, 
  "rotation": -2.9798453, 
  "xCenter": 0.84040976, 
  "yCenter": 0.75395274, 
  "height": 0.23037566
}