{
  "width": 0.20386483, 
  "rotation": 2.99529, 
  "xCenter": 0.8959738, 
  "yCenter": 0.703734, 
  "height": 0.25483105
}