{
  "width": 0.54367673, 
  "rotation": 1.6949958, 
  "xCenter": 0.40502885, 
  "yCenter": 0.47864395, 
  "height": 0.67959595
}