{
  "width": 0.22490229, 
  "rotation": -3.0104413, 
  "xCenter": 0.85317296, 
  "yCenter": 0.73931944, 
  "height": 0.28112787
}