{
  "width": 0.14137638, 
  "rotation": -3.0913308, 
  "xCenter": 0.5957787, 
  "yCenter": 0.72366375, 
  "height": 0.17672047
}