{
  "width": 0.16902463, 
  "rotation": -3.031531, 
  "xCenter": 0.61398435, 
  "yCenter": 0.70453554, 
  "height": 0.21128078
}