{
  "width": 0.20157713, 
  "rotation": 2.9671044, 
  "xCenter": 0.8619123, 
  "yCenter": 0.72466713, 
  "height": 0.25197142
}