{
  "width": 0.19134402, 
  "rotation": 2.7632394, 
  "xCenter": 0.70035833, 
  "yCenter": 0.73528457, 
  "height": 0.23918001
}