{
  "width": 0.15359932, 
  "rotation": 2.8281164, 
  "xCenter": 0.58540887, 
  "yCenter": 0.6892716, 
  "height": 0.19199917
}