{
  "width": 0.16034465, 
  "rotation": -2.9681594, 
  "xCenter": 0.616823, 
  "yCenter": 0.7573851, 
  "height": 0.20043081
}