{
  "width": 0.06760994, 
  "rotation": -2.0242984, 
  "xCenter": 0.6975171, 
  "yCenter": 0.4601749, 
  "height": 0.08451243
}