{
  "width": 0.2048788, 
  "rotation": 2.784647, 
  "xCenter": 0.87716824, 
  "yCenter": 0.7679623, 
  "height": 0.2560985
}