{
  "width": 0.17165977, 
  "rotation": 2.8782372, 
  "xCenter": 0.6364585, 
  "yCenter": 0.68113804, 
  "height": 0.21457471
}