{
  "width": 0.16882782, 
  "rotation": -3.0901215, 
  "xCenter": 0.794467, 
  "yCenter": 0.76961005, 
  "height": 0.21103476
}