{
  "width": 0.16928297, 
  "rotation": -3.0645332, 
  "xCenter": 0.6005136, 
  "yCenter": 0.71889883, 
  "height": 0.2116037
}