{
  "width": 0.17449033, 
  "rotation": 2.716864, 
  "xCenter": 0.9177275, 
  "yCenter": 0.69713515, 
  "height": 0.21811292
}