{
  "width": 0.2008001, 
  "rotation": 2.8742352, 
  "xCenter": 0.8727244, 
  "yCenter": 0.7790838, 
  "height": 0.25100014
}