{
  "width": 0.19640757, 
  "rotation": -2.9962697, 
  "xCenter": 0.85173005, 
  "yCenter": 0.7424611, 
  "height": 0.24550946
}