{
  "width": 0.17163002, 
  "rotation": -3.140455, 
  "xCenter": 0.6322593, 
  "yCenter": 0.7087572, 
  "height": 0.21453752
}