{
  "width": 0.16066435, 
  "rotation": 2.9888563, 
  "xCenter": 0.6297654, 
  "yCenter": 0.76304173, 
  "height": 0.20083044
}