{
  "width": 0.19866645, 
  "rotation": 2.8535748, 
  "xCenter": 0.7057066, 
  "yCenter": 0.7060864, 
  "height": 0.24833305
}