{
  "width": 0.16557077, 
  "rotation": -2.9681597, 
  "xCenter": 0.6024031, 
  "yCenter": 0.7458182, 
  "height": 0.20696345
}