{
  "width": 0.20676404, 
  "rotation": 2.8728952, 
  "xCenter": 0.6892857, 
  "yCenter": 0.7281497, 
  "height": 0.25845507
}