{
  "width": 0.19770779, 
  "rotation": 2.958838, 
  "xCenter": 0.87470114, 
  "yCenter": 0.71208906, 
  "height": 0.24713473
}