{
  "width": 0.15224767, 
  "rotation": 3.0251627, 
  "xCenter": 0.5925478, 
  "yCenter": 0.6960106, 
  "height": 0.19030958
}