{
  "width": 0.18957686, 
  "rotation": -2.9768524, 
  "xCenter": 0.85989356, 
  "yCenter": 0.69145364, 
  "height": 0.23697108
}