{
  "width": 0.17977984, 
  "rotation": 2.8052301, 
  "xCenter": 0.8880753, 
  "yCenter": 0.6827244, 
  "height": 0.2247248
}