{
  "width": 0.20041902, 
  "rotation": 3.0834928, 
  "xCenter": 0.8530935, 
  "yCenter": 0.72743297, 
  "height": 0.25052378
}