{
  "width": 0.14279312, 
  "rotation": -2.8542235, 
  "xCenter": 0.6129478, 
  "yCenter": 0.7245186, 
  "height": 0.17849141
}