{
  "width": 0.12993276, 
  "rotation": 3.0050745, 
  "xCenter": 0.56327623, 
  "yCenter": 0.65772355, 
  "height": 0.16241597
}