{
  "width": 0.18319388, 
  "rotation": 2.8902676, 
  "xCenter": 0.65176463, 
  "yCenter": 0.7638341, 
  "height": 0.22899234
}