{
  "width": 0.1708488, 
  "rotation": -3.0055168, 
  "xCenter": 0.89015096, 
  "yCenter": 0.6944194, 
  "height": 0.213561
}