{
  "width": 0.09194671, 
  "rotation": 2.3970628, 
  "xCenter": 0.38911918, 
  "yCenter": 0.4396544, 
  "height": 0.11493339
}