{
  "width": 0.17043255, 
  "rotation": 3.1328936, 
  "xCenter": 0.86196524, 
  "yCenter": 0.6948988, 
  "height": 0.21304068
}