{
  "width": 0.19773956, 
  "rotation": 2.9081502, 
  "xCenter": 0.68441296, 
  "yCenter": 0.7151068, 
  "height": 0.24717444
}