{
  "width": 0.20205042, 
  "rotation": 2.8022575, 
  "xCenter": 0.88288116, 
  "yCenter": 0.7750536, 
  "height": 0.25256303
}