{
  "width": 0.17725442, 
  "rotation": 2.8850968, 
  "xCenter": 0.6445994, 
  "yCenter": 0.7515097, 
  "height": 0.22156802
}