{
  "width": 0.16145594, 
  "rotation": -2.9525833, 
  "xCenter": 0.7981413, 
  "yCenter": 0.747167, 
  "height": 0.20181994
}