{
  "width": 0.19513029, 
  "rotation": 2.9863641, 
  "xCenter": 0.6724394, 
  "yCenter": 0.7697945, 
  "height": 0.24391286
}