{
  "width": 0.14817151, 
  "rotation": -2.9368684, 
  "xCenter": 0.50810534, 
  "yCenter": 0.6617702, 
  "height": 0.18521439
}