{
  "width": 0.176339, 
  "rotation": -2.933313, 
  "xCenter": 0.8583551, 
  "yCenter": 0.7121784, 
  "height": 0.22042374
}