{
  "width": 0.14736944, 
  "rotation": 2.815226, 
  "xCenter": 0.58149475, 
  "yCenter": 0.6855895, 
  "height": 0.18421182
}