{
  "width": 0.20085388, 
  "rotation": -3.0575316, 
  "xCenter": 0.85867894, 
  "yCenter": 0.7549221, 
  "height": 0.25106734
}