{
  "width": 0.14978158, 
  "rotation": -2.936263, 
  "xCenter": 0.5005188, 
  "yCenter": 0.6893116, 
  "height": 0.187227
}