{
  "width": 0.19844778, 
  "rotation": -2.9937246, 
  "xCenter": 0.6619815, 
  "yCenter": 0.7536143, 
  "height": 0.24805972
}