{
  "width": 0.18168832, 
  "rotation": -3.0344868, 
  "xCenter": 0.634566, 
  "yCenter": 0.7289338, 
  "height": 0.2271104
}