{
  "width": 0.1518153, 
  "rotation": -3.0441215, 
  "xCenter": 0.8360639, 
  "yCenter": 0.6869283, 
  "height": 0.18976912
}