{
  "width": 0.19462338, 
  "rotation": 2.8664405, 
  "xCenter": 0.889473, 
  "yCenter": 0.74678665, 
  "height": 0.24327922
}