{
  "width": 0.21414258, 
  "rotation": 2.8514776, 
  "xCenter": 0.69322103, 
  "yCenter": 0.7221018, 
  "height": 0.26767823
}