{
  "width": 0.20352916, 
  "rotation": 2.8820205, 
  "xCenter": 0.68481505, 
  "yCenter": 0.7136518, 
  "height": 0.25441146
}