{
  "width": 0.14757805, 
  "rotation": 3.0206485, 
  "xCenter": 0.9275674, 
  "yCenter": 0.6436604, 
  "height": 0.18447256
}