{
  "width": 0.21043766, 
  "rotation": 2.8612795, 
  "xCenter": 0.68944746, 
  "yCenter": 0.72000813, 
  "height": 0.26304707
}