{
  "width": 0.1935285, 
  "rotation": -3.0813158, 
  "xCenter": 0.66131115, 
  "yCenter": 0.7228478, 
  "height": 0.24191062
}