{
  "width": 0.14841923, 
  "rotation": 3.0828023, 
  "xCenter": 0.6287985, 
  "yCenter": 0.7545942, 
  "height": 0.18552405
}