{
  "width": 0.13280238, 
  "rotation": 3.1024036, 
  "xCenter": 0.62302625, 
  "yCenter": 0.73798084, 
  "height": 0.16600299
}