{
  "width": 0.18308353, 
  "rotation": 2.9129195, 
  "xCenter": 0.63721156, 
  "yCenter": 0.6947463, 
  "height": 0.22885442
}