{
  "width": 0.087187745, 
  "rotation": 1.9447626, 
  "xCenter": 0.49962726, 
  "yCenter": 0.3301799, 
  "height": 0.10898468
}