{
  "width": 0.16616881, 
  "rotation": -3.063176, 
  "xCenter": 0.87840664, 
  "yCenter": 0.7133706, 
  "height": 0.207711
}