{
  "width": 0.17890953, 
  "rotation": 2.7565944, 
  "xCenter": 0.85435426, 
  "yCenter": 0.6783048, 
  "height": 0.2236369
}