{
  "width": 0.21206348, 
  "rotation": 2.8869777, 
  "xCenter": 0.69265676, 
  "yCenter": 0.71598154, 
  "height": 0.26507935
}