{
  "width": 0.20136482, 
  "rotation": -2.93214, 
  "xCenter": 0.8482103, 
  "yCenter": 0.6954979, 
  "height": 0.25170603
}