{
  "width": 0.16852468, 
  "rotation": 2.901188, 
  "xCenter": 0.88608605, 
  "yCenter": 0.6966964, 
  "height": 0.21065585
}