{
  "width": 0.22736262, 
  "rotation": 2.8492694, 
  "xCenter": 0.90047884, 
  "yCenter": 0.72074664, 
  "height": 0.2842033
}