{
  "width": 0.21846877, 
  "rotation": 2.975151, 
  "xCenter": 0.8919941, 
  "yCenter": 0.76013553, 
  "height": 0.27308598
}