{
  "width": 0.168907, 
  "rotation": -2.9143288, 
  "xCenter": 0.48983797, 
  "yCenter": 0.6848907, 
  "height": 0.21113375
}