{
  "width": 0.21484879, 
  "rotation": 2.9577625, 
  "xCenter": 0.8679234, 
  "yCenter": 0.7567069, 
  "height": 0.26856098
}