{
  "width": 0.1766959, 
  "rotation": 2.8166275, 
  "xCenter": 0.8502846, 
  "yCenter": 0.68367875, 
  "height": 0.22086987
}