{
  "width": 0.17608345, 
  "rotation": 2.9709349, 
  "xCenter": 0.63443905, 
  "yCenter": 0.67665446, 
  "height": 0.2201043
}