{
  "width": 0.2043967, 
  "rotation": 2.903841, 
  "xCenter": 0.8955961, 
  "yCenter": 0.7338299, 
  "height": 0.25549588
}