{
  "width": 0.20818065, 
  "rotation": 2.7994187, 
  "xCenter": 0.6913312, 
  "yCenter": 0.71248007, 
  "height": 0.2602258
}