{
  "width": 0.23028664, 
  "rotation": -2.9978273, 
  "xCenter": 0.85559684, 
  "yCenter": 0.733313, 
  "height": 0.2878583
}