{
  "width": 0.17446941, 
  "rotation": 2.9265356, 
  "xCenter": 0.63562083, 
  "yCenter": 0.6831199, 
  "height": 0.21808676
}