{
  "width": 0.1697654, 
  "rotation": -3.10186, 
  "xCenter": 0.50824565, 
  "yCenter": 0.6864619, 
  "height": 0.21220674
}