{
  "width": 0.15864608, 
  "rotation": 1.9854792, 
  "xCenter": 0.45294434, 
  "yCenter": 0.29666793, 
  "height": 0.19830759
}