{
  "width": 0.16295452, 
  "rotation": 3.1411967, 
  "xCenter": 0.511376, 
  "yCenter": 0.67767644, 
  "height": 0.20369315
}