{
  "width": 0.16177613, 
  "rotation": 3.1040833, 
  "xCenter": 0.5116281, 
  "yCenter": 0.68035495, 
  "height": 0.20222016
}