{
  "width": 0.13804804, 
  "rotation": 3.117078, 
  "xCenter": 0.61975306, 
  "yCenter": 0.7436263, 
  "height": 0.17256005
}