{
  "width": 0.15461765, 
  "rotation": 2.9453332, 
  "xCenter": 0.79847026, 
  "yCenter": 0.7304356, 
  "height": 0.19327207
}