{
  "width": 0.19322754, 
  "rotation": 3.1384401, 
  "xCenter": 0.84656966, 
  "yCenter": 0.7863835, 
  "height": 0.24153443
}