{
  "width": 0.17277588, 
  "rotation": 3.0348988, 
  "xCenter": 0.6424048, 
  "yCenter": 0.76180243, 
  "height": 0.21596985
}