{
  "width": 0.1834564, 
  "rotation": 2.7553344, 
  "xCenter": 0.9037386, 
  "yCenter": 0.6920881, 
  "height": 0.2293205
}