{
  "width": 0.14481086, 
  "rotation": -3.0064976, 
  "xCenter": 0.54371375, 
  "yCenter": 0.69246256, 
  "height": 0.18101358
}