{
  "width": 0.21896313, 
  "rotation": -3.0339649, 
  "xCenter": 0.848004, 
  "yCenter": 0.71952575, 
  "height": 0.27370393
}