{
  "width": 0.20257825, 
  "rotation": 2.8637953, 
  "xCenter": 0.6893694, 
  "yCenter": 0.7175075, 
  "height": 0.25322282
}