{
  "width": 0.21306893, 
  "rotation": -3.1368885, 
  "xCenter": 0.8767966, 
  "yCenter": 0.75013655, 
  "height": 0.26633617
}