{
  "width": 0.15633954, 
  "rotation": 2.915579, 
  "xCenter": 0.63252366, 
  "yCenter": 0.7568037, 
  "height": 0.19542444
}