{
  "width": 0.18917952, 
  "rotation": 2.76825, 
  "xCenter": 0.70088345, 
  "yCenter": 0.7336587, 
  "height": 0.2364744
}