{
  "width": 0.14054224, 
  "rotation": 2.9044986, 
  "xCenter": 0.5171056, 
  "yCenter": 0.67884684, 
  "height": 0.17567779
}