{
  "width": 0.16972107, 
  "rotation": -2.9718635, 
  "xCenter": 0.6218047, 
  "yCenter": 0.76064223, 
  "height": 0.21215133
}