{
  "width": 0.60410863, 
  "rotation": -1.7384065, 
  "xCenter": 0.28990015, 
  "yCenter": 0.5140924, 
  "height": 0.7551358
}