{
  "width": 0.15417784, 
  "rotation": 2.8262038, 
  "xCenter": 0.81067884, 
  "yCenter": 0.7225883, 
  "height": 0.1927223
}