{
  "width": 0.2014451, 
  "rotation": 2.7994957, 
  "xCenter": 0.6944366, 
  "yCenter": 0.7087884, 
  "height": 0.25180638
}