{
  "width": 0.22144704, 
  "rotation": -3.0301073, 
  "xCenter": 0.8585122, 
  "yCenter": 0.7425151, 
  "height": 0.2768088
}