{
  "width": 0.18873708, 
  "rotation": -2.985179, 
  "xCenter": 0.8602918, 
  "yCenter": 0.69193923, 
  "height": 0.23592134
}