{
  "width": 0.1253019, 
  "rotation": -2.8437634, 
  "xCenter": 0.6086893, 
  "yCenter": 0.719543, 
  "height": 0.15662737
}