{
  "width": 0.20730118, 
  "rotation": 2.87504, 
  "xCenter": 0.6848897, 
  "yCenter": 0.71863425, 
  "height": 0.25912648
}