{
  "width": 0.14460677, 
  "rotation": 2.9956908, 
  "xCenter": 0.55997884, 
  "yCenter": 0.67459166, 
  "height": 0.18075846
}