{
  "width": 0.13537492, 
  "rotation": 3.1175647, 
  "xCenter": 0.6209929, 
  "yCenter": 0.7416911, 
  "height": 0.16921866
}