{
  "width": 0.18013225, 
  "rotation": 3.0534797, 
  "xCenter": 0.6594859, 
  "yCenter": 0.7706688, 
  "height": 0.22516531
}