{
  "width": 0.16430588, 
  "rotation": 3.0833483, 
  "xCenter": 0.805772, 
  "yCenter": 0.7625651, 
  "height": 0.20538235
}