{
  "width": 0.17426702, 
  "rotation": -3.0224514, 
  "xCenter": 0.88420457, 
  "yCenter": 0.67244667, 
  "height": 0.21783377
}