{
  "width": 0.15650955, 
  "rotation": 3.1398795, 
  "xCenter": 0.5075099, 
  "yCenter": 0.68385625, 
  "height": 0.19563694
}