{
  "width": 0.17179197, 
  "rotation": -3.081622, 
  "xCenter": 0.8853024, 
  "yCenter": 0.7016642, 
  "height": 0.21473995
}