{
  "width": 0.20693746, 
  "rotation": 2.886623, 
  "xCenter": 0.89349324, 
  "yCenter": 0.7440839, 
  "height": 0.25867182
}