{
  "width": 0.17065664, 
  "rotation": -3.0703893, 
  "xCenter": 0.8939379, 
  "yCenter": 0.707044, 
  "height": 0.21332079
}