{
  "width": 0.11322968, 
  "rotation": -0.5266162, 
  "xCenter": 0.44928724, 
  "yCenter": 0.27686426, 
  "height": 0.1415371
}