{
  "width": 0.09684762, 
  "rotation": -2.8573213, 
  "xCenter": 0.4471049, 
  "yCenter": 0.47482395, 
  "height": 0.12105953
}