{
  "width": 0.13139662, 
  "rotation": 2.9843879, 
  "xCenter": 0.84346265, 
  "yCenter": 0.6902234, 
  "height": 0.16424578
}