{
  "width": 0.16027234, 
  "rotation": 2.37986, 
  "xCenter": 0.093279585, 
  "yCenter": 0.35050863, 
  "height": 0.20034043
}