{
  "width": 0.16442552, 
  "rotation": -3.0131876, 
  "xCenter": 0.8051841, 
  "yCenter": 0.75170183, 
  "height": 0.2055319
}