{
  "width": 0.17492132, 
  "rotation": 2.8329601, 
  "xCenter": 0.8709348, 
  "yCenter": 0.6716439, 
  "height": 0.21865164
}