{
  "width": 0.14046621, 
  "rotation": 2.9332528, 
  "xCenter": 0.8994795, 
  "yCenter": 0.6974527, 
  "height": 0.17558278
}