{
  "width": 0.19249453, 
  "rotation": 2.8229094, 
  "xCenter": 0.67581123, 
  "yCenter": 0.746537, 
  "height": 0.24061815
}