{
  "width": 0.14342634, 
  "rotation": -2.3802793, 
  "xCenter": 0.49641496, 
  "yCenter": 0.31790254, 
  "height": 0.17928293
}