{
  "width": 0.19478734, 
  "rotation": 2.82763, 
  "xCenter": 0.68961686, 
  "yCenter": 0.745414, 
  "height": 0.24348417
}