{
  "width": 0.20149685, 
  "rotation": -3.04658, 
  "xCenter": 0.84635866, 
  "yCenter": 0.7662124, 
  "height": 0.25187108
}