{
  "width": 0.18967125, 
  "rotation": 2.8029208, 
  "xCenter": 0.6829872, 
  "yCenter": 0.75127745, 
  "height": 0.23708905
}