{
  "width": 0.21487126, 
  "rotation": -3.1236742, 
  "xCenter": 0.8761513, 
  "yCenter": 0.75074613, 
  "height": 0.26858908
}