{
  "width": 0.16454393, 
  "rotation": -2.9941154, 
  "xCenter": 0.6144618, 
  "yCenter": 0.7609755, 
  "height": 0.2056799
}