{
  "width": 0.19950764, 
  "rotation": 3.0574038, 
  "xCenter": 0.88701576, 
  "yCenter": 0.7580128, 
  "height": 0.24938454
}