{
  "width": 0.1710116, 
  "rotation": -2.8401964, 
  "xCenter": 0.49412417, 
  "yCenter": 0.6860365, 
  "height": 0.2137645
}