{
  "width": 0.19954544, 
  "rotation": 2.8271756, 
  "xCenter": 0.69531363, 
  "yCenter": 0.7161769, 
  "height": 0.2494318
}