{
  "width": 0.20107208, 
  "rotation": 2.9735503, 
  "xCenter": 0.66120344, 
  "yCenter": 0.7409122, 
  "height": 0.2513401
}