{
  "width": 0.17331535, 
  "rotation": 3.1234126, 
  "xCenter": 0.6406647, 
  "yCenter": 0.77116555, 
  "height": 0.21664417
}