{
  "width": 0.1980182, 
  "rotation": 2.9494314, 
  "xCenter": 0.682646, 
  "yCenter": 0.76422894, 
  "height": 0.24752274
}