{
  "width": 0.19021179, 
  "rotation": -3.0720065, 
  "xCenter": 0.659377, 
  "yCenter": 0.72713494, 
  "height": 0.23776473
}