{
  "width": 0.18070643, 
  "rotation": 2.973814, 
  "xCenter": 0.88758147, 
  "yCenter": 0.7276907, 
  "height": 0.22588302
}