{
  "width": 0.20484333, 
  "rotation": -3.0715907, 
  "xCenter": 0.8730091, 
  "yCenter": 0.7508519, 
  "height": 0.25605416
}