{
  "width": 0.16201323, 
  "rotation": 3.135152, 
  "xCenter": 0.5107711, 
  "yCenter": 0.6773207, 
  "height": 0.20251654
}