{
  "width": 0.20357782, 
  "rotation": -3.0179307, 
  "xCenter": 0.86899096, 
  "yCenter": 0.7470313, 
  "height": 0.2544723
}