{
  "width": 0.18027979, 
  "rotation": 2.887187, 
  "xCenter": 0.64437854, 
  "yCenter": 0.7533418, 
  "height": 0.22534972
}