{
  "width": 0.1654574, 
  "rotation": -2.8515613, 
  "xCenter": 0.49665344, 
  "yCenter": 0.68160915, 
  "height": 0.20682175
}