{
  "width": 0.21732353, 
  "rotation": -3.0141804, 
  "xCenter": 0.85826385, 
  "yCenter": 0.74080884, 
  "height": 0.27165443
}