{
  "width": 0.16736425, 
  "rotation": 2.8066928, 
  "xCenter": 0.85908675, 
  "yCenter": 0.6679641, 
  "height": 0.20920531
}