{
  "width": 0.15964277, 
  "rotation": -3.0601141, 
  "xCenter": 0.6220071, 
  "yCenter": 0.7440993, 
  "height": 0.19955347
}