{
  "width": 0.15453094, 
  "rotation": -3.0431144, 
  "xCenter": 0.52661216, 
  "yCenter": 0.6647506, 
  "height": 0.19316368
}