{
  "width": 0.17522615, 
  "rotation": -3.0221987, 
  "xCenter": 0.8846018, 
  "yCenter": 0.6706877, 
  "height": 0.21903268
}