{
  "width": 0.17612964, 
  "rotation": -2.9959178, 
  "xCenter": 0.79971904, 
  "yCenter": 0.7226239, 
  "height": 0.22016203
}