{
  "width": 0.12352091, 
  "rotation": 1.8916821, 
  "xCenter": 0.5049399, 
  "yCenter": 0.3296931, 
  "height": 0.15440114
}