{
  "width": 0.19945788, 
  "rotation": 2.882581, 
  "xCenter": 0.67949986, 
  "yCenter": 0.73129946, 
  "height": 0.24932235
}