{
  "width": 0.2097471, 
  "rotation": 2.9861155, 
  "xCenter": 0.86615455, 
  "yCenter": 0.7558683, 
  "height": 0.26218387
}