{
  "width": 0.1767895, 
  "rotation": 2.844078, 
  "xCenter": 0.82314175, 
  "yCenter": 0.75546306, 
  "height": 0.22098687
}