{
  "width": 0.16544943, 
  "rotation": -3.0515282, 
  "xCenter": 0.60564286, 
  "yCenter": 0.74427223, 
  "height": 0.20681177
}