{
  "width": 0.13670674, 
  "rotation": -2.9726388, 
  "xCenter": 0.5039848, 
  "yCenter": 0.6887923, 
  "height": 0.17088342
}