{
  "width": 0.20507097, 
  "rotation": 2.856861, 
  "xCenter": 0.89812434, 
  "yCenter": 0.72955817, 
  "height": 0.25633872
}