{
  "width": 0.15896446, 
  "rotation": -2.9776313, 
  "xCenter": 0.5394792, 
  "yCenter": 0.6857457, 
  "height": 0.19870558
}