{
  "width": 0.1760616, 
  "rotation": 2.7212038, 
  "xCenter": 0.9041994, 
  "yCenter": 0.6836086, 
  "height": 0.220077
}