{
  "width": 0.14275733, 
  "rotation": 2.6979437, 
  "xCenter": 0.5881467, 
  "yCenter": 0.6830205, 
  "height": 0.17844667
}