{
  "width": 0.19713424, 
  "rotation": 2.7402706, 
  "xCenter": 0.70423716, 
  "yCenter": 0.7011892, 
  "height": 0.24641779
}