{
  "width": 0.1340052, 
  "rotation": -3.0049188, 
  "xCenter": 0.50887275, 
  "yCenter": 0.66694874, 
  "height": 0.1675065
}