{
  "width": 0.18976702, 
  "rotation": 2.9100704, 
  "xCenter": 0.86427814, 
  "yCenter": 0.71592563, 
  "height": 0.23720877
}