{
  "width": 0.19125676, 
  "rotation": 2.7012947, 
  "xCenter": 0.6946262, 
  "yCenter": 0.7102926, 
  "height": 0.23907095
}