{
  "width": 0.14936006, 
  "rotation": 2.8531752, 
  "xCenter": 0.80514663, 
  "yCenter": 0.7189367, 
  "height": 0.18670009
}