{
  "width": 0.19802006, 
  "rotation": -3.1393833, 
  "xCenter": 0.6759217, 
  "yCenter": 0.75442535, 
  "height": 0.24752507
}