{
  "width": 0.18698496, 
  "rotation": 2.9941006, 
  "xCenter": 0.6372113, 
  "yCenter": 0.6863402, 
  "height": 0.2337312
}