{
  "width": 0.0876498, 
  "rotation": 2.5049577, 
  "xCenter": 0.3969038, 
  "yCenter": 0.15254042, 
  "height": 0.10956225
}