{
  "width": 0.16850097, 
  "rotation": 2.9603405, 
  "xCenter": 0.6344008, 
  "yCenter": 0.6744696, 
  "height": 0.21062621
}