{
  "width": 0.15486684, 
  "rotation": 2.9887342, 
  "xCenter": 0.8756561, 
  "yCenter": 0.71904725, 
  "height": 0.19358356
}