{
  "width": 0.16016333, 
  "rotation": -3.1318414, 
  "xCenter": 0.51028043, 
  "yCenter": 0.67779934, 
  "height": 0.20020416
}