{
  "width": 0.21326853, 
  "rotation": 3.042438, 
  "xCenter": 0.8904784, 
  "yCenter": 0.7064754, 
  "height": 0.26658568
}