{
  "width": 0.14646395, 
  "rotation": -2.9017277, 
  "xCenter": 0.517532, 
  "yCenter": 0.6595539, 
  "height": 0.18307994
}