{
  "width": 0.20224738, 
  "rotation": -3.0347168, 
  "xCenter": 0.8692067, 
  "yCenter": 0.7465424, 
  "height": 0.25280923
}