{
  "width": 0.20351692, 
  "rotation": -3.0187252, 
  "xCenter": 0.8683291, 
  "yCenter": 0.7506759, 
  "height": 0.25439614
}