{
  "width": 0.099366695, 
  "rotation": -1.7296909, 
  "xCenter": 0.54388505, 
  "yCenter": 0.20839214, 
  "height": 0.12420837
}