{
  "width": 0.16057803, 
  "rotation": -3.043886, 
  "xCenter": 0.61397576, 
  "yCenter": 0.747144, 
  "height": 0.20072255
}