{
  "width": 0.16094577, 
  "rotation": 3.0836978, 
  "xCenter": 0.62791705, 
  "yCenter": 0.7424547, 
  "height": 0.20118223
}