{
  "width": 0.1653287, 
  "rotation": 3.133839, 
  "xCenter": 0.63011265, 
  "yCenter": 0.75418717, 
  "height": 0.20666087
}