{
  "width": 0.19404984, 
  "rotation": 2.9673085, 
  "xCenter": 0.6796398, 
  "yCenter": 0.75638765, 
  "height": 0.24256228
}