{
  "width": 0.17490256, 
  "rotation": -3.0428517, 
  "xCenter": 0.8333977, 
  "yCenter": 0.760326, 
  "height": 0.2186282
}