{
  "width": 0.13398103, 
  "rotation": -3.0217397, 
  "xCenter": 0.5046083, 
  "yCenter": 0.6906506, 
  "height": 0.1674763
}