{
  "width": 0.16773681, 
  "rotation": 1.9910941, 
  "xCenter": 0.3904359, 
  "yCenter": 0.24042022, 
  "height": 0.209671
}