{
  "width": 0.22532846, 
  "rotation": -3.0203536, 
  "xCenter": 0.84901035, 
  "yCenter": 0.7315588, 
  "height": 0.2816606
}