{
  "width": 0.1795212, 
  "rotation": -3.0394776, 
  "xCenter": 0.888961, 
  "yCenter": 0.7103163, 
  "height": 0.22440149
}