{
  "width": 0.16072184, 
  "rotation": 3.1294007, 
  "xCenter": 0.89824665, 
  "yCenter": 0.70866376, 
  "height": 0.20090231
}