{
  "width": 0.11195494, 
  "rotation": -3.022802, 
  "xCenter": 0.8632301, 
  "yCenter": 0.6608351, 
  "height": 0.13994367
}