{
  "width": 0.14696574, 
  "rotation": -2.9166405, 
  "xCenter": 0.5190577, 
  "yCenter": 0.6619224, 
  "height": 0.18370719
}