{
  "width": 0.2180987, 
  "rotation": 2.9519265, 
  "xCenter": 0.86505514, 
  "yCenter": 0.75655663, 
  "height": 0.2726234
}