{
  "width": 0.19793993, 
  "rotation": 2.8358426, 
  "xCenter": 0.68704253, 
  "yCenter": 0.7484734, 
  "height": 0.24742492
}