{
  "width": 0.16900432, 
  "rotation": 3.046597, 
  "xCenter": 0.6926419, 
  "yCenter": 0.69833755, 
  "height": 0.2112554
}