{
  "width": 0.20233029, 
  "rotation": -3.010205, 
  "xCenter": 0.8687866, 
  "yCenter": 0.7459457, 
  "height": 0.25291288
}