{
  "width": 0.16151004, 
  "rotation": -3.0892098, 
  "xCenter": 0.62296224, 
  "yCenter": 0.7449136, 
  "height": 0.20188755
}