{
  "width": 0.18915844, 
  "rotation": 3.020736, 
  "xCenter": 0.6790859, 
  "yCenter": 0.72699344, 
  "height": 0.23644805
}