{
  "width": 0.18585584, 
  "rotation": 2.9845636, 
  "xCenter": 0.8505494, 
  "yCenter": 0.7836349, 
  "height": 0.23231979
}