{
  "width": 0.18767722, 
  "rotation": 2.9371312, 
  "xCenter": 0.83796185, 
  "yCenter": 0.7672356, 
  "height": 0.23459652
}