{
  "width": 0.13547395, 
  "rotation": 3.0039296, 
  "xCenter": 0.58101904, 
  "yCenter": 0.5473542, 
  "height": 0.16934244
}