{
  "width": 0.16941531, 
  "rotation": -2.9784458, 
  "xCenter": 0.6217533, 
  "yCenter": 0.76156056, 
  "height": 0.21176913
}