{
  "width": 0.1994768, 
  "rotation": 2.729847, 
  "xCenter": 0.7031365, 
  "yCenter": 0.6979478, 
  "height": 0.24934599
}