{
  "width": 0.18659149, 
  "rotation": 2.9306145, 
  "xCenter": 0.63594043, 
  "yCenter": 0.69510525, 
  "height": 0.23323935
}