{
  "width": 0.19929734, 
  "rotation": 3.0448651, 
  "xCenter": 0.887396, 
  "yCenter": 0.7609781, 
  "height": 0.24912167
}