{
  "width": 0.15260673, 
  "rotation": -2.8419309, 
  "xCenter": 0.45666137, 
  "yCenter": 0.67596805, 
  "height": 0.19075842
}