{
  "width": 0.17399335, 
  "rotation": -3.0041203, 
  "xCenter": 0.60766846, 
  "yCenter": 0.71544576, 
  "height": 0.21749167
}