{
  "width": 0.21031012, 
  "rotation": 2.8597496, 
  "xCenter": 0.6879496, 
  "yCenter": 0.7279169, 
  "height": 0.26288766
}