{
  "width": 0.17337376, 
  "rotation": 3.0883327, 
  "xCenter": 0.6342615, 
  "yCenter": 0.75818807, 
  "height": 0.2167172
}