{
  "width": 0.15014833, 
  "rotation": -2.8440936, 
  "xCenter": 0.4954418, 
  "yCenter": 0.69369656, 
  "height": 0.18768542
}