{
  "width": 0.1719423, 
  "rotation": 2.8959975, 
  "xCenter": 0.6360807, 
  "yCenter": 0.6818011, 
  "height": 0.21492785
}