{
  "width": 0.16237415, 
  "rotation": -2.880277, 
  "xCenter": 0.49577045, 
  "yCenter": 0.6894948, 
  "height": 0.2029677
}