{
  "width": 0.1889968, 
  "rotation": 2.8964758, 
  "xCenter": 0.6850343, 
  "yCenter": 0.71966416, 
  "height": 0.236246
}