{
  "width": 0.14694746, 
  "rotation": 2.8098314, 
  "xCenter": 0.58165413, 
  "yCenter": 0.68531656, 
  "height": 0.18368433
}