{
  "width": 0.15060604, 
  "rotation": 3.024664, 
  "xCenter": 0.59276515, 
  "yCenter": 0.6957986, 
  "height": 0.18825756
}