{
  "width": 0.21248329, 
  "rotation": 2.914867, 
  "xCenter": 0.69211304, 
  "yCenter": 0.7173467, 
  "height": 0.2656041
}