{
  "width": 0.16809773, 
  "rotation": 2.8053942, 
  "xCenter": 0.59405583, 
  "yCenter": 0.6999722, 
  "height": 0.21012217
}