{
  "width": 0.09109167, 
  "rotation": 2.273261, 
  "xCenter": 0.11639565, 
  "yCenter": 0.31006768, 
  "height": 0.113864586
}