{
  "width": 0.16602948, 
  "rotation": -2.9405205, 
  "xCenter": 0.50116104, 
  "yCenter": 0.68605816, 
  "height": 0.20753685
}