{
  "width": 0.20168592, 
  "rotation": 3.0225005, 
  "xCenter": 0.8693705, 
  "yCenter": 0.7185369, 
  "height": 0.2521074
}