{
  "width": 0.08654578, 
  "rotation": 2.3950403, 
  "xCenter": 0.33316323, 
  "yCenter": 0.39885214, 
  "height": 0.10818222
}