{
  "width": 0.098344736, 
  "rotation": -0.8209268, 
  "xCenter": 0.32106474, 
  "yCenter": 0.35155746, 
  "height": 0.122930914
}