{
  "width": 0.17779264, 
  "rotation": 2.8390074, 
  "xCenter": 0.8983584, 
  "yCenter": 0.69700503, 
  "height": 0.22224079
}