{
  "width": 0.16689268, 
  "rotation": -3.055975, 
  "xCenter": 0.89781183, 
  "yCenter": 0.6984484, 
  "height": 0.20861584
}