{
  "width": 0.16770287, 
  "rotation": 2.884735, 
  "xCenter": 0.8869332, 
  "yCenter": 0.69589734, 
  "height": 0.20962858
}