{
  "width": 0.17080308, 
  "rotation": 2.9654164, 
  "xCenter": 0.6336185, 
  "yCenter": 0.6762033, 
  "height": 0.21350385
}