{
  "width": 0.1670382, 
  "rotation": 2.9793024, 
  "xCenter": 0.6328919, 
  "yCenter": 0.6785575, 
  "height": 0.20879774
}