{
  "width": 0.16902773, 
  "rotation": -3.0857673, 
  "xCenter": 0.9115241, 
  "yCenter": 0.700099, 
  "height": 0.21128465
}