{
  "width": 0.18027095, 
  "rotation": 2.7244456, 
  "xCenter": 0.8580769, 
  "yCenter": 0.678899, 
  "height": 0.22533868
}