{
  "width": 0.19396366, 
  "rotation": 3.1263146, 
  "xCenter": 0.84755665, 
  "yCenter": 0.77122384, 
  "height": 0.24245457
}