{
  "width": 0.19887179, 
  "rotation": 3.0292695, 
  "xCenter": 0.670163, 
  "yCenter": 0.7731565, 
  "height": 0.24858972
}