{
  "width": 0.14351282, 
  "rotation": 2.78619, 
  "xCenter": 0.6265137, 
  "yCenter": 0.7427734, 
  "height": 0.17939103
}