{
  "width": 0.1714346, 
  "rotation": -2.9593701, 
  "xCenter": 0.8421518, 
  "yCenter": 0.69934034, 
  "height": 0.21429324
}