{
  "width": 0.1961483, 
  "rotation": 3.0573204, 
  "xCenter": 0.68527085, 
  "yCenter": 0.72264874, 
  "height": 0.24518538
}