{
  "width": 0.1430245, 
  "rotation": 3.0826106, 
  "xCenter": 0.6140484, 
  "yCenter": 0.7378865, 
  "height": 0.17878063
}