{
  "width": 0.16897132, 
  "rotation": -3.0129755, 
  "xCenter": 0.61213833, 
  "yCenter": 0.7083028, 
  "height": 0.21121414
}