{
  "width": 0.15381505, 
  "rotation": 3.0448081, 
  "xCenter": 0.6187677, 
  "yCenter": 0.7344325, 
  "height": 0.19226882
}