{
  "width": 0.16047436, 
  "rotation": 2.8719163, 
  "xCenter": 0.8502216, 
  "yCenter": 0.6888883, 
  "height": 0.20059295
}