{
  "width": 0.16292694, 
  "rotation": -2.9722667, 
  "xCenter": 0.89068395, 
  "yCenter": 0.691536, 
  "height": 0.20365867
}