{
  "width": 0.20222181, 
  "rotation": -3.0004294, 
  "xCenter": 0.86587954, 
  "yCenter": 0.7462022, 
  "height": 0.25277728
}