{
  "width": 0.18076888, 
  "rotation": 2.7344728, 
  "xCenter": 0.90918, 
  "yCenter": 0.69471514, 
  "height": 0.22596109
}