{
  "width": 0.19708976, 
  "rotation": 2.980554, 
  "xCenter": 0.6825165, 
  "yCenter": 0.7562027, 
  "height": 0.2463622
}