{
  "width": 0.08718992, 
  "rotation": 2.5040696, 
  "xCenter": 0.39677626, 
  "yCenter": 0.15246396, 
  "height": 0.1089874
}