{
  "width": 0.19868055, 
  "rotation": 3.0212464, 
  "xCenter": 0.8932139, 
  "yCenter": 0.6924497, 
  "height": 0.24835068
}