{
  "width": 0.20000091, 
  "rotation": 3.119957, 
  "xCenter": 0.6707207, 
  "yCenter": 0.72538257, 
  "height": 0.25000113
}