{
  "width": 0.19635427, 
  "rotation": 2.7976916, 
  "xCenter": 0.695385, 
  "yCenter": 0.7063992, 
  "height": 0.24544282
}