{
  "width": 0.1820057, 
  "rotation": 2.8530407, 
  "xCenter": 0.66418743, 
  "yCenter": 0.7544477, 
  "height": 0.22750713
}