{
  "width": 0.15412949, 
  "rotation": 2.9308643, 
  "xCenter": 0.6259807, 
  "yCenter": 0.75838256, 
  "height": 0.19266187
}