{
  "width": 0.20323782, 
  "rotation": 2.995432, 
  "xCenter": 0.6800953, 
  "yCenter": 0.7641594, 
  "height": 0.25404727
}