{
  "width": 0.17500702, 
  "rotation": 2.7547946, 
  "xCenter": 0.85373163, 
  "yCenter": 0.67790836, 
  "height": 0.21875876
}