{
  "width": 0.14879954, 
  "rotation": -2.9683661, 
  "xCenter": 0.7915907, 
  "yCenter": 0.7392288, 
  "height": 0.18599942
}