{
  "width": 0.19846606, 
  "rotation": 2.8294387, 
  "xCenter": 0.89677054, 
  "yCenter": 0.7069651, 
  "height": 0.24808258
}