{
  "width": 0.17198676, 
  "rotation": 3.0763123, 
  "xCenter": 0.674209, 
  "yCenter": 0.73761857, 
  "height": 0.21498345
}