{
  "width": 0.1998182, 
  "rotation": 2.830307, 
  "xCenter": 0.6950778, 
  "yCenter": 0.715846, 
  "height": 0.24977274
}