{
  "width": 0.2134277, 
  "rotation": 2.9548693, 
  "xCenter": 0.8684516, 
  "yCenter": 0.7562262, 
  "height": 0.2667846
}