{
  "width": 0.21280873, 
  "rotation": 2.9457572, 
  "xCenter": 0.86709446, 
  "yCenter": 0.7558835, 
  "height": 0.2660109
}