{
  "width": 0.17433877, 
  "rotation": 3.046262, 
  "xCenter": 0.68308073, 
  "yCenter": 0.73959523, 
  "height": 0.21792346
}