{
  "width": 0.1584453, 
  "rotation": -2.9357708, 
  "xCenter": 0.79623884, 
  "yCenter": 0.7458948, 
  "height": 0.19805664
}