{
  "width": 0.15054204, 
  "rotation": 3.0790305, 
  "xCenter": 0.80314136, 
  "yCenter": 0.73962915, 
  "height": 0.18817756
}