{
  "width": 0.17414583, 
  "rotation": 2.9796205, 
  "xCenter": 0.8722686, 
  "yCenter": 0.7214034, 
  "height": 0.21768229
}