{
  "width": 0.20755038, 
  "rotation": 2.9028616, 
  "xCenter": 0.6833718, 
  "yCenter": 0.71789795, 
  "height": 0.25943798
}