{
  "width": 0.19105607, 
  "rotation": -2.9800203, 
  "xCenter": 0.85885644, 
  "yCenter": 0.7416703, 
  "height": 0.23882009
}