{
  "width": 0.15331744, 
  "rotation": -3.0304883, 
  "xCenter": 0.5374413, 
  "yCenter": 0.67598456, 
  "height": 0.1916468
}