{
  "width": 0.19550471, 
  "rotation": 2.8361983, 
  "xCenter": 0.69343054, 
  "yCenter": 0.74322486, 
  "height": 0.24438088
}