{
  "width": 0.20891537, 
  "rotation": -3.04723, 
  "xCenter": 0.85524845, 
  "yCenter": 0.74341786, 
  "height": 0.26114422
}