{
  "width": 0.2168301, 
  "rotation": 2.9625812, 
  "xCenter": 0.89023435, 
  "yCenter": 0.7620616, 
  "height": 0.27103764
}