{
  "width": 0.19413646, 
  "rotation": 2.9320207, 
  "xCenter": 0.66365975, 
  "yCenter": 0.73424184, 
  "height": 0.24267057
}