{
  "width": 0.1702193, 
  "rotation": 3.0961838, 
  "xCenter": 0.62924933, 
  "yCenter": 0.76480186, 
  "height": 0.21277413
}