{
  "width": 0.16239244, 
  "rotation": -3.0613673, 
  "xCenter": 0.507418, 
  "yCenter": 0.691155, 
  "height": 0.20299056
}