{
  "width": 0.12679443, 
  "rotation": -3.0096285, 
  "xCenter": 0.8685262, 
  "yCenter": 0.67472947, 
  "height": 0.15849304
}