{
  "width": 0.15449119, 
  "rotation": -3.013296, 
  "xCenter": 0.7996416, 
  "yCenter": 0.7707583, 
  "height": 0.193114
}