{
  "width": 0.21200876, 
  "rotation": 3.1406097, 
  "xCenter": 0.87745285, 
  "yCenter": 0.75250554, 
  "height": 0.26501095
}