{
  "width": 0.16550381, 
  "rotation": -3.1084173, 
  "xCenter": 0.86021364, 
  "yCenter": 0.69241107, 
  "height": 0.20687976
}