{
  "width": 0.21722063, 
  "rotation": 2.9529448, 
  "xCenter": 0.89174354, 
  "yCenter": 0.7578159, 
  "height": 0.2715258
}