{
  "width": 0.22978531, 
  "rotation": 2.84942, 
  "xCenter": 0.90622705, 
  "yCenter": 0.71822536, 
  "height": 0.28723162
}