{
  "width": 0.17530054, 
  "rotation": 3.1187108, 
  "xCenter": 0.6723657, 
  "yCenter": 0.7382615, 
  "height": 0.21912566
}