{
  "width": 0.18289076, 
  "rotation": -3.097253, 
  "xCenter": 0.6593263, 
  "yCenter": 0.7278226, 
  "height": 0.22861344
}