{
  "width": 0.1652698, 
  "rotation": -2.493419, 
  "xCenter": 0.6633012, 
  "yCenter": 0.6546435, 
  "height": 0.20658726
}