{
  "width": 0.17164505, 
  "rotation": 3.0074077, 
  "xCenter": 0.6341138, 
  "yCenter": 0.76677537, 
  "height": 0.2145563
}