{
  "width": 0.20211318, 
  "rotation": 2.862072, 
  "xCenter": 0.6910758, 
  "yCenter": 0.72019565, 
  "height": 0.25264147
}