{
  "width": 0.13382643, 
  "rotation": 3.0693946, 
  "xCenter": 0.6241828, 
  "yCenter": 0.7371598, 
  "height": 0.16728306
}