{
  "width": 0.2110312, 
  "rotation": -3.019939, 
  "xCenter": 0.85489666, 
  "yCenter": 0.74093235, 
  "height": 0.263789
}