{
  "width": 0.17175943, 
  "rotation": -3.1026413, 
  "xCenter": 0.6464023, 
  "yCenter": 0.7284205, 
  "height": 0.21469927
}