{
  "width": 0.1150918, 
  "rotation": 2.068327, 
  "xCenter": 0.10220628, 
  "yCenter": 0.16724117, 
  "height": 0.14386475
}