{
  "width": 0.1723976, 
  "rotation": -3.0939047, 
  "xCenter": 0.6437996, 
  "yCenter": 0.7692181, 
  "height": 0.21549699
}