{
  "width": 0.1779752, 
  "rotation": 3.0886097, 
  "xCenter": 0.82981354, 
  "yCenter": 0.754196, 
  "height": 0.22246899
}