{
  "width": 0.1910319, 
  "rotation": -2.9578736, 
  "xCenter": 0.8566615, 
  "yCenter": 0.7127089, 
  "height": 0.23878987
}