{
  "width": 0.20462172, 
  "rotation": -3.0401442, 
  "xCenter": 0.86601907, 
  "yCenter": 0.75038934, 
  "height": 0.25577715
}