{
  "width": 0.16831934, 
  "rotation": -3.131851, 
  "xCenter": 0.62660396, 
  "yCenter": 0.7491474, 
  "height": 0.21039918
}