{
  "width": 0.17816457, 
  "rotation": 2.8893642, 
  "xCenter": 0.63893557, 
  "yCenter": 0.69489443, 
  "height": 0.2227057
}