{
  "width": 0.15746093, 
  "rotation": -3.0662067, 
  "xCenter": 0.7955977, 
  "yCenter": 0.7690451, 
  "height": 0.19682616
}