{
  "width": 0.16810519, 
  "rotation": -3.084327, 
  "xCenter": 0.65018463, 
  "yCenter": 0.7208177, 
  "height": 0.21013147
}