{
  "width": 0.19788276, 
  "rotation": 2.9985452, 
  "xCenter": 0.6746697, 
  "yCenter": 0.76361364, 
  "height": 0.24735343
}