{
  "width": 0.0880525, 
  "rotation": 2.2538686, 
  "xCenter": 0.28490996, 
  "yCenter": 0.36167935, 
  "height": 0.11006562
}