{
  "width": 0.14639173, 
  "rotation": -3.0259342, 
  "xCenter": 0.7822318, 
  "yCenter": 0.7496739, 
  "height": 0.18298967
}