{
  "width": 0.2176702, 
  "rotation": 3.0468655, 
  "xCenter": 0.8688231, 
  "yCenter": 0.7512759, 
  "height": 0.27208775
}