{
  "width": 0.15343645, 
  "rotation": 3.028572, 
  "xCenter": 0.89964765, 
  "yCenter": 0.72398925, 
  "height": 0.19179557
}