{
  "width": 0.14257538, 
  "rotation": 2.9640746, 
  "xCenter": 0.5158403, 
  "yCenter": 0.6813929, 
  "height": 0.17821924
}