{
  "width": 0.21944664, 
  "rotation": 2.9908197, 
  "xCenter": 0.89458966, 
  "yCenter": 0.70693445, 
  "height": 0.27430832
}