{
  "width": 0.18861201, 
  "rotation": 3.0918474, 
  "xCenter": 0.68160385, 
  "yCenter": 0.719926, 
  "height": 0.23576501
}