{
  "width": 0.21118711, 
  "rotation": 2.8739243, 
  "xCenter": 0.8875082, 
  "yCenter": 0.7154233, 
  "height": 0.26398388
}