{
  "width": 0.17134595, 
  "rotation": -3.014753, 
  "xCenter": 0.88971466, 
  "yCenter": 0.6941709, 
  "height": 0.21418244
}