{
  "width": 0.15822114, 
  "rotation": -3.0672567, 
  "xCenter": 0.5045007, 
  "yCenter": 0.6786853, 
  "height": 0.19777642
}