{
  "width": 0.08742474, 
  "rotation": 2.457806, 
  "xCenter": 0.42977145, 
  "yCenter": 0.19075783, 
  "height": 0.10928093
}