{
  "width": 0.2195294, 
  "rotation": 2.9065328, 
  "xCenter": 0.8805563, 
  "yCenter": 0.7755502, 
  "height": 0.27441177
}