{
  "width": 0.16367204, 
  "rotation": -2.9783742, 
  "xCenter": 0.89112836, 
  "yCenter": 0.6912612, 
  "height": 0.20459005
}