{
  "width": 0.094729915, 
  "rotation": 2.0745957, 
  "xCenter": 0.10519244, 
  "yCenter": 0.16168258, 
  "height": 0.11841239
}