{
  "width": 0.1463268, 
  "rotation": -3.0833602, 
  "xCenter": 0.7933824, 
  "yCenter": 0.73377347, 
  "height": 0.1829085
}