{
  "width": 0.17452335, 
  "rotation": 3.1274471, 
  "xCenter": 0.65378827, 
  "yCenter": 0.77599555, 
  "height": 0.21815418
}