{
  "width": 0.18131469, 
  "rotation": 2.8739874, 
  "xCenter": 0.90567034, 
  "yCenter": 0.7034876, 
  "height": 0.22664335
}