{
  "width": 0.21644251, 
  "rotation": -3.1336746, 
  "xCenter": 0.87655574, 
  "yCenter": 0.7493592, 
  "height": 0.27055314
}