{
  "width": 0.14262429, 
  "rotation": -3.1160443, 
  "xCenter": 0.5058993, 
  "yCenter": 0.66602457, 
  "height": 0.17828035
}