{
  "width": 0.1366192, 
  "rotation": 3.094161, 
  "xCenter": 0.6219477, 
  "yCenter": 0.74205536, 
  "height": 0.170774
}