{
  "width": 0.16916488, 
  "rotation": 2.8956375, 
  "xCenter": 0.8886625, 
  "yCenter": 0.7006688, 
  "height": 0.21145609
}