{
  "width": 0.14469665, 
  "rotation": 2.9365764, 
  "xCenter": 0.51510847, 
  "yCenter": 0.679807, 
  "height": 0.18087082
}