{
  "width": 0.14106534, 
  "rotation": -3.09079, 
  "xCenter": 0.78754807, 
  "yCenter": 0.75138175, 
  "height": 0.17633168
}