{
  "width": 0.1557821, 
  "rotation": 2.876474, 
  "xCenter": 0.79687065, 
  "yCenter": 0.7180679, 
  "height": 0.19472764
}