{
  "width": 0.16096127, 
  "rotation": -2.853739, 
  "xCenter": 0.49798778, 
  "yCenter": 0.6824466, 
  "height": 0.2012016
}