{
  "width": 0.16317536, 
  "rotation": -3.0296352, 
  "xCenter": 0.80783254, 
  "yCenter": 0.77300507, 
  "height": 0.2039692
}