{
  "width": 0.17392594, 
  "rotation": 3.0456657, 
  "xCenter": 0.81803685, 
  "yCenter": 0.7642583, 
  "height": 0.2174074
}