{
  "width": 0.17270118, 
  "rotation": 2.9596043, 
  "xCenter": 0.8739539, 
  "yCenter": 0.7242078, 
  "height": 0.21587647
}