{
  "width": 0.16275926, 
  "rotation": 2.7575264, 
  "xCenter": 0.59440094, 
  "yCenter": 0.6991702, 
  "height": 0.20344907
}