{
  "width": 0.5311419, 
  "rotation": -1.4624528, 
  "xCenter": 0.26965317, 
  "yCenter": 0.47658008, 
  "height": 0.6639273
}