{
  "width": 0.17651257, 
  "rotation": 2.823667, 
  "xCenter": 0.8506866, 
  "yCenter": 0.68819815, 
  "height": 0.2206407
}