{
  "width": 0.15102044, 
  "rotation": -2.7971244, 
  "xCenter": 0.5097513, 
  "yCenter": 0.6592203, 
  "height": 0.18877555
}