{
  "width": 0.15935808, 
  "rotation": -2.9797075, 
  "xCenter": 0.53959876, 
  "yCenter": 0.68614817, 
  "height": 0.19919762
}