{
  "width": 0.20372225, 
  "rotation": 2.9665897, 
  "xCenter": 0.68101245, 
  "yCenter": 0.7659036, 
  "height": 0.25465283
}