{
  "width": 0.19510937, 
  "rotation": 2.929665, 
  "xCenter": 0.883644, 
  "yCenter": 0.7081718, 
  "height": 0.24388671
}