{
  "width": 0.20048225, 
  "rotation": 3.0224414, 
  "xCenter": 0.8613289, 
  "yCenter": 0.72938347, 
  "height": 0.2506028
}