{
  "width": 0.15475309, 
  "rotation": -2.9701788, 
  "xCenter": 0.5347311, 
  "yCenter": 0.67215216, 
  "height": 0.19344138
}