{
  "width": 0.15348914, 
  "rotation": 3.0706296, 
  "xCenter": 0.8025379, 
  "yCenter": 0.73856306, 
  "height": 0.19186144
}