{
  "width": 0.16906105, 
  "rotation": 3.0220828, 
  "xCenter": 0.87293816, 
  "yCenter": 0.72184384, 
  "height": 0.2113263
}