{
  "width": 0.1883935, 
  "rotation": 3.1248276, 
  "xCenter": 0.85124826, 
  "yCenter": 0.7473705, 
  "height": 0.23549187
}