{
  "width": 0.16044398, 
  "rotation": 3.0440342, 
  "xCenter": 0.5119184, 
  "yCenter": 0.6852096, 
  "height": 0.20055498
}