{
  "width": 0.17207634, 
  "rotation": 2.6164808, 
  "xCenter": 0.95617914, 
  "yCenter": 0.68593705, 
  "height": 0.21509542
}