{
  "width": 0.16629185, 
  "rotation": -2.932978, 
  "xCenter": 0.8129001, 
  "yCenter": 0.7594377, 
  "height": 0.2078648
}