{
  "width": 0.18199657, 
  "rotation": 2.8422632, 
  "xCenter": 0.9036102, 
  "yCenter": 0.7042727, 
  "height": 0.2274957
}