{
  "width": 0.15405789, 
  "rotation": 2.9265041, 
  "xCenter": 0.79887587, 
  "yCenter": 0.73006034, 
  "height": 0.19257237
}