{
  "width": 0.21232165, 
  "rotation": 2.8899372, 
  "xCenter": 0.68577397, 
  "yCenter": 0.730879, 
  "height": 0.26540208
}