{
  "width": 0.14777532, 
  "rotation": 3.0928, 
  "xCenter": 0.628533, 
  "yCenter": 0.74959064, 
  "height": 0.18471916
}