{
  "width": 0.17495215, 
  "rotation": -3.0927448, 
  "xCenter": 0.6104369, 
  "yCenter": 0.7152831, 
  "height": 0.21869019
}