{
  "width": 0.19573562, 
  "rotation": 3.1035028, 
  "xCenter": 0.8534338, 
  "yCenter": 0.7705417, 
  "height": 0.24466951
}