{
  "width": 0.20061988, 
  "rotation": -2.9759083, 
  "xCenter": 0.6597823, 
  "yCenter": 0.7478335, 
  "height": 0.25077483
}