{
  "width": 0.151923, 
  "rotation": -2.9845874, 
  "xCenter": 0.5314388, 
  "yCenter": 0.6716433, 
  "height": 0.18990375
}