{
  "width": 0.17552663, 
  "rotation": 2.9644775, 
  "xCenter": 0.637286, 
  "yCenter": 0.7576647, 
  "height": 0.21940829
}