{
  "width": 0.15173316, 
  "rotation": -2.8483052, 
  "xCenter": 0.45880648, 
  "yCenter": 0.6781526, 
  "height": 0.18966645
}