{
  "width": 0.11180801, 
  "rotation": 3.127835, 
  "xCenter": 0.6173707, 
  "yCenter": 0.7588963, 
  "height": 0.13976002
}