{
  "width": 0.16795129, 
  "rotation": 3.0821896, 
  "xCenter": 0.8129688, 
  "yCenter": 0.7643957, 
  "height": 0.2099391
}