{
  "width": 0.09514324, 
  "rotation": 2.4910088, 
  "xCenter": 0.39287812, 
  "yCenter": 0.44413564, 
  "height": 0.11892905
}