{
  "width": 0.1343411, 
  "rotation": 2.4663854, 
  "xCenter": 0.7186558, 
  "yCenter": 0.63398856, 
  "height": 0.16792639
}