{
  "width": 0.14823419, 
  "rotation": 3.0302696, 
  "xCenter": 0.6178884, 
  "yCenter": 0.74396497, 
  "height": 0.18529275
}