{
  "width": 0.22892536, 
  "rotation": -3.035558, 
  "xCenter": 0.85884184, 
  "yCenter": 0.73653525, 
  "height": 0.2861567
}