{
  "width": 0.18768652, 
  "rotation": 2.6716192, 
  "xCenter": 0.9189179, 
  "yCenter": 0.68736476, 
  "height": 0.23460814
}