{
  "width": 0.17270304, 
  "rotation": 3.0484595, 
  "xCenter": 0.63237387, 
  "yCenter": 0.69924814, 
  "height": 0.2158788
}