{
  "width": 0.1634055, 
  "rotation": -2.8852713, 
  "xCenter": 0.61342645, 
  "yCenter": 0.75372106, 
  "height": 0.20425686
}