{
  "width": 0.15599303, 
  "rotation": -3.045462, 
  "xCenter": 0.5469879, 
  "yCenter": 0.6099134, 
  "height": 0.19499129
}