{
  "width": 0.102619156, 
  "rotation": -3.0862978, 
  "xCenter": 0.55299264, 
  "yCenter": 0.46315506, 
  "height": 0.12827395
}