{
  "width": 0.17754732, 
  "rotation": -3.0392473, 
  "xCenter": 0.8895721, 
  "yCenter": 0.7074851, 
  "height": 0.22193414
}