{
  "width": 0.08550539, 
  "rotation": -2.5219967, 
  "xCenter": 0.43280414, 
  "yCenter": 0.42744952, 
  "height": 0.10688174
}