{
  "width": 0.15975885, 
  "rotation": -2.8498418, 
  "xCenter": 0.4948659, 
  "yCenter": 0.6879631, 
  "height": 0.19969857
}