{
  "width": 0.21081099, 
  "rotation": 2.7762413, 
  "xCenter": 0.7169872, 
  "yCenter": 0.70706147, 
  "height": 0.26351374
}