{
  "width": 0.5601376, 
  "rotation": -1.5083073, 
  "xCenter": 0.28344077, 
  "yCenter": 0.48459923, 
  "height": 0.70017207
}