{
  "width": 0.15703282, 
  "rotation": -2.9551747, 
  "xCenter": 0.504336, 
  "yCenter": 0.6741991, 
  "height": 0.19629101
}