{
  "width": 0.18977554, 
  "rotation": 2.7890646, 
  "xCenter": 0.700215, 
  "yCenter": 0.73567593, 
  "height": 0.23721942
}