{
  "width": 0.17484817, 
  "rotation": -3.0062253, 
  "xCenter": 0.89563745, 
  "yCenter": 0.6982144, 
  "height": 0.2185602
}