{
  "width": 0.16721068, 
  "rotation": 2.9753191, 
  "xCenter": 0.86835545, 
  "yCenter": 0.7147344, 
  "height": 0.20901334
}