{
  "width": 0.16302489, 
  "rotation": -2.8904505, 
  "xCenter": 0.5003675, 
  "yCenter": 0.6797131, 
  "height": 0.2037811
}