{
  "width": 0.09340384, 
  "rotation": 2.297916, 
  "xCenter": 0.36891234, 
  "yCenter": 0.43100142, 
  "height": 0.11675479
}