{
  "width": 0.152665, 
  "rotation": 3.108374, 
  "xCenter": 0.52306193, 
  "yCenter": 0.6849624, 
  "height": 0.19083126
}