{
  "width": 0.14966613, 
  "rotation": 2.8036551, 
  "xCenter": 0.7956361, 
  "yCenter": 0.70934236, 
  "height": 0.18708268
}