{
  "width": 0.20287424, 
  "rotation": 2.884468, 
  "xCenter": 0.88635164, 
  "yCenter": 0.75939405, 
  "height": 0.25359282
}