{
  "width": 0.17017777, 
  "rotation": 2.857924, 
  "xCenter": 0.86232203, 
  "yCenter": 0.6694964, 
  "height": 0.21272221
}