{
  "width": 0.17143476, 
  "rotation": -3.0254133, 
  "xCenter": 0.8859583, 
  "yCenter": 0.70615536, 
  "height": 0.21429344
}