{
  "width": 0.079488285, 
  "rotation": 2.9184828, 
  "xCenter": 0.46717358, 
  "yCenter": 0.4585552, 
  "height": 0.099360354
}