{
  "width": 0.18113694, 
  "rotation": -3.1304152, 
  "xCenter": 0.6337279, 
  "yCenter": 0.68444127, 
  "height": 0.22642116
}