{
  "width": 0.1661733, 
  "rotation": 3.0471423, 
  "xCenter": 0.8046586, 
  "yCenter": 0.76268065, 
  "height": 0.20771661
}