{
  "width": 0.1985062, 
  "rotation": 2.8663397, 
  "xCenter": 0.68590194, 
  "yCenter": 0.7150893, 
  "height": 0.24813275
}