{
  "width": 0.5099154, 
  "rotation": 1.1942344, 
  "xCenter": 0.39782116, 
  "yCenter": 0.41058037, 
  "height": 0.63739425
}