{
  "width": 0.18586746, 
  "rotation": -2.9652622, 
  "xCenter": 0.8622437, 
  "yCenter": 0.6888753, 
  "height": 0.23233432
}