{
  "width": 0.16866726, 
  "rotation": -3.079439, 
  "xCenter": 0.92110085, 
  "yCenter": 0.675757, 
  "height": 0.21083407
}