{
  "width": 0.111318424, 
  "rotation": 2.081234, 
  "xCenter": 0.1011631, 
  "yCenter": 0.16756886, 
  "height": 0.13914803
}