{
  "width": 0.13552396, 
  "rotation": -2.0692017, 
  "xCenter": 0.62781113, 
  "yCenter": 0.5175069, 
  "height": 0.16940495
}