{
  "width": 0.17777978, 
  "rotation": 2.8201735, 
  "xCenter": 0.87895244, 
  "yCenter": 0.67638487, 
  "height": 0.22222471
}