{
  "width": 0.16441375, 
  "rotation": -2.996201, 
  "xCenter": 0.5387078, 
  "yCenter": 0.6819774, 
  "height": 0.20551717
}