{
  "width": 0.21592909, 
  "rotation": -3.1369994, 
  "xCenter": 0.8767777, 
  "yCenter": 0.74937105, 
  "height": 0.26991138
}