{
  "width": 0.17293411, 
  "rotation": 2.7981052, 
  "xCenter": 0.8677576, 
  "yCenter": 0.6676204, 
  "height": 0.21616763
}