{
  "width": 0.16555248, 
  "rotation": -3.1310198, 
  "xCenter": 0.89979595, 
  "yCenter": 0.70301074, 
  "height": 0.20694059
}