{
  "width": 0.16830587, 
  "rotation": -2.9529302, 
  "xCenter": 0.8599694, 
  "yCenter": 0.7086839, 
  "height": 0.21038233
}