{
  "width": 0.1774249, 
  "rotation": 3.1304762, 
  "xCenter": 0.8277718, 
  "yCenter": 0.75080824, 
  "height": 0.2217811
}