{
  "width": 0.14020687, 
  "rotation": 3.0936615, 
  "xCenter": 0.5832734, 
  "yCenter": 0.5660472, 
  "height": 0.17525859
}