{
  "width": 0.1563431, 
  "rotation": 2.8292313, 
  "xCenter": 0.80502325, 
  "yCenter": 0.71779263, 
  "height": 0.1954289
}