{
  "width": 0.11540692, 
  "rotation": -2.122238, 
  "xCenter": 0.6230825, 
  "yCenter": 0.5879879, 
  "height": 0.14425866
}