{
  "width": 0.15889442, 
  "rotation": 3.1404185, 
  "xCenter": 0.8707412, 
  "yCenter": 0.71563923, 
  "height": 0.19861802
}