{
  "width": 0.2126863, 
  "rotation": 2.7649057, 
  "xCenter": 0.69153774, 
  "yCenter": 0.7184181, 
  "height": 0.26585788
}