{
  "width": 0.21384549, 
  "rotation": 2.9235852, 
  "xCenter": 0.86915386, 
  "yCenter": 0.75826305, 
  "height": 0.26730686
}