{
  "width": 0.15924728, 
  "rotation": -3.1202085, 
  "xCenter": 0.5103375, 
  "yCenter": 0.6782087, 
  "height": 0.19905911
}