{
  "width": 0.20157248, 
  "rotation": -3.0632102, 
  "xCenter": 0.8572713, 
  "yCenter": 0.75763935, 
  "height": 0.2519656
}