{
  "width": 0.17788284, 
  "rotation": 2.6955528, 
  "xCenter": 0.85815233, 
  "yCenter": 0.6766764, 
  "height": 0.22235353
}