{
  "width": 0.20012319, 
  "rotation": 3.0457256, 
  "xCenter": 0.8878493, 
  "yCenter": 0.75861496, 
  "height": 0.250154
}