{
  "width": 0.15440069, 
  "rotation": -3.0238554, 
  "xCenter": 0.53256667, 
  "yCenter": 0.67149454, 
  "height": 0.19300087
}