{
  "width": 0.20114817, 
  "rotation": 2.8990064, 
  "xCenter": 0.8756195, 
  "yCenter": 0.71739894, 
  "height": 0.25143522
}