{
  "width": 0.19549835, 
  "rotation": 3.0965126, 
  "xCenter": 0.8353112, 
  "yCenter": 0.7293534, 
  "height": 0.24437293
}