{
  "width": 0.16478506, 
  "rotation": -3.0113144, 
  "xCenter": 0.61365986, 
  "yCenter": 0.757945, 
  "height": 0.20598131
}