{
  "width": 0.14187135, 
  "rotation": -2.8579552, 
  "xCenter": 0.49882305, 
  "yCenter": 0.6838677, 
  "height": 0.1773392
}