{
  "width": 0.17608143, 
  "rotation": -3.08698, 
  "xCenter": 0.64396983, 
  "yCenter": 0.7722717, 
  "height": 0.22010179
}