{
  "width": 0.20639753, 
  "rotation": -3.11152, 
  "xCenter": 0.87319285, 
  "yCenter": 0.75009674, 
  "height": 0.25799692
}