{
  "width": 0.17171727, 
  "rotation": 2.9728036, 
  "xCenter": 0.64938855, 
  "yCenter": 0.7604549, 
  "height": 0.21464658
}