{
  "width": 0.22417578, 
  "rotation": 3.0662556, 
  "xCenter": 0.8649571, 
  "yCenter": 0.75065464, 
  "height": 0.28021973
}