{
  "width": 0.15601224, 
  "rotation": -3.127559, 
  "xCenter": 0.5106014, 
  "yCenter": 0.67721176, 
  "height": 0.19501531
}