{
  "width": 0.20179781, 
  "rotation": 2.8679185, 
  "xCenter": 0.6864691, 
  "yCenter": 0.71105397, 
  "height": 0.25224727
}