{
  "width": 0.18095422, 
  "rotation": 2.7465725, 
  "xCenter": 0.9080362, 
  "yCenter": 0.6917062, 
  "height": 0.22619277
}