{
  "width": 0.20962328, 
  "rotation": 2.8514707, 
  "xCenter": 0.8962273, 
  "yCenter": 0.7399916, 
  "height": 0.2620291
}