{
  "width": 0.18466938, 
  "rotation": 2.944028, 
  "xCenter": 0.6381283, 
  "yCenter": 0.6859989, 
  "height": 0.2308367
}