{
  "width": 0.40351933, 
  "rotation": 2.8438048, 
  "xCenter": 0.5689365, 
  "yCenter": 0.3451158, 
  "height": 0.5043992
}