{
  "width": 0.15789159, 
  "rotation": -3.1396792, 
  "xCenter": 0.79211825, 
  "yCenter": 0.76032025, 
  "height": 0.1973645
}