{
  "width": 0.09854736, 
  "rotation": 2.3127465, 
  "xCenter": 0.10979527, 
  "yCenter": 0.31632715, 
  "height": 0.1231842
}