{
  "width": 0.16864216, 
  "rotation": -3.016046, 
  "xCenter": 0.8181284, 
  "yCenter": 0.76040155, 
  "height": 0.21080269
}