{
  "width": 0.18296933, 
  "rotation": -3.0782607, 
  "xCenter": 0.8448566, 
  "yCenter": 0.7605769, 
  "height": 0.22871165
}