{
  "width": 0.16783941, 
  "rotation": -3.0000546, 
  "xCenter": 0.8139143, 
  "yCenter": 0.75823003, 
  "height": 0.20979924
}