{
  "width": 0.16157636, 
  "rotation": -2.9458144, 
  "xCenter": 0.80152464, 
  "yCenter": 0.74746126, 
  "height": 0.20197046
}