{
  "width": 0.17212701, 
  "rotation": -2.9988449, 
  "xCenter": 0.894858, 
  "yCenter": 0.6969938, 
  "height": 0.21515876
}