{
  "width": 0.16512398, 
  "rotation": 2.983554, 
  "xCenter": 0.6328153, 
  "yCenter": 0.76613545, 
  "height": 0.20640497
}