{
  "width": 0.15856247, 
  "rotation": -2.927891, 
  "xCenter": 0.50537634, 
  "yCenter": 0.6874989, 
  "height": 0.19820309
}