{
  "width": 0.19455396, 
  "rotation": 2.9435759, 
  "xCenter": 0.6810597, 
  "yCenter": 0.7580932, 
  "height": 0.24319243
}