{
  "width": 0.15899298, 
  "rotation": -3.0966113, 
  "xCenter": 0.62321484, 
  "yCenter": 0.7417142, 
  "height": 0.19874123
}