{
  "width": 0.16821924, 
  "rotation": 2.7867465, 
  "xCenter": 0.86101466, 
  "yCenter": 0.6679983, 
  "height": 0.21027404
}