{
  "width": 0.18935232, 
  "rotation": 2.9618607, 
  "xCenter": 0.6394883, 
  "yCenter": 0.68489003, 
  "height": 0.23669039
}