{
  "width": 0.20269278, 
  "rotation": 2.781347, 
  "xCenter": 0.6932207, 
  "yCenter": 0.7124005, 
  "height": 0.25336596
}