{
  "width": 0.18312941, 
  "rotation": 3.017871, 
  "xCenter": 0.86087316, 
  "yCenter": 0.7809301, 
  "height": 0.22891176
}