{
  "width": 0.19475387, 
  "rotation": 2.8672643, 
  "xCenter": 0.88355035, 
  "yCenter": 0.7552343, 
  "height": 0.24344233
}