{
  "width": 0.15851308, 
  "rotation": -3.0758073, 
  "xCenter": 0.5051709, 
  "yCenter": 0.67716503, 
  "height": 0.19814135
}