{
  "width": 0.20659667, 
  "rotation": 2.863493, 
  "xCenter": 0.89627343, 
  "yCenter": 0.74060327, 
  "height": 0.25824586
}