{
  "width": 0.11627996, 
  "rotation": -1.9469131, 
  "xCenter": 0.12798226, 
  "yCenter": 0.32289618, 
  "height": 0.14534995
}