{
  "width": 0.19249019, 
  "rotation": -3.0220773, 
  "xCenter": 0.84293365, 
  "yCenter": 0.76348704, 
  "height": 0.24061273
}