{
  "width": 0.20134374, 
  "rotation": 2.8308449, 
  "xCenter": 0.69189095, 
  "yCenter": 0.74630463, 
  "height": 0.2516797
}