{
  "width": 0.20380531, 
  "rotation": 2.8915343, 
  "xCenter": 0.6949945, 
  "yCenter": 0.71339315, 
  "height": 0.25475666
}