{
  "width": 0.20184755, 
  "rotation": -3.0455375, 
  "xCenter": 0.87059873, 
  "yCenter": 0.74930316, 
  "height": 0.25230944
}