{
  "width": 0.15173796, 
  "rotation": 2.7659261, 
  "xCenter": 0.79766774, 
  "yCenter": 0.710174, 
  "height": 0.18967246
}