{
  "width": 0.20635942, 
  "rotation": 2.894626, 
  "xCenter": 0.6947959, 
  "yCenter": 0.7099612, 
  "height": 0.25794926
}