{
  "width": 0.15490946, 
  "rotation": -3.1278198, 
  "xCenter": 0.5115002, 
  "yCenter": 0.6787633, 
  "height": 0.19363683
}