{
  "width": 0.19145328, 
  "rotation": 2.9445548, 
  "xCenter": 0.65172976, 
  "yCenter": 0.7655955, 
  "height": 0.23931658
}