{
  "width": 0.17535539, 
  "rotation": 3.0779243, 
  "xCenter": 0.8164342, 
  "yCenter": 0.76543665, 
  "height": 0.21919423
}