{
  "width": 0.16366895, 
  "rotation": -2.8942049, 
  "xCenter": 0.8322964, 
  "yCenter": 0.6904779, 
  "height": 0.20458618
}