{
  "width": 0.1617352, 
  "rotation": 3.0549111, 
  "xCenter": 0.79948765, 
  "yCenter": 0.7616018, 
  "height": 0.20216902
}