{
  "width": 0.1593801, 
  "rotation": -2.880844, 
  "xCenter": 0.5009498, 
  "yCenter": 0.6787094, 
  "height": 0.19922513
}