{
  "width": 0.1983345, 
  "rotation": -3.0000296, 
  "xCenter": 0.6632731, 
  "yCenter": 0.7569832, 
  "height": 0.24791811
}