{
  "width": 0.15567999, 
  "rotation": -3.0268958, 
  "xCenter": 0.5377978, 
  "yCenter": 0.6747058, 
  "height": 0.19459999
}