{
  "width": 0.14985985, 
  "rotation": -3.044328, 
  "xCenter": 0.59052074, 
  "yCenter": 0.7197416, 
  "height": 0.18732482
}