{
  "width": 0.1597914, 
  "rotation": 2.890582, 
  "xCenter": 0.5880159, 
  "yCenter": 0.699575, 
  "height": 0.19973925
}