{
  "width": 0.2031298, 
  "rotation": 2.8305988, 
  "xCenter": 0.6927763, 
  "yCenter": 0.7471201, 
  "height": 0.25391224
}