{
  "width": 0.17005658, 
  "rotation": 2.7029612, 
  "xCenter": 0.91758347, 
  "yCenter": 0.6955881, 
  "height": 0.21257073
}