{
  "width": 0.07984146, 
  "rotation": 2.4453895, 
  "xCenter": 0.4851391, 
  "yCenter": 0.1952843, 
  "height": 0.09980182
}