{
  "width": 0.22785032, 
  "rotation": 2.9550786, 
  "xCenter": 0.86542577, 
  "yCenter": 0.75312954, 
  "height": 0.2848129
}