{
  "width": 0.1906561, 
  "rotation": -2.9758973, 
  "xCenter": 0.8580102, 
  "yCenter": 0.7165782, 
  "height": 0.23832011
}