{
  "width": 0.14594418, 
  "rotation": 2.7572155, 
  "xCenter": 0.7973414, 
  "yCenter": 0.7039884, 
  "height": 0.18243022
}