{
  "width": 0.2044128, 
  "rotation": 2.855421, 
  "xCenter": 0.688013, 
  "yCenter": 0.7117461, 
  "height": 0.25551602
}