{
  "width": 0.16619995, 
  "rotation": -3.0273178, 
  "xCenter": 0.89227355, 
  "yCenter": 0.707757, 
  "height": 0.20774993
}