{
  "width": 0.15611638, 
  "rotation": -3.1343248, 
  "xCenter": 0.5073354, 
  "yCenter": 0.6841249, 
  "height": 0.19514549
}