{
  "width": 0.17252359, 
  "rotation": 2.835659, 
  "xCenter": 0.8539769, 
  "yCenter": 0.6726147, 
  "height": 0.21565448
}