{
  "width": 0.20967226, 
  "rotation": 2.9124055, 
  "xCenter": 0.892529, 
  "yCenter": 0.7205642, 
  "height": 0.26209033
}