{
  "width": 0.16837157, 
  "rotation": 1.9146193, 
  "xCenter": 0.7293668, 
  "yCenter": 0.45621732, 
  "height": 0.21046446
}