{
  "width": 0.14688624, 
  "rotation": 2.9592028, 
  "xCenter": 0.6197629, 
  "yCenter": 0.7434125, 
  "height": 0.18360782
}