{
  "width": 0.20094346, 
  "rotation": 2.8821845, 
  "xCenter": 0.6863276, 
  "yCenter": 0.71315503, 
  "height": 0.2511793
}