{
  "width": 0.18258561, 
  "rotation": 3.054197, 
  "xCenter": 0.644617, 
  "yCenter": 0.7732728, 
  "height": 0.22823201
}