{
  "width": 0.17004202, 
  "rotation": 2.893253, 
  "xCenter": 0.63615084, 
  "yCenter": 0.6825028, 
  "height": 0.21255252
}