{
  "width": 0.105214044, 
  "rotation": -0.64447796, 
  "xCenter": 0.45014456, 
  "yCenter": 0.27980128, 
  "height": 0.13151756
}