{
  "width": 0.10447008, 
  "rotation": 3.0686243, 
  "xCenter": 0.5633232, 
  "yCenter": 0.4871034, 
  "height": 0.13058761
}