{
  "width": 0.16170375, 
  "rotation": -2.8534453, 
  "xCenter": 0.50735193, 
  "yCenter": 0.6634214, 
  "height": 0.20212969
}