{
  "width": 0.2198126, 
  "rotation": -1.6128706, 
  "xCenter": 0.5296297, 
  "yCenter": 0.43535277, 
  "height": 0.27476576
}