{
  "width": 0.19825593, 
  "rotation": 2.8089051, 
  "xCenter": 0.6931103, 
  "yCenter": 0.744337, 
  "height": 0.2478199
}