{
  "width": 0.16212852, 
  "rotation": 3.1119137, 
  "xCenter": 0.62900066, 
  "yCenter": 0.7623546, 
  "height": 0.20266066
}