{
  "width": 0.16139671, 
  "rotation": 2.8794098, 
  "xCenter": 0.84915257, 
  "yCenter": 0.6823641, 
  "height": 0.2017459
}