{
  "width": 0.21191965, 
  "rotation": 2.8970547, 
  "xCenter": 0.6925983, 
  "yCenter": 0.7147165, 
  "height": 0.26489958
}