{
  "width": 0.17685491, 
  "rotation": 2.937223, 
  "xCenter": 0.6626281, 
  "yCenter": 0.7635221, 
  "height": 0.22106862
}