{
  "width": 0.12998846, 
  "rotation": 2.9604936, 
  "xCenter": 0.8482276, 
  "yCenter": 0.6852779, 
  "height": 0.16248558
}