{
  "width": 0.20494808, 
  "rotation": 2.884121, 
  "xCenter": 0.6884622, 
  "yCenter": 0.7262216, 
  "height": 0.2561851
}