{
  "width": 0.18017673, 
  "rotation": -2.964997, 
  "xCenter": 0.84925216, 
  "yCenter": 0.71056044, 
  "height": 0.2252209
}