{
  "width": 0.17175151, 
  "rotation": -3.083612, 
  "xCenter": 0.8853728, 
  "yCenter": 0.70175385, 
  "height": 0.21468939
}