{
  "width": 0.19058946, 
  "rotation": 2.9854274, 
  "xCenter": 0.67826873, 
  "yCenter": 0.76630634, 
  "height": 0.23823681
}