{
  "width": 0.18820274, 
  "rotation": 2.994853, 
  "xCenter": 0.8576277, 
  "yCenter": 0.7573826, 
  "height": 0.23525341
}