{
  "width": 0.20692739, 
  "rotation": 2.9163694, 
  "xCenter": 0.69235826, 
  "yCenter": 0.7175032, 
  "height": 0.25865924
}