{
  "width": 0.13967246, 
  "rotation": 3.0001812, 
  "xCenter": 0.6140546, 
  "yCenter": 0.7338162, 
  "height": 0.17459057
}