{
  "width": 0.14830285, 
  "rotation": 2.862811, 
  "xCenter": 0.5798399, 
  "yCenter": 0.68782485, 
  "height": 0.18537857
}