{
  "width": 0.19472474, 
  "rotation": 2.9736667, 
  "xCenter": 0.86747634, 
  "yCenter": 0.7147958, 
  "height": 0.24340591
}