{
  "width": 0.20795052, 
  "rotation": -3.1315339, 
  "xCenter": 0.8778384, 
  "yCenter": 0.7534474, 
  "height": 0.25993815
}