{
  "width": 0.21890564, 
  "rotation": -3.014205, 
  "xCenter": 0.8582748, 
  "yCenter": 0.74077743, 
  "height": 0.27363205
}