{
  "width": 0.15985571, 
  "rotation": 2.7347183, 
  "xCenter": 0.6014823, 
  "yCenter": 0.69377244, 
  "height": 0.19981964
}