{
  "width": 0.20728289, 
  "rotation": 2.931048, 
  "xCenter": 0.69138855, 
  "yCenter": 0.7202273, 
  "height": 0.25910363
}