{
  "width": 0.18782134, 
  "rotation": 2.904957, 
  "xCenter": 0.8323783, 
  "yCenter": 0.76665986, 
  "height": 0.23477668
}