{
  "width": 0.20272934, 
  "rotation": -3.0914714, 
  "xCenter": 0.8588599, 
  "yCenter": 0.75956774, 
  "height": 0.25341168
}