{
  "width": 0.21467815, 
  "rotation": 2.9888248, 
  "xCenter": 0.8881311, 
  "yCenter": 0.7660658, 
  "height": 0.2683477
}