{
  "width": 0.17672813, 
  "rotation": 2.5721984, 
  "xCenter": 0.9609498, 
  "yCenter": 0.68065494, 
  "height": 0.22091016
}