{
  "width": 0.2019686, 
  "rotation": -3.0077097, 
  "xCenter": 0.666299, 
  "yCenter": 0.7589001, 
  "height": 0.25246075
}