{
  "width": 0.4519531, 
  "rotation": 1.9804484, 
  "xCenter": 0.31843507, 
  "yCenter": 0.44467804, 
  "height": 0.5649414
}