{
  "width": 0.1928319, 
  "rotation": 2.772634, 
  "xCenter": 0.69945914, 
  "yCenter": 0.737226, 
  "height": 0.24103987
}