{
  "width": 0.192667, 
  "rotation": 3.008737, 
  "xCenter": 0.8694541, 
  "yCenter": 0.7147898, 
  "height": 0.24083376
}