{
  "width": 0.18360704, 
  "rotation": 2.8837152, 
  "xCenter": 0.6637888, 
  "yCenter": 0.75614524, 
  "height": 0.22950879
}