{
  "width": 0.19659555, 
  "rotation": 3.0910034, 
  "xCenter": 0.6612691, 
  "yCenter": 0.7701752, 
  "height": 0.24574444
}