{
  "width": 0.12864356, 
  "rotation": 3.1186104, 
  "xCenter": 0.601627, 
  "yCenter": 0.6397495, 
  "height": 0.16080445
}