{
  "width": 0.17376538, 
  "rotation": 2.7601838, 
  "xCenter": 0.89912915, 
  "yCenter": 0.6980671, 
  "height": 0.21720672
}