{
  "width": 0.16228761, 
  "rotation": -2.846646, 
  "xCenter": 0.46220133, 
  "yCenter": 0.681386, 
  "height": 0.2028595
}