{
  "width": 0.17916244, 
  "rotation": 2.6578822, 
  "xCenter": 0.98343784, 
  "yCenter": 0.6817374, 
  "height": 0.22395304
}