{
  "width": 0.19626284, 
  "rotation": 2.7659116, 
  "xCenter": 0.7026669, 
  "yCenter": 0.7008976, 
  "height": 0.24532853
}