{
  "width": 0.17738676, 
  "rotation": -2.917885, 
  "xCenter": 0.83175, 
  "yCenter": 0.75683886, 
  "height": 0.22173345
}