{
  "width": 0.16455865, 
  "rotation": -2.9245768, 
  "xCenter": 0.49769044, 
  "yCenter": 0.6888658, 
  "height": 0.2056983
}