{
  "width": 0.16186662, 
  "rotation": -3.0330822, 
  "xCenter": 0.6137048, 
  "yCenter": 0.7488883, 
  "height": 0.20233329
}