{
  "width": 0.13133603, 
  "rotation": 3.1145725, 
  "xCenter": 0.6167284, 
  "yCenter": 0.7552873, 
  "height": 0.16417006
}