{
  "width": 0.18713513, 
  "rotation": 3.087768, 
  "xCenter": 0.84761906, 
  "yCenter": 0.7712545, 
  "height": 0.2339189
}