{
  "width": 0.106749475, 
  "rotation": -2.9233868, 
  "xCenter": 0.4602007, 
  "yCenter": 0.46566212, 
  "height": 0.13343684
}