{
  "width": 0.15008765, 
  "rotation": -2.8385231, 
  "xCenter": 0.4670132, 
  "yCenter": 0.67522705, 
  "height": 0.18760958
}