{
  "width": 0.09910797, 
  "rotation": -2.286412, 
  "xCenter": 0.4550013, 
  "yCenter": 0.440007, 
  "height": 0.12388496
}