{
  "width": 0.21963292, 
  "rotation": 2.9544082, 
  "xCenter": 0.8921459, 
  "yCenter": 0.7601309, 
  "height": 0.27454117
}