{
  "width": 0.21189688, 
  "rotation": -3.0087273, 
  "xCenter": 0.8561691, 
  "yCenter": 0.73603296, 
  "height": 0.2648711
}