{
  "width": 0.1964457, 
  "rotation": 2.9554887, 
  "xCenter": 0.8743153, 
  "yCenter": 0.71224654, 
  "height": 0.24555711
}