{
  "width": 0.19486359, 
  "rotation": -3.0495024, 
  "xCenter": 0.67258286, 
  "yCenter": 0.75455916, 
  "height": 0.24357948
}