{
  "width": 0.20898975, 
  "rotation": 3.0634365, 
  "xCenter": 0.6703589, 
  "yCenter": 0.75904614, 
  "height": 0.2612372
}