{
  "width": 0.19721405, 
  "rotation": 2.784964, 
  "xCenter": 0.8843376, 
  "yCenter": 0.75829905, 
  "height": 0.24651755
}