{
  "width": 0.17495851, 
  "rotation": -2.957502, 
  "xCenter": 0.60386765, 
  "yCenter": 0.7158385, 
  "height": 0.21869813
}