{
  "width": 0.14509669, 
  "rotation": -3.0409625, 
  "xCenter": 0.5045597, 
  "yCenter": 0.68873334, 
  "height": 0.18137085
}