{
  "width": 0.18049783, 
  "rotation": 3.1316729, 
  "xCenter": 0.6018837, 
  "yCenter": 0.71937525, 
  "height": 0.22562228
}