{
  "width": 0.1237111, 
  "rotation": -3.0856557, 
  "xCenter": 0.6161297, 
  "yCenter": 0.76107574, 
  "height": 0.15463889
}