{
  "width": 0.15870132, 
  "rotation": -3.1399815, 
  "xCenter": 0.6173075, 
  "yCenter": 0.7474521, 
  "height": 0.19837666
}