{
  "width": 0.13965106, 
  "rotation": 2.9670143, 
  "xCenter": 0.5146298, 
  "yCenter": 0.680224, 
  "height": 0.17456384
}