{
  "width": 0.45968226, 
  "rotation": 2.5771005, 
  "xCenter": 0.544474, 
  "yCenter": 0.2572273, 
  "height": 0.5746028
}