{
  "width": 0.21859817, 
  "rotation": 2.957512, 
  "xCenter": 0.8676085, 
  "yCenter": 0.75699633, 
  "height": 0.27324772
}