{
  "width": 0.18958803, 
  "rotation": 2.865366, 
  "xCenter": 0.66279584, 
  "yCenter": 0.73932976, 
  "height": 0.23698503
}