{
  "width": 0.21435612, 
  "rotation": 2.8090754, 
  "xCenter": 0.6912398, 
  "yCenter": 0.7181509, 
  "height": 0.26794517
}