{
  "width": 0.20762523, 
  "rotation": 2.893423, 
  "xCenter": 0.86759126, 
  "yCenter": 0.7240565, 
  "height": 0.25953153
}