{
  "width": 0.16903841, 
  "rotation": -3.077226, 
  "xCenter": 0.8979155, 
  "yCenter": 0.70990515, 
  "height": 0.21129802
}