{
  "width": 0.15546525, 
  "rotation": -0.82239044, 
  "xCenter": 0.34472814, 
  "yCenter": 0.34979394, 
  "height": 0.19433156
}