{
  "width": 0.0863282, 
  "rotation": -0.75974715, 
  "xCenter": 0.41726536, 
  "yCenter": 0.2761095, 
  "height": 0.107910246
}