{
  "width": 0.20738284, 
  "rotation": 3.1160588, 
  "xCenter": 0.8614668, 
  "yCenter": 0.74701685, 
  "height": 0.25922856
}