{
  "width": 0.15860818, 
  "rotation": -2.9062207, 
  "xCenter": 0.61406744, 
  "yCenter": 0.75475025, 
  "height": 0.19826023
}