{
  "width": 0.14406466, 
  "rotation": -2.926263, 
  "xCenter": 0.7855814, 
  "yCenter": 0.7222784, 
  "height": 0.18008085
}