{
  "width": 0.16374938, 
  "rotation": 3.0689092, 
  "xCenter": 0.5186908, 
  "yCenter": 0.6851669, 
  "height": 0.20468672
}