{
  "width": 0.14990479, 
  "rotation": 3.005875, 
  "xCenter": 0.5691289, 
  "yCenter": 0.68517053, 
  "height": 0.187381
}