{
  "width": 0.17769764, 
  "rotation": 3.0118659, 
  "xCenter": 0.645834, 
  "yCenter": 0.76646024, 
  "height": 0.22212204
}