{
  "width": 0.14135885, 
  "rotation": -3.0850139, 
  "xCenter": 0.54173523, 
  "yCenter": 0.5759269, 
  "height": 0.17669858
}