{
  "width": 0.110306144, 
  "rotation": 2.0793803, 
  "xCenter": 0.09816474, 
  "yCenter": 0.16430394, 
  "height": 0.13788268
}