{
  "width": 0.17751461, 
  "rotation": 2.9946814, 
  "xCenter": 0.8720373, 
  "yCenter": 0.7210739, 
  "height": 0.22189327
}