{
  "width": 0.18430859, 
  "rotation": -3.0960357, 
  "xCenter": 0.65839326, 
  "yCenter": 0.7267041, 
  "height": 0.23038574
}