{
  "width": 0.19580768, 
  "rotation": 3.0640926, 
  "xCenter": 0.8782442, 
  "yCenter": 0.72809637, 
  "height": 0.24475959
}