{
  "width": 0.16447651, 
  "rotation": 2.990522, 
  "xCenter": 0.6316726, 
  "yCenter": 0.7588474, 
  "height": 0.20559563
}