{
  "width": 0.141664, 
  "rotation": -3.0388148, 
  "xCenter": 0.61627275, 
  "yCenter": 0.7605805, 
  "height": 0.17708
}