{
  "width": 0.19578335, 
  "rotation": 2.794438, 
  "xCenter": 0.8795064, 
  "yCenter": 0.7151657, 
  "height": 0.24472918
}