{
  "width": 0.15329511, 
  "rotation": 3.0988634, 
  "xCenter": 0.52320445, 
  "yCenter": 0.68529534, 
  "height": 0.1916189
}