{
  "width": 0.16477591, 
  "rotation": -3.090796, 
  "xCenter": 0.6279458, 
  "yCenter": 0.7489191, 
  "height": 0.20596988
}