{
  "width": 0.17756188, 
  "rotation": -3.1275024, 
  "xCenter": 0.6335504, 
  "yCenter": 0.7622114, 
  "height": 0.22195235
}