{
  "width": 0.1627292, 
  "rotation": 3.1273031, 
  "xCenter": 0.69040775, 
  "yCenter": 0.7123909, 
  "height": 0.20341149
}