{
  "width": 0.22975834, 
  "rotation": -3.038154, 
  "xCenter": 0.8588237, 
  "yCenter": 0.7372067, 
  "height": 0.28719792
}