{
  "width": 0.1634213, 
  "rotation": -3.0369768, 
  "xCenter": 0.6259257, 
  "yCenter": 0.74915034, 
  "height": 0.20427662
}