{
  "width": 0.19685808, 
  "rotation": -3.0177572, 
  "xCenter": 0.6664654, 
  "yCenter": 0.7586847, 
  "height": 0.24607259
}