{
  "width": 0.20009327, 
  "rotation": -3.0397348, 
  "xCenter": 0.86353004, 
  "yCenter": 0.7500852, 
  "height": 0.2501166
}