{
  "width": 0.21021883, 
  "rotation": 2.9053192, 
  "xCenter": 0.8730772, 
  "yCenter": 0.7730945, 
  "height": 0.26277354
}