{
  "width": 0.2204952, 
  "rotation": 3.139955, 
  "xCenter": 0.8792268, 
  "yCenter": 0.75260997, 
  "height": 0.275619
}