{
  "width": 0.16005562, 
  "rotation": 2.914393, 
  "xCenter": 0.81633645, 
  "yCenter": 0.7486972, 
  "height": 0.20006953
}