{
  "width": 0.1330928, 
  "rotation": 3.1057472, 
  "xCenter": 0.62302715, 
  "yCenter": 0.7380747, 
  "height": 0.16636601
}