{
  "width": 0.13578174, 
  "rotation": -1.5181121, 
  "xCenter": 0.6016093, 
  "yCenter": 0.4400036, 
  "height": 0.16972718
}