{
  "width": 0.15788168, 
  "rotation": 2.719058, 
  "xCenter": 0.6009636, 
  "yCenter": 0.6907087, 
  "height": 0.1973521
}