{
  "width": 0.14693615, 
  "rotation": 2.8146148, 
  "xCenter": 0.5815809, 
  "yCenter": 0.68538004, 
  "height": 0.1836702
}