{
  "width": 0.17318237, 
  "rotation": -2.992546, 
  "xCenter": 0.8936178, 
  "yCenter": 0.6992927, 
  "height": 0.21647796
}