{
  "width": 0.17501864, 
  "rotation": -3.0266979, 
  "xCenter": 0.8219681, 
  "yCenter": 0.76367533, 
  "height": 0.21877329
}