{
  "width": 0.13846932, 
  "rotation": 1.7040889, 
  "xCenter": 0.33284074, 
  "yCenter": 0.208324, 
  "height": 0.17308666
}