{
  "width": 0.21444058, 
  "rotation": 2.9146228, 
  "xCenter": 0.89320207, 
  "yCenter": 0.72276103, 
  "height": 0.26805073
}