{
  "width": 0.19582427, 
  "rotation": 3.0211668, 
  "xCenter": 0.6679702, 
  "yCenter": 0.77683675, 
  "height": 0.24478032
}