{
  "width": 0.23423284, 
  "rotation": 3.0113144, 
  "xCenter": 0.8626627, 
  "yCenter": 0.75652224, 
  "height": 0.29279107
}