{
  "width": 0.14425404, 
  "rotation": 3.0316815, 
  "xCenter": 0.5113011, 
  "yCenter": 0.6830864, 
  "height": 0.18031757
}