{
  "width": 0.17956273, 
  "rotation": -2.9895608, 
  "xCenter": 0.833337, 
  "yCenter": 0.7592675, 
  "height": 0.2244534
}