{
  "width": 0.18063529, 
  "rotation": 2.7541304, 
  "xCenter": 0.90537953, 
  "yCenter": 0.69224924, 
  "height": 0.2257941
}