{
  "width": 0.16527414, 
  "rotation": 2.8758202, 
  "xCenter": 0.8865626, 
  "yCenter": 0.69533837, 
  "height": 0.20659268
}