{
  "width": 0.19593614, 
  "rotation": 2.8251758, 
  "xCenter": 0.92853874, 
  "yCenter": 0.6957291, 
  "height": 0.24492018
}