{
  "width": 0.19540057, 
  "rotation": 2.9357212, 
  "xCenter": 0.88354385, 
  "yCenter": 0.7082472, 
  "height": 0.2442507
}