{
  "width": 0.16159433, 
  "rotation": -3.098748, 
  "xCenter": 0.9222433, 
  "yCenter": 0.669763, 
  "height": 0.20199293
}