{
  "width": 0.19455892, 
  "rotation": 2.933507, 
  "xCenter": 0.7003861, 
  "yCenter": 0.7052882, 
  "height": 0.24319863
}