{
  "width": 0.18122558, 
  "rotation": 2.7523706, 
  "xCenter": 0.90516615, 
  "yCenter": 0.6854903, 
  "height": 0.22653197
}