{
  "width": 0.20988457, 
  "rotation": 2.8801827, 
  "xCenter": 0.69271964, 
  "yCenter": 0.7157238, 
  "height": 0.26235572
}