{
  "width": 0.1939925, 
  "rotation": 2.9772668, 
  "xCenter": 0.68259716, 
  "yCenter": 0.75416875, 
  "height": 0.2424906
}