{
  "width": 0.17156881, 
  "rotation": -2.951531, 
  "xCenter": 0.60345113, 
  "yCenter": 0.7177329, 
  "height": 0.214461
}