{
  "width": 0.17823571, 
  "rotation": 3.0968027, 
  "xCenter": 0.64516103, 
  "yCenter": 0.7702476, 
  "height": 0.22279462
}