{
  "width": 0.211193, 
  "rotation": 2.960754, 
  "xCenter": 0.8918386, 
  "yCenter": 0.7566048, 
  "height": 0.26399124
}