{
  "width": 0.2343748, 
  "rotation": 3.011056, 
  "xCenter": 0.8621158, 
  "yCenter": 0.7591596, 
  "height": 0.2929685
}