{
  "width": 0.16815972, 
  "rotation": 2.885395, 
  "xCenter": 0.63676286, 
  "yCenter": 0.681183, 
  "height": 0.21019965
}