{
  "width": 0.20503424, 
  "rotation": 2.9229012, 
  "xCenter": 0.69726616, 
  "yCenter": 0.7127891, 
  "height": 0.25629282
}