{
  "width": 0.17305359, 
  "rotation": -3.0160003, 
  "xCenter": 0.86437315, 
  "yCenter": 0.7130726, 
  "height": 0.21631698
}