{
  "width": 0.20111656, 
  "rotation": 2.9811444, 
  "xCenter": 0.6772713, 
  "yCenter": 0.7573726, 
  "height": 0.2513957
}