{
  "width": 0.17038156, 
  "rotation": -2.9412327, 
  "xCenter": 0.5020307, 
  "yCenter": 0.68710554, 
  "height": 0.21297695
}