{
  "width": 0.17738816, 
  "rotation": 2.7357025, 
  "xCenter": 0.907858, 
  "yCenter": 0.6931826, 
  "height": 0.2217352
}