{
  "width": 0.18308431, 
  "rotation": 3.0080848, 
  "xCenter": 0.88501936, 
  "yCenter": 0.735174, 
  "height": 0.22885539
}