{
  "width": 0.15560853, 
  "rotation": 3.0461996, 
  "xCenter": 0.51166296, 
  "yCenter": 0.68360794, 
  "height": 0.19451068
}