{
  "width": 0.1480208, 
  "rotation": -2.88924, 
  "xCenter": 0.49532565, 
  "yCenter": 0.6851151, 
  "height": 0.185026
}