{
  "width": 0.20098203, 
  "rotation": 2.9241397, 
  "xCenter": 0.8781142, 
  "yCenter": 0.70871955, 
  "height": 0.25122756
}