{
  "width": 0.10052256, 
  "rotation": -3.0832427, 
  "xCenter": 0.4634064, 
  "yCenter": 0.4595154, 
  "height": 0.1256532
}