{
  "width": 0.18061732, 
  "rotation": 3.0573773, 
  "xCenter": 0.82202435, 
  "yCenter": 0.76142114, 
  "height": 0.22577164
}