{
  "width": 0.1900658, 
  "rotation": 3.053367, 
  "xCenter": 0.66494846, 
  "yCenter": 0.77796215, 
  "height": 0.23758225
}