{
  "width": 0.20552334, 
  "rotation": 2.8498425, 
  "xCenter": 0.6885584, 
  "yCenter": 0.71283674, 
  "height": 0.25690418
}