{
  "width": 0.20302953, 
  "rotation": 2.9973211, 
  "xCenter": 0.67191225, 
  "yCenter": 0.7595005, 
  "height": 0.25378692
}