{
  "width": 0.16297685, 
  "rotation": -2.9338524, 
  "xCenter": 0.7926666, 
  "yCenter": 0.7456278, 
  "height": 0.20372105
}