{
  "width": 0.22999358, 
  "rotation": -3.0261595, 
  "xCenter": 0.85861486, 
  "yCenter": 0.7368547, 
  "height": 0.28749198
}