{
  "width": 0.1697702, 
  "rotation": -3.0610259, 
  "xCenter": 0.6311728, 
  "yCenter": 0.68969226, 
  "height": 0.21221274
}