{
  "width": 0.17123376, 
  "rotation": -2.9621012, 
  "xCenter": 0.835525, 
  "yCenter": 0.6947632, 
  "height": 0.21404219
}