{
  "width": 0.19322926, 
  "rotation": 3.1272273, 
  "xCenter": 0.8527804, 
  "yCenter": 0.7497396, 
  "height": 0.24153656
}