{
  "width": 0.1689662, 
  "rotation": 2.898046, 
  "xCenter": 0.81815416, 
  "yCenter": 0.74770945, 
  "height": 0.21120775
}