{
  "width": 0.16591093, 
  "rotation": -2.9488652, 
  "xCenter": 0.82659876, 
  "yCenter": 0.68797624, 
  "height": 0.20738865
}