{
  "width": 0.17386565, 
  "rotation": 2.760704, 
  "xCenter": 0.8579979, 
  "yCenter": 0.67084813, 
  "height": 0.21733205
}