{
  "width": 0.19390339, 
  "rotation": 2.9431195, 
  "xCenter": 0.69965297, 
  "yCenter": 0.7055208, 
  "height": 0.24237922
}