{
  "width": 0.21208625, 
  "rotation": 2.913081, 
  "xCenter": 0.6918534, 
  "yCenter": 0.71519524, 
  "height": 0.2651078
}