{
  "width": 0.15154316, 
  "rotation": -3.039099, 
  "xCenter": 0.54431665, 
  "yCenter": 0.5958521, 
  "height": 0.18942896
}