{
  "width": 0.19317284, 
  "rotation": -2.9994233, 
  "xCenter": 0.85398203, 
  "yCenter": 0.7443773, 
  "height": 0.24146605
}