{
  "width": 0.15182288, 
  "rotation": 2.765079, 
  "xCenter": 0.8146535, 
  "yCenter": 0.72695184, 
  "height": 0.18977861
}