{
  "width": 0.14463699, 
  "rotation": 2.910644, 
  "xCenter": 0.90910596, 
  "yCenter": 0.58354723, 
  "height": 0.18079624
}