{
  "width": 0.168527, 
  "rotation": 2.8540487, 
  "xCenter": 0.85056615, 
  "yCenter": 0.68866295, 
  "height": 0.21065876
}