{
  "width": 0.20857257, 
  "rotation": 2.8783426, 
  "xCenter": 0.6929884, 
  "yCenter": 0.7154888, 
  "height": 0.26071572
}