{
  "width": 0.2143335, 
  "rotation": 2.9941664, 
  "xCenter": 0.8840747, 
  "yCenter": 0.7684099, 
  "height": 0.2679169
}