{
  "width": 0.2021152, 
  "rotation": 2.968587, 
  "xCenter": 0.87433547, 
  "yCenter": 0.7218226, 
  "height": 0.252644
}