{
  "width": 0.17529325, 
  "rotation": -3.0026093, 
  "xCenter": 0.88278687, 
  "yCenter": 0.6733782, 
  "height": 0.21911655
}