{
  "width": 0.17749572, 
  "rotation": 2.9927902, 
  "xCenter": 0.8721302, 
  "yCenter": 0.72082525, 
  "height": 0.22186963
}