{
  "width": 0.20057632, 
  "rotation": -3.0064244, 
  "xCenter": 0.8527681, 
  "yCenter": 0.742067, 
  "height": 0.2507204
}