{
  "width": 0.15431204, 
  "rotation": 2.834636, 
  "xCenter": 0.9224794, 
  "yCenter": 0.6055335, 
  "height": 0.19289006
}