{
  "width": 0.14749187, 
  "rotation": -2.9981081, 
  "xCenter": 0.7820327, 
  "yCenter": 0.7508334, 
  "height": 0.18436486
}