{
  "width": 0.1493128, 
  "rotation": 2.8689976, 
  "xCenter": 0.796567, 
  "yCenter": 0.7074856, 
  "height": 0.18664101
}