{
  "width": 0.15487196, 
  "rotation": -2.9884703, 
  "xCenter": 0.534439, 
  "yCenter": 0.6718336, 
  "height": 0.19358996
}