{
  "width": 0.17832775, 
  "rotation": 3.1073434, 
  "xCenter": 0.6446732, 
  "yCenter": 0.7706261, 
  "height": 0.22290969
}