{
  "width": 0.17330015, 
  "rotation": -3.0200336, 
  "xCenter": 0.83213174, 
  "yCenter": 0.759538, 
  "height": 0.21662518
}