{
  "width": 0.18784381, 
  "rotation": 2.9615703, 
  "xCenter": 0.6508457, 
  "yCenter": 0.76871157, 
  "height": 0.23480476
}