{
  "width": 0.17085311, 
  "rotation": 1.5550859, 
  "xCenter": 0.6932351, 
  "yCenter": 0.45956475, 
  "height": 0.2135664
}