{
  "width": 0.095560506, 
  "rotation": 2.483134, 
  "xCenter": 0.39315554, 
  "yCenter": 0.44525334, 
  "height": 0.11945063
}