{
  "width": 0.13738336, 
  "rotation": 2.971126, 
  "xCenter": 0.5630692, 
  "yCenter": 0.66776985, 
  "height": 0.1717292
}