{
  "width": 0.16131717, 
  "rotation": -2.8594487, 
  "xCenter": 0.49788573, 
  "yCenter": 0.6826078, 
  "height": 0.20164646
}