{
  "width": 0.081646726, 
  "rotation": 3.1293955, 
  "xCenter": 0.4374016, 
  "yCenter": 0.47710082, 
  "height": 0.1020584
}