{
  "width": 0.22387993, 
  "rotation": -2.9923801, 
  "xCenter": 0.84466386, 
  "yCenter": 0.724561, 
  "height": 0.27984992
}