{
  "width": 0.17390703, 
  "rotation": 2.9540143, 
  "xCenter": 0.6622817, 
  "yCenter": 0.76590693, 
  "height": 0.21738377
}