{
  "width": 0.16177332, 
  "rotation": -3.0793688, 
  "xCenter": 0.614766, 
  "yCenter": 0.7511953, 
  "height": 0.20221667
}