{
  "width": 0.19217947, 
  "rotation": 2.955941, 
  "xCenter": 0.6633165, 
  "yCenter": 0.73653704, 
  "height": 0.24022433
}