{
  "width": 0.220078, 
  "rotation": 2.9889731, 
  "xCenter": 0.86224574, 
  "yCenter": 0.7595156, 
  "height": 0.27509752
}