{
  "width": 0.16757213, 
  "rotation": -3.0712876, 
  "xCenter": 0.864765, 
  "yCenter": 0.71685827, 
  "height": 0.20946516
}