{
  "width": 0.17233188, 
  "rotation": 2.955171, 
  "xCenter": 0.6361043, 
  "yCenter": 0.75896454, 
  "height": 0.21541485
}