{
  "width": 0.17110932, 
  "rotation": -3.0192144, 
  "xCenter": 0.89027977, 
  "yCenter": 0.707593, 
  "height": 0.21388663
}