{
  "width": 0.16135335, 
  "rotation": -2.839281, 
  "xCenter": 0.45623162, 
  "yCenter": 0.67529047, 
  "height": 0.2016917
}