{
  "width": 0.38165632, 
  "rotation": 3.000783, 
  "xCenter": 0.53823364, 
  "yCenter": 0.29805243, 
  "height": 0.4770704
}