{
  "width": 0.20221825, 
  "rotation": 2.7947173, 
  "xCenter": 0.87520766, 
  "yCenter": 0.77259177, 
  "height": 0.2527728
}