{
  "width": 0.21696028, 
  "rotation": -3.1178062, 
  "xCenter": 0.8782996, 
  "yCenter": 0.75135195, 
  "height": 0.27120036
}