{
  "width": 0.1569881, 
  "rotation": -2.889857, 
  "xCenter": 0.5085617, 
  "yCenter": 0.66228324, 
  "height": 0.19623514
}