{
  "width": 0.19437201, 
  "rotation": 3.1233897, 
  "xCenter": 0.84296507, 
  "yCenter": 0.7863337, 
  "height": 0.24296501
}