{
  "width": 0.13855797, 
  "rotation": -2.9467688, 
  "xCenter": 0.50011617, 
  "yCenter": 0.6789307, 
  "height": 0.17319746
}