{
  "width": 0.16077608, 
  "rotation": -2.8367288, 
  "xCenter": 0.49456996, 
  "yCenter": 0.67977375, 
  "height": 0.20097011
}