{
  "width": 0.08753225, 
  "rotation": 2.5303683, 
  "xCenter": 0.4480575, 
  "yCenter": 0.1974715, 
  "height": 0.109415315
}