{
  "width": 0.12757021, 
  "rotation": 3.1280398, 
  "xCenter": 0.6006583, 
  "yCenter": 0.63867265, 
  "height": 0.15946278
}