{
  "width": 0.20308842, 
  "rotation": 3.0346973, 
  "xCenter": 0.66891634, 
  "yCenter": 0.7587561, 
  "height": 0.25386053
}