{
  "width": 0.1615336, 
  "rotation": -2.984726, 
  "xCenter": 0.50740343, 
  "yCenter": 0.6701186, 
  "height": 0.201917
}