{
  "width": 0.1892584, 
  "rotation": 2.7547917, 
  "xCenter": 0.7022172, 
  "yCenter": 0.7342106, 
  "height": 0.236573
}