{
  "width": 0.21892641, 
  "rotation": -3.1163075, 
  "xCenter": 0.87743723, 
  "yCenter": 0.7518853, 
  "height": 0.273658
}