{
  "width": 0.17818254, 
  "rotation": 1.094245, 
  "xCenter": 0.7217207, 
  "yCenter": 0.43363646, 
  "height": 0.22272818
}