{
  "width": 0.08923226, 
  "rotation": 2.499342, 
  "xCenter": 0.4150049, 
  "yCenter": 0.17417702, 
  "height": 0.111540325
}