{
  "width": 0.16793726, 
  "rotation": -2.9716425, 
  "xCenter": 0.50922054, 
  "yCenter": 0.6889056, 
  "height": 0.20992158
}