{
  "width": 0.19625926, 
  "rotation": -2.955802, 
  "xCenter": 0.66008395, 
  "yCenter": 0.7485062, 
  "height": 0.24532408
}