{
  "width": 0.1723184, 
  "rotation": -3.0589721, 
  "xCenter": 0.8858409, 
  "yCenter": 0.7040345, 
  "height": 0.215398
}