{
  "width": 0.22354303, 
  "rotation": -3.01978, 
  "xCenter": 0.84777504, 
  "yCenter": 0.7361989, 
  "height": 0.27942878
}