{
  "width": 0.14595006, 
  "rotation": -2.9569151, 
  "xCenter": 0.7842369, 
  "yCenter": 0.7182073, 
  "height": 0.18243758
}