{
  "width": 0.17745899, 
  "rotation": 3.011231, 
  "xCenter": 0.6524521, 
  "yCenter": 0.76540536, 
  "height": 0.22182372
}