{
  "width": 0.19985431, 
  "rotation": 2.9777832, 
  "xCenter": 0.6803638, 
  "yCenter": 0.7640188, 
  "height": 0.24981788
}