{
  "width": 0.1195732, 
  "rotation": -3.1083434, 
  "xCenter": 0.877675, 
  "yCenter": 0.6872433, 
  "height": 0.1494665
}