{
  "width": 0.21301174, 
  "rotation": 2.8607314, 
  "xCenter": 0.6930492, 
  "yCenter": 0.7225177, 
  "height": 0.26626468
}