{
  "width": 0.09199911, 
  "rotation": -0.7460066, 
  "xCenter": 0.45112607, 
  "yCenter": 0.28184342, 
  "height": 0.11499889
}