{
  "width": 0.08775759, 
  "rotation": 2.5834079, 
  "xCenter": 0.38314188, 
  "yCenter": 0.13539612, 
  "height": 0.10969698
}