{
  "width": 0.13494085, 
  "rotation": 2.9093487, 
  "xCenter": 0.625005, 
  "yCenter": 0.74111927, 
  "height": 0.16867606
}