{
  "width": 0.15594065, 
  "rotation": 3.1400409, 
  "xCenter": 0.52631694, 
  "yCenter": 0.68838704, 
  "height": 0.19492581
}