{
  "width": 0.1716542, 
  "rotation": -3.0564406, 
  "xCenter": 0.6409868, 
  "yCenter": 0.7691241, 
  "height": 0.21456774
}