{
  "width": 0.17256807, 
  "rotation": -2.8095505, 
  "xCenter": 0.49255627, 
  "yCenter": 0.6846292, 
  "height": 0.21571007
}