{
  "width": 0.16141798, 
  "rotation": 2.9739428, 
  "xCenter": 0.86855036, 
  "yCenter": 0.711616, 
  "height": 0.20177248
}