{
  "width": 0.18850896, 
  "rotation": -2.9997556, 
  "xCenter": 0.8524737, 
  "yCenter": 0.71305317, 
  "height": 0.23563619
}