{
  "width": 0.20874567, 
  "rotation": -3.01055, 
  "xCenter": 0.85575676, 
  "yCenter": 0.73711365, 
  "height": 0.2609321
}