{
  "width": 0.14934659, 
  "rotation": 2.9002318, 
  "xCenter": 0.90409946, 
  "yCenter": 0.69191587, 
  "height": 0.18668324
}