{
  "width": 0.21535663, 
  "rotation": 1.6236346, 
  "xCenter": 0.6640311, 
  "yCenter": 0.57267976, 
  "height": 0.2691958
}