{
  "width": 0.18907925, 
  "rotation": 2.8909879, 
  "xCenter": 0.66845125, 
  "yCenter": 0.73541766, 
  "height": 0.23634906
}