{
  "width": 0.16440414, 
  "rotation": 2.7990608, 
  "xCenter": 0.89160424, 
  "yCenter": 0.6948897, 
  "height": 0.20550516
}