{
  "width": 0.16305448, 
  "rotation": -3.069444, 
  "xCenter": 0.50092185, 
  "yCenter": 0.6884513, 
  "height": 0.2038181
}