{
  "width": 0.1493094, 
  "rotation": -2.7881007, 
  "xCenter": 0.49593267, 
  "yCenter": 0.68279976, 
  "height": 0.18663675
}