{
  "width": 0.07594534, 
  "rotation": 2.3120766, 
  "xCenter": 0.5228602, 
  "yCenter": 0.19481987, 
  "height": 0.09493168
}