{
  "width": 0.124588095, 
  "rotation": -2.8381014, 
  "xCenter": 0.60844374, 
  "yCenter": 0.71930027, 
  "height": 0.15573512
}