{
  "width": 0.17532781, 
  "rotation": 2.869944, 
  "xCenter": 0.8989404, 
  "yCenter": 0.69804746, 
  "height": 0.21915975
}