{
  "width": 0.1874928, 
  "rotation": 3.1148286, 
  "xCenter": 0.8466891, 
  "yCenter": 0.7722253, 
  "height": 0.234366
}