{
  "width": 0.18188344, 
  "rotation": 2.555962, 
  "xCenter": 0.9514328, 
  "yCenter": 0.6822607, 
  "height": 0.22735429
}