{
  "width": 0.15406579, 
  "rotation": 3.1029222, 
  "xCenter": 0.79374045, 
  "yCenter": 0.7591056, 
  "height": 0.19258225
}