{
  "width": 0.19732904, 
  "rotation": -2.9765627, 
  "xCenter": 0.8447885, 
  "yCenter": 0.6948164, 
  "height": 0.24666129
}