{
  "width": 0.16004461, 
  "rotation": -2.8886821, 
  "xCenter": 0.5004753, 
  "yCenter": 0.67717636, 
  "height": 0.20005578
}