{
  "width": 0.11354055, 
  "rotation": -2.8802826, 
  "xCenter": 0.86962914, 
  "yCenter": 0.66750276, 
  "height": 0.1419257
}