{
  "width": 0.16787551, 
  "rotation": 2.9624362, 
  "xCenter": 0.6338726, 
  "yCenter": 0.76388264, 
  "height": 0.20984438
}