{
  "width": 0.17424703, 
  "rotation": -3.000763, 
  "xCenter": 0.82905644, 
  "yCenter": 0.77079415, 
  "height": 0.21780878
}