{
  "width": 0.16011807, 
  "rotation": 3.1267705, 
  "xCenter": 0.60036844, 
  "yCenter": 0.7215905, 
  "height": 0.2001476
}