{
  "width": 0.1626046, 
  "rotation": -2.805655, 
  "xCenter": 0.7569782, 
  "yCenter": 0.7167439, 
  "height": 0.20325574
}