{
  "width": 0.09061674, 
  "rotation": 2.2333448, 
  "xCenter": 0.3788459, 
  "yCenter": 0.43078753, 
  "height": 0.11327092
}