{
  "width": 0.21428205, 
  "rotation": -3.0983267, 
  "xCenter": 0.875462, 
  "yCenter": 0.75344145, 
  "height": 0.26785257
}