{
  "width": 0.14000379, 
  "rotation": 3.0885997, 
  "xCenter": 0.6199557, 
  "yCenter": 0.744388, 
  "height": 0.17500474
}