{
  "width": 0.21433459, 
  "rotation": 2.9106617, 
  "xCenter": 0.8708419, 
  "yCenter": 0.75403297, 
  "height": 0.26791823
}