{
  "width": 0.17648643, 
  "rotation": 2.9854598, 
  "xCenter": 0.8598839, 
  "yCenter": 0.73616505, 
  "height": 0.22060804
}