{
  "width": 0.19452001, 
  "rotation": 2.97618, 
  "xCenter": 0.8673436, 
  "yCenter": 0.7148753, 
  "height": 0.24315001
}