{
  "width": 0.18445659, 
  "rotation": 2.7306507, 
  "xCenter": 0.97772425, 
  "yCenter": 0.6873345, 
  "height": 0.23057073
}