{
  "width": 0.1476171, 
  "rotation": -2.8187456, 
  "xCenter": 0.49652278, 
  "yCenter": 0.6892531, 
  "height": 0.18452138
}