{
  "width": 0.20520534, 
  "rotation": 2.8980374, 
  "xCenter": 0.69515735, 
  "yCenter": 0.713984, 
  "height": 0.25650668
}