{
  "width": 0.18386398, 
  "rotation": 3.1108654, 
  "xCenter": 0.6446753, 
  "yCenter": 0.7763895, 
  "height": 0.22982997
}