{
  "width": 0.2141032, 
  "rotation": 2.9317236, 
  "xCenter": 0.8783471, 
  "yCenter": 0.7742494, 
  "height": 0.26762903
}