{
  "width": 0.17191455, 
  "rotation": 2.879574, 
  "xCenter": 0.63636494, 
  "yCenter": 0.68112445, 
  "height": 0.21489318
}