{
  "width": 0.17902854, 
  "rotation": 3.0012045, 
  "xCenter": 0.8242253, 
  "yCenter": 0.7654793, 
  "height": 0.22378567
}