{
  "width": 0.18759818, 
  "rotation": 2.7135549, 
  "xCenter": 0.9774044, 
  "yCenter": 0.6872289, 
  "height": 0.23449773
}