{
  "width": 0.1738269, 
  "rotation": 3.101669, 
  "xCenter": 0.6308089, 
  "yCenter": 0.7666603, 
  "height": 0.21728362
}