{
  "width": 0.22058229, 
  "rotation": 2.9574604, 
  "xCenter": 0.86545795, 
  "yCenter": 0.75679684, 
  "height": 0.27572787
}