{
  "width": 0.14838976, 
  "rotation": -1.8160175, 
  "xCenter": 0.027592761, 
  "yCenter": 0.3611894, 
  "height": 0.1854872
}