{
  "width": 0.15979697, 
  "rotation": 2.938518, 
  "xCenter": 0.5848861, 
  "yCenter": 0.7024275, 
  "height": 0.19974622
}