{
  "width": 0.13509706, 
  "rotation": -3.0889604, 
  "xCenter": 0.8630571, 
  "yCenter": 0.66535765, 
  "height": 0.16887133
}