{
  "width": 0.21284841, 
  "rotation": 2.9926105, 
  "xCenter": 0.88825244, 
  "yCenter": 0.76662475, 
  "height": 0.2660605
}