{
  "width": 0.16230473, 
  "rotation": -2.8928096, 
  "xCenter": 0.49688885, 
  "yCenter": 0.6879145, 
  "height": 0.20288092
}