{
  "width": 0.20692848, 
  "rotation": 2.9163318, 
  "xCenter": 0.6923699, 
  "yCenter": 0.7174947, 
  "height": 0.25866058
}