{
  "width": 0.74751055, 
  "rotation": -1.3897856, 
  "xCenter": 0.21596086, 
  "yCenter": 0.4945282, 
  "height": 0.9343882
}