{
  "width": 0.20399392, 
  "rotation": -3.0963452, 
  "xCenter": 0.87020934, 
  "yCenter": 0.7483964, 
  "height": 0.2549924
}