{
  "width": 0.20039175, 
  "rotation": 2.9685054, 
  "xCenter": 0.68173456, 
  "yCenter": 0.731795, 
  "height": 0.25048968
}