{
  "width": 0.21242052, 
  "rotation": -3.0145772, 
  "xCenter": 0.8565624, 
  "yCenter": 0.73626906, 
  "height": 0.26552567
}