{
  "width": 0.19131875, 
  "rotation": 3.038182, 
  "xCenter": 0.68012893, 
  "yCenter": 0.7501289, 
  "height": 0.23914844
}