{
  "width": 0.4776612, 
  "rotation": 1.8834046, 
  "xCenter": 0.32970792, 
  "yCenter": 0.46037292, 
  "height": 0.5970765
}