{
  "width": 0.14597423, 
  "rotation": -3.055147, 
  "xCenter": 0.835998, 
  "yCenter": 0.68486387, 
  "height": 0.1824678
}