{
  "width": 0.20811881, 
  "rotation": -3.129205, 
  "xCenter": 0.87681663, 
  "yCenter": 0.75333387, 
  "height": 0.26014853
}