{
  "width": 0.08541045, 
  "rotation": 2.8096375, 
  "xCenter": 0.4311098, 
  "yCenter": 0.4863663, 
  "height": 0.106763065
}