{
  "width": 0.14595455, 
  "rotation": 2.9992175, 
  "xCenter": 0.891886, 
  "yCenter": 0.69529045, 
  "height": 0.1824432
}