{
  "width": 0.17442824, 
  "rotation": -1.7416424, 
  "xCenter": 0.039022714, 
  "yCenter": 0.3566733, 
  "height": 0.21803528
}