{
  "width": 0.17578451, 
  "rotation": 2.8805609, 
  "xCenter": 0.65208125, 
  "yCenter": 0.7465552, 
  "height": 0.21973063
}