{
  "width": 0.20119993, 
  "rotation": 2.9433591, 
  "xCenter": 0.66293406, 
  "yCenter": 0.73843825, 
  "height": 0.25149992
}