{
  "width": 0.17645709, 
  "rotation": 2.8565357, 
  "xCenter": 0.86265254, 
  "yCenter": 0.66953063, 
  "height": 0.22057135
}