{
  "width": 0.17966811, 
  "rotation": 2.4614944, 
  "xCenter": 0.9559297, 
  "yCenter": 0.67888325, 
  "height": 0.22458513
}