{
  "width": 0.1904726, 
  "rotation": 2.927279, 
  "xCenter": 0.6405097, 
  "yCenter": 0.6848776, 
  "height": 0.23809075
}