{
  "width": 0.16111965, 
  "rotation": -3.133075, 
  "xCenter": 0.6165947, 
  "yCenter": 0.74902284, 
  "height": 0.20139958
}