{
  "width": 0.1554345, 
  "rotation": 2.848299, 
  "xCenter": 0.80726254, 
  "yCenter": 0.7359431, 
  "height": 0.19429314
}