{
  "width": 0.21890937, 
  "rotation": -2.985419, 
  "xCenter": 0.85499316, 
  "yCenter": 0.73538095, 
  "height": 0.2736367
}