{
  "width": 0.0960083, 
  "rotation": -1.3986615, 
  "xCenter": 0.51415837, 
  "yCenter": 0.18100059, 
  "height": 0.12001037
}