{
  "width": 0.14125673, 
  "rotation": -3.0890098, 
  "xCenter": 0.7874897, 
  "yCenter": 0.7513925, 
  "height": 0.17657092
}