{
  "width": 0.16503921, 
  "rotation": 3.092256, 
  "xCenter": 0.8815472, 
  "yCenter": 0.70051897, 
  "height": 0.206299
}