{
  "width": 0.1886709, 
  "rotation": 2.9744964, 
  "xCenter": 0.85951453, 
  "yCenter": 0.7753645, 
  "height": 0.23583862
}