{
  "width": 0.16487385, 
  "rotation": -2.7841613, 
  "xCenter": 0.75836116, 
  "yCenter": 0.7158953, 
  "height": 0.20609231
}