{
  "width": 0.15292846, 
  "rotation": 2.9536881, 
  "xCenter": 0.630585, 
  "yCenter": 0.7573539, 
  "height": 0.19116057
}