{
  "width": 0.19608879, 
  "rotation": 2.8932457, 
  "xCenter": 0.67015094, 
  "yCenter": 0.7316246, 
  "height": 0.24511099
}