{
  "width": 0.14830022, 
  "rotation": 3.0349927, 
  "xCenter": 0.6168677, 
  "yCenter": 0.74392855, 
  "height": 0.18537527
}