{
  "width": 0.1701223, 
  "rotation": 2.8574276, 
  "xCenter": 0.81950796, 
  "yCenter": 0.7570188, 
  "height": 0.21265286
}