{
  "width": 0.17665638, 
  "rotation": 2.8231268, 
  "xCenter": 0.65882367, 
  "yCenter": 0.7434894, 
  "height": 0.22082047
}