{
  "width": 0.16931194, 
  "rotation": -3.0293386, 
  "xCenter": 0.6168777, 
  "yCenter": 0.754233, 
  "height": 0.21163993
}