{
  "width": 0.16829099, 
  "rotation": -3.0782402, 
  "xCenter": 0.81187296, 
  "yCenter": 0.757228, 
  "height": 0.21036373
}