{
  "width": 0.153829, 
  "rotation": -2.857115, 
  "xCenter": 0.5109486, 
  "yCenter": 0.6595809, 
  "height": 0.19228625
}