{
  "width": 0.13980564, 
  "rotation": 3.1052513, 
  "xCenter": 0.53926545, 
  "yCenter": 0.5599976, 
  "height": 0.17475706
}