{
  "width": 0.16816407, 
  "rotation": -3.1063926, 
  "xCenter": 0.8860338, 
  "yCenter": 0.7022398, 
  "height": 0.21020508
}