{
  "width": 0.11781015, 
  "rotation": 2.8963783, 
  "xCenter": 0.5085396, 
  "yCenter": 0.49360543, 
  "height": 0.14726269
}