{
  "width": 0.1490781, 
  "rotation": -3.035092, 
  "xCenter": 0.50032896, 
  "yCenter": 0.6802847, 
  "height": 0.18634762
}