{
  "width": 0.08817059, 
  "rotation": 2.6805818, 
  "xCenter": 0.7902771, 
  "yCenter": 0.40163627, 
  "height": 0.11021323
}