{
  "width": 0.17210889, 
  "rotation": -2.8587697, 
  "xCenter": 0.5076838, 
  "yCenter": 0.6858454, 
  "height": 0.2151361
}