{
  "width": 0.21891169, 
  "rotation": -2.9769254, 
  "xCenter": 0.85447365, 
  "yCenter": 0.7361533, 
  "height": 0.27363962
}