{
  "width": 0.18874514, 
  "rotation": 3.0944457, 
  "xCenter": 0.63725907, 
  "yCenter": 0.76933014, 
  "height": 0.23593141
}