{
  "width": 0.19338423, 
  "rotation": 3.0042887, 
  "xCenter": 0.862321, 
  "yCenter": 0.71943754, 
  "height": 0.24173027
}