{
  "width": 0.19908224, 
  "rotation": 2.7407298, 
  "xCenter": 0.6871824, 
  "yCenter": 0.72007096, 
  "height": 0.24885279
}