{
  "width": 0.1459451, 
  "rotation": -3.0082622, 
  "xCenter": 0.5001513, 
  "yCenter": 0.68039346, 
  "height": 0.18243138
}