{
  "width": 0.14312182, 
  "rotation": 3.0960078, 
  "xCenter": 0.5556897, 
  "yCenter": 0.6843884, 
  "height": 0.17890228
}