{
  "width": 0.20103891, 
  "rotation": -3.0910425, 
  "xCenter": 0.8572885, 
  "yCenter": 0.7457145, 
  "height": 0.25129864
}