{
  "width": 0.17544745, 
  "rotation": -3.062525, 
  "xCenter": 0.647793, 
  "yCenter": 0.7232955, 
  "height": 0.2193093
}