{
  "width": 0.17493449, 
  "rotation": 2.8189583, 
  "xCenter": 0.85120785, 
  "yCenter": 0.6875589, 
  "height": 0.2186681
}