{
  "width": 0.1858112, 
  "rotation": 2.7749987, 
  "xCenter": 0.8885701, 
  "yCenter": 0.6851581, 
  "height": 0.232264
}