{
  "width": 0.18129113, 
  "rotation": 2.6128078, 
  "xCenter": 0.93508667, 
  "yCenter": 0.68276626, 
  "height": 0.22661391
}