{
  "width": 0.16790883, 
  "rotation": -2.8310885, 
  "xCenter": 0.49636757, 
  "yCenter": 0.6858789, 
  "height": 0.20988603
}