{
  "width": 0.1478869, 
  "rotation": 3.1022663, 
  "xCenter": 0.628007, 
  "yCenter": 0.75017506, 
  "height": 0.18485864
}