{
  "width": 0.20387582, 
  "rotation": 2.6746645, 
  "xCenter": 0.7207594, 
  "yCenter": 0.6998979, 
  "height": 0.25484478
}