{
  "width": 0.15675905, 
  "rotation": -2.9633906, 
  "xCenter": 0.5074372, 
  "yCenter": 0.6707618, 
  "height": 0.19594882
}