{
  "width": 0.15502894, 
  "rotation": 2.78406, 
  "xCenter": 0.5813786, 
  "yCenter": 0.68038386, 
  "height": 0.19378619
}