{
  "width": 0.18421066, 
  "rotation": 2.964395, 
  "xCenter": 0.6364263, 
  "yCenter": 0.6838809, 
  "height": 0.23026331
}