{
  "width": 0.22100924, 
  "rotation": -3.1268408, 
  "xCenter": 0.8786096, 
  "yCenter": 0.7519304, 
  "height": 0.27626154
}