{
  "width": 0.54578245, 
  "rotation": -1.4589757, 
  "xCenter": 0.26574835, 
  "yCenter": 0.45218837, 
  "height": 0.6822281
}