{
  "width": 0.17686063, 
  "rotation": 2.929802, 
  "xCenter": 0.8725955, 
  "yCenter": 0.72827935, 
  "height": 0.22107579
}