{
  "width": 0.077876024, 
  "rotation": 2.3852336, 
  "xCenter": 0.5031183, 
  "yCenter": 0.2020893, 
  "height": 0.09734503
}