{
  "width": 0.16572016, 
  "rotation": -3.0903833, 
  "xCenter": 0.8150391, 
  "yCenter": 0.7589054, 
  "height": 0.20715019
}