{
  "width": 0.15203506, 
  "rotation": 2.9754443, 
  "xCenter": 0.9037083, 
  "yCenter": 0.7020973, 
  "height": 0.19004382
}