{
  "width": 0.17766479, 
  "rotation": 2.785324, 
  "xCenter": 0.880973, 
  "yCenter": 0.6730689, 
  "height": 0.22208098
}