{
  "width": 0.20758648, 
  "rotation": 2.826004, 
  "xCenter": 0.8818108, 
  "yCenter": 0.77765447, 
  "height": 0.2594831
}