{
  "width": 0.21336989, 
  "rotation": 2.9555686, 
  "xCenter": 0.88699174, 
  "yCenter": 0.72230154, 
  "height": 0.26671237
}