{
  "width": 0.19281499, 
  "rotation": 3.0983744, 
  "xCenter": 0.89350736, 
  "yCenter": 0.69126153, 
  "height": 0.24101874
}