{
  "width": 0.1761862, 
  "rotation": 3.0847077, 
  "xCenter": 0.6371886, 
  "yCenter": 0.76455086, 
  "height": 0.22023274
}