{
  "width": 0.17406897, 
  "rotation": 2.7492156, 
  "xCenter": 0.8584356, 
  "yCenter": 0.6714401, 
  "height": 0.2175862
}