{
  "width": 0.18380928, 
  "rotation": 2.6138196, 
  "xCenter": 0.9510635, 
  "yCenter": 0.68846136, 
  "height": 0.22976159
}