{
  "width": 0.13990165, 
  "rotation": 3.0858757, 
  "xCenter": 0.60981673, 
  "yCenter": 0.7292133, 
  "height": 0.17487708
}