{
  "width": 0.21642253, 
  "rotation": -3.1314738, 
  "xCenter": 0.8764829, 
  "yCenter": 0.74933916, 
  "height": 0.27052817
}