{
  "width": 0.17738087, 
  "rotation": 2.8678453, 
  "xCenter": 0.6551696, 
  "yCenter": 0.74843603, 
  "height": 0.22172609
}