{
  "width": 0.1713819, 
  "rotation": -2.99418, 
  "xCenter": 0.8890233, 
  "yCenter": 0.6937906, 
  "height": 0.21422738
}