{
  "width": 0.15408593, 
  "rotation": 3.0487385, 
  "xCenter": 0.6188024, 
  "yCenter": 0.7344109, 
  "height": 0.19260743
}