{
  "width": 0.17577165, 
  "rotation": 2.99332, 
  "xCenter": 0.63526326, 
  "yCenter": 0.6793453, 
  "height": 0.21971455
}