{
  "width": 0.1502496, 
  "rotation": 3.1203346, 
  "xCenter": 0.8771121, 
  "yCenter": 0.6941673, 
  "height": 0.18781202
}