{
  "width": 0.15410191, 
  "rotation": 2.9361153, 
  "xCenter": 0.63145673, 
  "yCenter": 0.7569364, 
  "height": 0.19262739
}