{
  "width": 0.15640572, 
  "rotation": -2.893532, 
  "xCenter": 0.62663186, 
  "yCenter": 0.7501382, 
  "height": 0.19550715
}