{
  "width": 0.1534442, 
  "rotation": 3.0998454, 
  "xCenter": 0.5232043, 
  "yCenter": 0.68527156, 
  "height": 0.19180526
}