{
  "width": 0.18584917, 
  "rotation": 2.9552839, 
  "xCenter": 0.6359212, 
  "yCenter": 0.6926227, 
  "height": 0.23231146
}