{
  "width": 0.58770084, 
  "rotation": -1.2587692, 
  "xCenter": 0.25589827, 
  "yCenter": 0.41385403, 
  "height": 0.73462605
}