{
  "width": 0.16914551, 
  "rotation": -3.0020244, 
  "xCenter": 0.61482644, 
  "yCenter": 0.7074626, 
  "height": 0.21143188
}