{
  "width": 0.21820796, 
  "rotation": 2.9438722, 
  "xCenter": 0.86897343, 
  "yCenter": 0.7566491, 
  "height": 0.27275994
}