{
  "width": 0.14820258, 
  "rotation": 3.1197345, 
  "xCenter": 0.6011975, 
  "yCenter": 0.7255371, 
  "height": 0.18525323
}