{
  "width": 0.16823815, 
  "rotation": -3.1044986, 
  "xCenter": 0.81284773, 
  "yCenter": 0.7538686, 
  "height": 0.21029767
}