{
  "width": 0.15524653, 
  "rotation": -2.963991, 
  "xCenter": 0.61818427, 
  "yCenter": 0.7353654, 
  "height": 0.19405816
}