{
  "width": 0.16916503, 
  "rotation": -1.7520684, 
  "xCenter": 0.446227, 
  "yCenter": 0.31627193, 
  "height": 0.21145628
}