{
  "width": 0.23381613, 
  "rotation": -3.0377333, 
  "xCenter": 0.85934967, 
  "yCenter": 0.73772746, 
  "height": 0.29227015
}