{
  "width": 0.17270212, 
  "rotation": -3.045276, 
  "xCenter": 0.890697, 
  "yCenter": 0.6969888, 
  "height": 0.21587764
}