{
  "width": 0.11499894, 
  "rotation": 2.0685966, 
  "xCenter": 0.10225059, 
  "yCenter": 0.16720329, 
  "height": 0.14374867
}