{
  "width": 0.18211186, 
  "rotation": 2.6709476, 
  "xCenter": 0.8877298, 
  "yCenter": 0.6729605, 
  "height": 0.22763982
}