{
  "width": 0.16763669, 
  "rotation": -2.9344099, 
  "xCenter": 0.8256592, 
  "yCenter": 0.68866664, 
  "height": 0.20954587
}