{
  "width": 0.17652279, 
  "rotation": 2.9685757, 
  "xCenter": 0.65211034, 
  "yCenter": 0.7638412, 
  "height": 0.22065349
}