{
  "width": 0.19871542, 
  "rotation": -2.9496796, 
  "xCenter": 0.842524, 
  "yCenter": 0.7520128, 
  "height": 0.24839427
}