{
  "width": 0.15963751, 
  "rotation": -2.9731367, 
  "xCenter": 0.502042, 
  "yCenter": 0.6875355, 
  "height": 0.19954689
}