{
  "width": 0.18536818, 
  "rotation": 2.9607828, 
  "xCenter": 0.8914938, 
  "yCenter": 0.6957479, 
  "height": 0.23171023
}