{
  "width": 0.15429437, 
  "rotation": -3.1204863, 
  "xCenter": 0.50610805, 
  "yCenter": 0.68276453, 
  "height": 0.19286798
}