{
  "width": 0.18125576, 
  "rotation": -3.1258333, 
  "xCenter": 0.8889183, 
  "yCenter": 0.6876369, 
  "height": 0.2265697
}