{
  "width": 0.14424568, 
  "rotation": 3.0407422, 
  "xCenter": 0.5127839, 
  "yCenter": 0.6836413, 
  "height": 0.1803071
}