{
  "width": 0.15504475, 
  "rotation": 2.9654965, 
  "xCenter": 0.6226159, 
  "yCenter": 0.7512458, 
  "height": 0.19380595
}