{
  "width": 0.21019946, 
  "rotation": -3.0436316, 
  "xCenter": 0.8572389, 
  "yCenter": 0.74036944, 
  "height": 0.26274934
}