{
  "width": 0.20762973, 
  "rotation": 3.0736747, 
  "xCenter": 0.6695313, 
  "yCenter": 0.75532144, 
  "height": 0.25953716
}