{
  "width": 0.20450269, 
  "rotation": -3.0088234, 
  "xCenter": 0.66465265, 
  "yCenter": 0.76011854, 
  "height": 0.25562838
}