{
  "width": 0.199474, 
  "rotation": 3.0436008, 
  "xCenter": 0.88808876, 
  "yCenter": 0.7585511, 
  "height": 0.2493425
}