{
  "width": 0.21996333, 
  "rotation": 2.9600146, 
  "xCenter": 0.8920828, 
  "yCenter": 0.7657518, 
  "height": 0.27495417
}