{
  "width": 0.19963665, 
  "rotation": 3.0348313, 
  "xCenter": 0.85866755, 
  "yCenter": 0.7503703, 
  "height": 0.24954581
}