{
  "width": 0.19634914, 
  "rotation": 2.9384987, 
  "xCenter": 0.6632555, 
  "yCenter": 0.7366328, 
  "height": 0.24543643
}