{
  "width": 0.15923178, 
  "rotation": -3.012541, 
  "xCenter": 0.6195578, 
  "yCenter": 0.74238884, 
  "height": 0.19903974
}