{
  "width": 0.198827, 
  "rotation": 2.940586, 
  "xCenter": 0.6626768, 
  "yCenter": 0.73774964, 
  "height": 0.24853374
}