{
  "width": 0.14525703, 
  "rotation": 2.9627771, 
  "xCenter": 0.8985277, 
  "yCenter": 0.6878519, 
  "height": 0.18157129
}