{
  "width": 0.14324796, 
  "rotation": 2.939838, 
  "xCenter": 0.61724305, 
  "yCenter": 0.7372523, 
  "height": 0.17905997
}