{
  "width": 0.17650126, 
  "rotation": -3.0759695, 
  "xCenter": 0.6454697, 
  "yCenter": 0.7279354, 
  "height": 0.22062656
}