{
  "width": 0.20670097, 
  "rotation": 2.8696666, 
  "xCenter": 0.6810379, 
  "yCenter": 0.730602, 
  "height": 0.2583762
}