{
  "width": 0.093982115, 
  "rotation": 2.9654384, 
  "xCenter": 0.4286487, 
  "yCenter": 0.48615688, 
  "height": 0.11747764
}