{
  "width": 0.18578579, 
  "rotation": -3.1280706, 
  "xCenter": 0.6551562, 
  "yCenter": 0.7251718, 
  "height": 0.23223223
}