{
  "width": 0.17582232, 
  "rotation": -3.0753205, 
  "xCenter": 0.64766556, 
  "yCenter": 0.72400975, 
  "height": 0.2197779
}