{
  "width": 0.1936266, 
  "rotation": 3.0980473, 
  "xCenter": 0.66107184, 
  "yCenter": 0.7677201, 
  "height": 0.24203324
}