{
  "width": 0.13765688, 
  "rotation": 3.0974307, 
  "xCenter": 0.6275099, 
  "yCenter": 0.74139035, 
  "height": 0.17207111
}