{
  "width": 0.15879652, 
  "rotation": -3.0704715, 
  "xCenter": 0.50476074, 
  "yCenter": 0.6781652, 
  "height": 0.19849566
}