{
  "width": 0.17052701, 
  "rotation": -2.8587053, 
  "xCenter": 0.50996816, 
  "yCenter": 0.6845356, 
  "height": 0.21315876
}