{
  "width": 0.1987238, 
  "rotation": -3.011441, 
  "xCenter": 0.8532905, 
  "yCenter": 0.7533364, 
  "height": 0.24840473
}