{
  "width": 0.17237435, 
  "rotation": 3.0440063, 
  "xCenter": 0.65654135, 
  "yCenter": 0.7703119, 
  "height": 0.21546793
}