{
  "width": 0.17483747, 
  "rotation": 3.02422, 
  "xCenter": 0.8207496, 
  "yCenter": 0.7680285, 
  "height": 0.21854684
}