{
  "width": 0.15923427, 
  "rotation": 2.8353949, 
  "xCenter": 0.5998724, 
  "yCenter": 0.7023226, 
  "height": 0.19904284
}