{
  "width": 0.16902788, 
  "rotation": 3.1268, 
  "xCenter": 0.8620482, 
  "yCenter": 0.69553375, 
  "height": 0.21128485
}