{
  "width": 0.19467065, 
  "rotation": 3.073983, 
  "xCenter": 0.66033626, 
  "yCenter": 0.7607954, 
  "height": 0.2433383
}