{
  "width": 0.14266759, 
  "rotation": -3.1164176, 
  "xCenter": 0.5559862, 
  "yCenter": 0.6439572, 
  "height": 0.1783345
}