{
  "width": 0.18439692, 
  "rotation": 2.9455519, 
  "xCenter": 0.63797265, 
  "yCenter": 0.6859393, 
  "height": 0.23049615
}