{
  "width": 0.16608341, 
  "rotation": -3.0334878, 
  "xCenter": 0.8965927, 
  "yCenter": 0.6970422, 
  "height": 0.20760426
}