{
  "width": 0.1701522, 
  "rotation": 3.0015826, 
  "xCenter": 0.8636986, 
  "yCenter": 0.7249888, 
  "height": 0.21269025
}