{
  "width": 0.15404409, 
  "rotation": -3.0515912, 
  "xCenter": 0.52707857, 
  "yCenter": 0.66456264, 
  "height": 0.19255513
}