{
  "width": 0.1617132, 
  "rotation": -2.9066787, 
  "xCenter": 0.49740237, 
  "yCenter": 0.6878485, 
  "height": 0.20214151
}