{
  "width": 0.19096759, 
  "rotation": -2.9757051, 
  "xCenter": 0.86015123, 
  "yCenter": 0.69073945, 
  "height": 0.23870948
}