{
  "width": 0.177885, 
  "rotation": -3.0433083, 
  "xCenter": 0.82976717, 
  "yCenter": 0.7476452, 
  "height": 0.22235624
}