{
  "width": 0.14616811, 
  "rotation": 2.9995036, 
  "xCenter": 0.51508474, 
  "yCenter": 0.68167865, 
  "height": 0.18271014
}