{
  "width": 0.15169781, 
  "rotation": 3.082606, 
  "xCenter": 0.54874927, 
  "yCenter": 0.68759567, 
  "height": 0.18962228
}