{
  "width": 0.1892623, 
  "rotation": 3.1238372, 
  "xCenter": 0.89331883, 
  "yCenter": 0.6899191, 
  "height": 0.23657788
}