{
  "width": 0.16703169, 
  "rotation": -2.9960349, 
  "xCenter": 0.89032817, 
  "yCenter": 0.6933173, 
  "height": 0.2087896
}