{
  "width": 0.17361413, 
  "rotation": 2.9803312, 
  "xCenter": 0.6341801, 
  "yCenter": 0.6767384, 
  "height": 0.21701765
}