{
  "width": 0.14716847, 
  "rotation": 2.9348185, 
  "xCenter": 0.89851665, 
  "yCenter": 0.69208354, 
  "height": 0.18396059
}