{
  "width": 0.17667776, 
  "rotation": 2.9357219, 
  "xCenter": 0.8625277, 
  "yCenter": 0.72515726, 
  "height": 0.2208472
}