{
  "width": 0.2124492, 
  "rotation": 2.9019651, 
  "xCenter": 0.8906045, 
  "yCenter": 0.7702987, 
  "height": 0.2655615
}