{
  "width": 0.18692018, 
  "rotation": 2.6898866, 
  "xCenter": 0.9377833, 
  "yCenter": 0.69385135, 
  "height": 0.23365022
}