{
  "width": 0.1834113, 
  "rotation": -3.141122, 
  "xCenter": 0.6313783, 
  "yCenter": 0.67664546, 
  "height": 0.22926413
}