{
  "width": 0.09497975, 
  "rotation": -1.1956829, 
  "xCenter": 0.5047694, 
  "yCenter": 0.14426447, 
  "height": 0.11872468
}