{
  "width": 0.1670196, 
  "rotation": -3.1415741, 
  "xCenter": 0.5091723, 
  "yCenter": 0.6893687, 
  "height": 0.20877449
}