{
  "width": 0.15338267, 
  "rotation": 2.8632097, 
  "xCenter": 0.630167, 
  "yCenter": 0.75740564, 
  "height": 0.19172835
}