{
  "width": 0.22101496, 
  "rotation": 2.9794812, 
  "xCenter": 0.86552, 
  "yCenter": 0.7611564, 
  "height": 0.27626872
}