{
  "width": 0.15597613, 
  "rotation": 2.770368, 
  "xCenter": 0.80936086, 
  "yCenter": 0.7166074, 
  "height": 0.19497018
}