{
  "width": 0.19788446, 
  "rotation": 2.9134634, 
  "xCenter": 0.8691271, 
  "yCenter": 0.7820913, 
  "height": 0.24735557
}