{
  "width": 0.18518543, 
  "rotation": 3.0722208, 
  "xCenter": 0.6558427, 
  "yCenter": 0.76834387, 
  "height": 0.23148178
}