{
  "width": 0.17201358, 
  "rotation": -2.912527, 
  "xCenter": 0.6058613, 
  "yCenter": 0.7485248, 
  "height": 0.21501696
}