{
  "width": 0.2192785, 
  "rotation": 3.02472, 
  "xCenter": 0.89047486, 
  "yCenter": 0.7223337, 
  "height": 0.27409813
}