{
  "width": 0.17185457, 
  "rotation": 3.1362243, 
  "xCenter": 0.6477149, 
  "yCenter": 0.7713988, 
  "height": 0.21481821
}