{
  "width": 0.15954182, 
  "rotation": -3.112048, 
  "xCenter": 0.509765, 
  "yCenter": 0.67852765, 
  "height": 0.19942726
}