{
  "width": 0.16282628, 
  "rotation": -2.8678076, 
  "xCenter": 0.498358, 
  "yCenter": 0.68280923, 
  "height": 0.20353286
}