{
  "width": 0.14470874, 
  "rotation": 2.8753467, 
  "xCenter": 0.57960194, 
  "yCenter": 0.68645895, 
  "height": 0.18088593
}