{
  "width": 0.20308207, 
  "rotation": -2.8880384, 
  "xCenter": 0.84464455, 
  "yCenter": 0.69446415, 
  "height": 0.25385258
}