{
  "width": 0.19837494, 
  "rotation": -2.9753916, 
  "xCenter": 0.84441894, 
  "yCenter": 0.6943325, 
  "height": 0.24796867
}