{
  "width": 0.19383907, 
  "rotation": 2.9507012, 
  "xCenter": 0.8639402, 
  "yCenter": 0.7175763, 
  "height": 0.24229883
}