{
  "width": 0.21189347, 
  "rotation": 2.9069424, 
  "xCenter": 0.69220036, 
  "yCenter": 0.715148, 
  "height": 0.26486683
}