{
  "width": 0.13122153, 
  "rotation": -0.79866564, 
  "xCenter": 0.35206586, 
  "yCenter": 0.3504226, 
  "height": 0.16402692
}