{
  "width": 0.1571953, 
  "rotation": 2.9042304, 
  "xCenter": 0.81567657, 
  "yCenter": 0.74233514, 
  "height": 0.19649413
}