{
  "width": 0.18660481, 
  "rotation": 2.7639322, 
  "xCenter": 0.70028573, 
  "yCenter": 0.734354, 
  "height": 0.23325601
}