{
  "width": 0.2170714, 
  "rotation": 2.9285114, 
  "xCenter": 0.8996647, 
  "yCenter": 0.71590674, 
  "height": 0.27133924
}