{
  "width": 0.5378785, 
  "rotation": -1.5399855, 
  "xCenter": 0.26751184, 
  "yCenter": 0.46552852, 
  "height": 0.67234814
}