{
  "width": 0.21677957, 
  "rotation": -3.0202587, 
  "xCenter": 0.85483974, 
  "yCenter": 0.72879225, 
  "height": 0.2709745
}