{
  "width": 0.15673271, 
  "rotation": 2.8038912, 
  "xCenter": 0.80745184, 
  "yCenter": 0.72157246, 
  "height": 0.1959159
}