{
  "width": 0.15528512, 
  "rotation": 3.0076034, 
  "xCenter": 0.59347534, 
  "yCenter": 0.69693536, 
  "height": 0.1941064
}