{
  "width": 0.19895439, 
  "rotation": 3.0844789, 
  "xCenter": 0.6609841, 
  "yCenter": 0.7608994, 
  "height": 0.24869297
}