{
  "width": 0.16661373, 
  "rotation": 1.9571657, 
  "xCenter": 0.4015769, 
  "yCenter": 0.24683192, 
  "height": 0.20826715
}