{
  "width": 0.18648238, 
  "rotation": 2.798951, 
  "xCenter": 0.6902326, 
  "yCenter": 0.7438582, 
  "height": 0.23310298
}