{
  "width": 0.1994802, 
  "rotation": 3.077574, 
  "xCenter": 0.6709191, 
  "yCenter": 0.7538056, 
  "height": 0.24935025
}