{
  "width": 0.1985017, 
  "rotation": 2.887728, 
  "xCenter": 0.702385, 
  "yCenter": 0.7095772, 
  "height": 0.24812713
}