{
  "width": 0.74997616, 
  "rotation": -1.496668, 
  "xCenter": 0.22057828, 
  "yCenter": 0.51046485, 
  "height": 0.9374702
}