{
  "width": 0.20434229, 
  "rotation": 2.8471313, 
  "xCenter": 0.691786, 
  "yCenter": 0.7199506, 
  "height": 0.25542787
}