{
  "width": 0.16601259, 
  "rotation": -2.9059627, 
  "xCenter": 0.61199045, 
  "yCenter": 0.7613661, 
  "height": 0.20751573
}