{
  "width": 0.19172788, 
  "rotation": 2.960812, 
  "xCenter": 0.86530674, 
  "yCenter": 0.71409917, 
  "height": 0.23965985
}