{
  "width": 0.19471341, 
  "rotation": 2.8671722, 
  "xCenter": 0.88123226, 
  "yCenter": 0.72261655, 
  "height": 0.24339177
}