{
  "width": 0.19595861, 
  "rotation": -2.9618971, 
  "xCenter": 0.6605272, 
  "yCenter": 0.75473297, 
  "height": 0.24494827
}