{
  "width": 0.16387615, 
  "rotation": -2.9339082, 
  "xCenter": 0.82571465, 
  "yCenter": 0.6860148, 
  "height": 0.20484518
}