{
  "width": 0.18822551, 
  "rotation": 2.7405772, 
  "xCenter": 0.6971883, 
  "yCenter": 0.7064327, 
  "height": 0.23528188
}