{
  "width": 0.19162637, 
  "rotation": 2.9730225, 
  "xCenter": 0.6843732, 
  "yCenter": 0.7563648, 
  "height": 0.23953296
}