{
  "width": 0.19178647, 
  "rotation": 2.9643455, 
  "xCenter": 0.8994623, 
  "yCenter": 0.7000062, 
  "height": 0.23973307
}