{
  "width": 0.16086906, 
  "rotation": -2.9153233, 
  "xCenter": 0.5035681, 
  "yCenter": 0.6873906, 
  "height": 0.20108634
}