{
  "width": 0.16968668, 
  "rotation": 2.925397, 
  "xCenter": 0.89112127, 
  "yCenter": 0.6959937, 
  "height": 0.21210833
}