{
  "width": 0.18684037, 
  "rotation": 2.9865599, 
  "xCenter": 0.8386263, 
  "yCenter": 0.77051944, 
  "height": 0.23355046
}