{
  "width": 0.1568147, 
  "rotation": -3.0957105, 
  "xCenter": 0.50968075, 
  "yCenter": 0.6768116, 
  "height": 0.19601837
}