{
  "width": 0.22017998, 
  "rotation": -3.002191, 
  "xCenter": 0.8452042, 
  "yCenter": 0.7333474, 
  "height": 0.27522498
}