{
  "width": 0.15671164, 
  "rotation": -3.1340988, 
  "xCenter": 0.5071158, 
  "yCenter": 0.6838928, 
  "height": 0.19588955
}