{
  "width": 0.1843306, 
  "rotation": -3.0595038, 
  "xCenter": 0.8743592, 
  "yCenter": 0.735048, 
  "height": 0.23041324
}