{
  "width": 0.19904691, 
  "rotation": 3.0545774, 
  "xCenter": 0.8624394, 
  "yCenter": 0.7203942, 
  "height": 0.24880862
}