{
  "width": 0.16032031, 
  "rotation": -3.038276, 
  "xCenter": 0.53964555, 
  "yCenter": 0.68191105, 
  "height": 0.2004004
}