{
  "width": 0.14159504, 
  "rotation": 2.9259813, 
  "xCenter": 0.5162347, 
  "yCenter": 0.6786624, 
  "height": 0.1769938
}