{
  "width": 0.15333262, 
  "rotation": -3.0963242, 
  "xCenter": 0.5490784, 
  "yCenter": 0.6084317, 
  "height": 0.19166578
}