{
  "width": 0.07275681, 
  "rotation": 2.3502526, 
  "xCenter": 0.49431056, 
  "yCenter": 0.33001524, 
  "height": 0.09094602
}