{
  "width": 0.2032964, 
  "rotation": -3.0912735, 
  "xCenter": 0.8587181, 
  "yCenter": 0.7593768, 
  "height": 0.2541205
}