{
  "width": 0.16081312, 
  "rotation": -3.0429153, 
  "xCenter": 0.78773814, 
  "yCenter": 0.75926757, 
  "height": 0.20101641
}