{
  "width": 0.18691848, 
  "rotation": -3.128133, 
  "xCenter": 0.63031507, 
  "yCenter": 0.7034305, 
  "height": 0.23364809
}