{
  "width": 0.23026974, 
  "rotation": -3.0276258, 
  "xCenter": 0.8585437, 
  "yCenter": 0.73631394, 
  "height": 0.28783718
}