{
  "width": 0.2090209, 
  "rotation": 2.9038696, 
  "xCenter": 0.6919265, 
  "yCenter": 0.7166121, 
  "height": 0.26127613
}