{
  "width": 0.15246524, 
  "rotation": -2.921377, 
  "xCenter": 0.52259415, 
  "yCenter": 0.6640678, 
  "height": 0.19058156
}