{
  "width": 0.17333579, 
  "rotation": 3.1386776, 
  "xCenter": 0.6454996, 
  "yCenter": 0.77099246, 
  "height": 0.21666974
}