{
  "width": 0.14942655, 
  "rotation": 3.057546, 
  "xCenter": 0.5560654, 
  "yCenter": 0.67794925, 
  "height": 0.1867832
}