{
  "width": 0.15505761, 
  "rotation": 3.006542, 
  "xCenter": 0.5939622, 
  "yCenter": 0.69765055, 
  "height": 0.19382203
}