{
  "width": 0.13306119, 
  "rotation": 3.118843, 
  "xCenter": 0.6227484, 
  "yCenter": 0.7381254, 
  "height": 0.1663265
}