{
  "width": 0.1997015, 
  "rotation": 2.7769527, 
  "xCenter": 0.68155104, 
  "yCenter": 0.7265346, 
  "height": 0.24962687
}