{
  "width": 0.21140313, 
  "rotation": 2.874549, 
  "xCenter": 0.69307095, 
  "yCenter": 0.71486527, 
  "height": 0.2642539
}