{
  "width": 0.18206553, 
  "rotation": 2.9582424, 
  "xCenter": 0.86218685, 
  "yCenter": 0.71604455, 
  "height": 0.2275819
}