{
  "width": 0.15597908, 
  "rotation": -3.0290143, 
  "xCenter": 0.8345645, 
  "yCenter": 0.68831134, 
  "height": 0.19497386
}