{
  "width": 0.12841265, 
  "rotation": 3.1160598, 
  "xCenter": 0.6018698, 
  "yCenter": 0.63956565, 
  "height": 0.16051582
}