{
  "width": 0.20451571, 
  "rotation": 2.7713237, 
  "xCenter": 0.71729136, 
  "yCenter": 0.7053348, 
  "height": 0.25564465
}