{
  "width": 0.16248094, 
  "rotation": 3.1128032, 
  "xCenter": 0.51528966, 
  "yCenter": 0.6856866, 
  "height": 0.20310117
}