{
  "width": 0.09100952, 
  "rotation": -0.42826176, 
  "xCenter": 0.33793887, 
  "yCenter": 0.35046077, 
  "height": 0.113761894
}