{
  "width": 0.23184286, 
  "rotation": 2.9429853, 
  "xCenter": 0.86671567, 
  "yCenter": 0.7554797, 
  "height": 0.2898036
}