{
  "width": 0.16254254, 
  "rotation": -2.919862, 
  "xCenter": 0.473327, 
  "yCenter": 0.6830453, 
  "height": 0.20317817
}