{
  "width": 0.19140817, 
  "rotation": 2.7453322, 
  "xCenter": 0.9359344, 
  "yCenter": 0.6962491, 
  "height": 0.23926021
}