{
  "width": 0.16630225, 
  "rotation": 2.9679074, 
  "xCenter": 0.89057344, 
  "yCenter": 0.7046336, 
  "height": 0.20787781
}