{
  "width": 0.2080968, 
  "rotation": 2.8641407, 
  "xCenter": 0.89544606, 
  "yCenter": 0.7399941, 
  "height": 0.26012102
}