{
  "width": 0.17137028, 
  "rotation": -2.9944043, 
  "xCenter": 0.606702, 
  "yCenter": 0.717126, 
  "height": 0.21421285
}