{
  "width": 0.21957389, 
  "rotation": 2.9886003, 
  "xCenter": 0.8680049, 
  "yCenter": 0.75053453, 
  "height": 0.27446735
}