{
  "width": 0.19463253, 
  "rotation": 2.766922, 
  "xCenter": 0.70042247, 
  "yCenter": 0.70409536, 
  "height": 0.24329065
}