{
  "width": 0.20375465, 
  "rotation": 3.0579739, 
  "xCenter": 0.66513693, 
  "yCenter": 0.7651685, 
  "height": 0.2546933
}