{
  "width": 0.20107782, 
  "rotation": -3.049443, 
  "xCenter": 0.8706123, 
  "yCenter": 0.7470019, 
  "height": 0.25134727
}