{
  "width": 0.15101036, 
  "rotation": -2.9374533, 
  "xCenter": 0.7918663, 
  "yCenter": 0.74002075, 
  "height": 0.18876296
}