{
  "width": 0.09615567, 
  "rotation": -1.2765313, 
  "xCenter": 0.5045795, 
  "yCenter": 0.14815524, 
  "height": 0.12019459
}