{
  "width": 0.1976458, 
  "rotation": -2.9947445, 
  "xCenter": 0.8564266, 
  "yCenter": 0.74365956, 
  "height": 0.24705724
}