{
  "width": 0.21188386, 
  "rotation": 2.9762697, 
  "xCenter": 0.86675394, 
  "yCenter": 0.75549465, 
  "height": 0.26485482
}