{
  "width": 0.14296189, 
  "rotation": -3.006562, 
  "xCenter": 0.6154324, 
  "yCenter": 0.7614383, 
  "height": 0.17870237
}