{
  "width": 0.16710608, 
  "rotation": -2.969692, 
  "xCenter": 0.8347206, 
  "yCenter": 0.69383806, 
  "height": 0.20888259
}