{
  "width": 0.18529995, 
  "rotation": -2.964645, 
  "xCenter": 0.83560604, 
  "yCenter": 0.757506, 
  "height": 0.23162493
}