{
  "width": 0.48972175, 
  "rotation": 2.8294806, 
  "xCenter": 0.54768723, 
  "yCenter": 0.3191324, 
  "height": 0.61215216
}