{
  "width": 0.18503805, 
  "rotation": 2.9398727, 
  "xCenter": 0.8728038, 
  "yCenter": 0.73061645, 
  "height": 0.23129755
}