{
  "width": 0.20312515, 
  "rotation": -3.0570915, 
  "xCenter": 0.85754544, 
  "yCenter": 0.75481814, 
  "height": 0.25390643
}