{
  "width": 0.19747068, 
  "rotation": -3.1143134, 
  "xCenter": 0.86632836, 
  "yCenter": 0.709416, 
  "height": 0.24683835
}