{
  "width": 0.19972862, 
  "rotation": -2.951886, 
  "xCenter": 0.658911, 
  "yCenter": 0.74778885, 
  "height": 0.24966078
}