{
  "width": 0.13868977, 
  "rotation": 3.0870552, 
  "xCenter": 0.8805975, 
  "yCenter": 0.68471885, 
  "height": 0.17336223
}