{
  "width": 0.13842772, 
  "rotation": 2.8407083, 
  "xCenter": 0.861033, 
  "yCenter": 0.48908615, 
  "height": 0.17303465
}