{
  "width": 0.17179258, 
  "rotation": -3.1316867, 
  "xCenter": 0.63204074, 
  "yCenter": 0.7089184, 
  "height": 0.21474072
}