{
  "width": 0.17794389, 
  "rotation": 3.0363133, 
  "xCenter": 0.81780034, 
  "yCenter": 0.7618704, 
  "height": 0.22242986
}