{
  "width": 0.18598819, 
  "rotation": -3.0961282, 
  "xCenter": 0.666283, 
  "yCenter": 0.7216207, 
  "height": 0.23248522
}