{
  "width": 0.15329961, 
  "rotation": 3.0307074, 
  "xCenter": 0.5918926, 
  "yCenter": 0.69973975, 
  "height": 0.19162452
}