{
  "width": 0.07960185, 
  "rotation": 2.4841373, 
  "xCenter": 0.49823314, 
  "yCenter": 0.3281906, 
  "height": 0.09950231
}