{
  "width": 0.1602484, 
  "rotation": -3.032914, 
  "xCenter": 0.80752784, 
  "yCenter": 0.7727766, 
  "height": 0.20031051
}