{
  "width": 0.1763187, 
  "rotation": 2.8743777, 
  "xCenter": 0.8487064, 
  "yCenter": 0.68748367, 
  "height": 0.22039837
}