{
  "width": 0.16740827, 
  "rotation": -3.0461705, 
  "xCenter": 0.61501575, 
  "yCenter": 0.70735985, 
  "height": 0.20926033
}