{
  "width": 0.14686897, 
  "rotation": 2.4430342, 
  "xCenter": 0.09264611, 
  "yCenter": 0.34804997, 
  "height": 0.18358621
}