{
  "width": 0.17129016, 
  "rotation": 2.6944118, 
  "xCenter": 0.9182412, 
  "yCenter": 0.6954105, 
  "height": 0.2141127
}