{
  "width": 0.14757153, 
  "rotation": -3.1273348, 
  "xCenter": 0.92475224, 
  "yCenter": 0.65554446, 
  "height": 0.18446442
}