{
  "width": 0.1372435, 
  "rotation": 2.532145, 
  "xCenter": 0.5155191, 
  "yCenter": 0.35900664, 
  "height": 0.17155437
}