{
  "width": 0.12052612, 
  "rotation": -1.1452273, 
  "xCenter": 0.35099012, 
  "yCenter": 0.36094755, 
  "height": 0.15065765
}