{
  "width": 0.17128769, 
  "rotation": 2.904421, 
  "xCenter": 0.8944132, 
  "yCenter": 0.6993257, 
  "height": 0.2141096
}