{
  "width": 0.16167477, 
  "rotation": -3.0447521, 
  "xCenter": 0.5392248, 
  "yCenter": 0.6773348, 
  "height": 0.20209347
}