{
  "width": 0.1419696, 
  "rotation": 2.991611, 
  "xCenter": 0.51385427, 
  "yCenter": 0.6833821, 
  "height": 0.17746201
}