{
  "width": 0.20361811, 
  "rotation": -3.013262, 
  "xCenter": 0.8687297, 
  "yCenter": 0.74713284, 
  "height": 0.25452265
}