{
  "width": 0.15181404, 
  "rotation": -2.9186208, 
  "xCenter": 0.50825006, 
  "yCenter": 0.66231376, 
  "height": 0.18976757
}