{
  "width": 0.22378726, 
  "rotation": -3.1192706, 
  "xCenter": 0.87845206, 
  "yCenter": 0.7526992, 
  "height": 0.27973408
}