{
  "width": 0.18567018, 
  "rotation": 2.7860956, 
  "xCenter": 0.68703, 
  "yCenter": 0.74513733, 
  "height": 0.23208772
}