{
  "width": 0.20935549, 
  "rotation": 2.9894633, 
  "xCenter": 0.8654175, 
  "yCenter": 0.75556755, 
  "height": 0.26169437
}