{
  "width": 0.17233188, 
  "rotation": 3.0354433, 
  "xCenter": 0.6436946, 
  "yCenter": 0.7650554, 
  "height": 0.21541485
}