{
  "width": 0.07457637, 
  "rotation": -1.6227049, 
  "xCenter": 0.5277033, 
  "yCenter": 0.20662509, 
  "height": 0.093220465
}