{
  "width": 0.17144196, 
  "rotation": 2.9473023, 
  "xCenter": 0.9015925, 
  "yCenter": 0.6978542, 
  "height": 0.21430245
}