{
  "width": 0.16757424, 
  "rotation": -2.9752052, 
  "xCenter": 0.89382744, 
  "yCenter": 0.69789344, 
  "height": 0.2094678
}