{
  "width": 0.18075152, 
  "rotation": -3.0266082, 
  "xCenter": 0.81937236, 
  "yCenter": 0.7818272, 
  "height": 0.2259394
}