{
  "width": 0.17864949, 
  "rotation": -3.0165656, 
  "xCenter": 0.8249075, 
  "yCenter": 0.7629024, 
  "height": 0.22331184
}