{
  "width": 0.18090867, 
  "rotation": 2.8432467, 
  "xCenter": 0.91146344, 
  "yCenter": 0.70338094, 
  "height": 0.22613582
}