{
  "width": 0.17862344, 
  "rotation": -3.070678, 
  "xCenter": 0.6335064, 
  "yCenter": 0.72942024, 
  "height": 0.2232793
}