{
  "width": 0.13840641, 
  "rotation": -2.9478357, 
  "xCenter": 0.50008917, 
  "yCenter": 0.6787763, 
  "height": 0.17300801
}