{
  "width": 0.15501438, 
  "rotation": -3.1383963, 
  "xCenter": 0.8760437, 
  "yCenter": 0.6900956, 
  "height": 0.19376798
}