{
  "width": 0.17871441, 
  "rotation": -3.0379035, 
  "xCenter": 0.8884827, 
  "yCenter": 0.70801324, 
  "height": 0.22339301
}