{
  "width": 0.20920424, 
  "rotation": 3.121141, 
  "xCenter": 0.863842, 
  "yCenter": 0.7361247, 
  "height": 0.2615053
}