{
  "width": 0.15927781, 
  "rotation": 3.1254215, 
  "xCenter": 0.512167, 
  "yCenter": 0.678105, 
  "height": 0.19909728
}