{
  "width": 0.16773045, 
  "rotation": 3.1375241, 
  "xCenter": 0.9002011, 
  "yCenter": 0.70275074, 
  "height": 0.20966306
}