{
  "width": 0.19339073, 
  "rotation": -3.1400487, 
  "xCenter": 0.853139, 
  "yCenter": 0.74759483, 
  "height": 0.24173841
}