{
  "width": 0.17659315, 
  "rotation": 3.0623245, 
  "xCenter": 0.632605, 
  "yCenter": 0.766117, 
  "height": 0.22074144
}