{
  "width": 0.2053521, 
  "rotation": -2.974477, 
  "xCenter": 0.8537206, 
  "yCenter": 0.70683205, 
  "height": 0.2566901
}