{
  "width": 0.15205656, 
  "rotation": 2.9433775, 
  "xCenter": 0.897461, 
  "yCenter": 0.70442516, 
  "height": 0.1900707
}