{
  "width": 0.18222995, 
  "rotation": -2.9869962, 
  "xCenter": 0.8269602, 
  "yCenter": 0.76995593, 
  "height": 0.22778744
}