{
  "width": 0.17537244, 
  "rotation": 3.1311717, 
  "xCenter": 0.6240932, 
  "yCenter": 0.7599563, 
  "height": 0.21921554
}