{
  "width": 0.18873847, 
  "rotation": -2.979409, 
  "xCenter": 0.8587667, 
  "yCenter": 0.71364033, 
  "height": 0.23592308
}