{
  "width": 0.14741796, 
  "rotation": -2.8941038, 
  "xCenter": 0.51812184, 
  "yCenter": 0.6625429, 
  "height": 0.18427245
}