{
  "width": 0.13802773, 
  "rotation": -2.9524944, 
  "xCenter": 0.50044894, 
  "yCenter": 0.67900515, 
  "height": 0.17253467
}