{
  "width": 0.16587652, 
  "rotation": -2.7830012, 
  "xCenter": 0.7583605, 
  "yCenter": 0.7149132, 
  "height": 0.20734565
}