{
  "width": 0.1793529, 
  "rotation": -3.0137203, 
  "xCenter": 0.8489108, 
  "yCenter": 0.71042395, 
  "height": 0.22419111
}