{
  "width": 0.17942464, 
  "rotation": 2.855085, 
  "xCenter": 0.9030167, 
  "yCenter": 0.70341563, 
  "height": 0.2242808
}