{
  "width": 0.18533188, 
  "rotation": 2.7980404, 
  "xCenter": 0.88817984, 
  "yCenter": 0.6845467, 
  "height": 0.23166484
}