{
  "width": 0.16577192, 
  "rotation": 3.0102468, 
  "xCenter": 0.81853664, 
  "yCenter": 0.7614346, 
  "height": 0.20721489
}