{
  "width": 0.09283447, 
  "rotation": -1.5676788, 
  "xCenter": 0.5152741, 
  "yCenter": 0.20657425, 
  "height": 0.11604308
}