{
  "width": 0.092237905, 
  "rotation": -1.4226309, 
  "xCenter": 0.5068731, 
  "yCenter": 0.15059842, 
  "height": 0.11529738
}