{
  "width": 0.2051511, 
  "rotation": 2.8721523, 
  "xCenter": 0.69026285, 
  "yCenter": 0.72344536, 
  "height": 0.25643888
}