{
  "width": 0.14992432, 
  "rotation": 3.000988, 
  "xCenter": 0.90298563, 
  "yCenter": 0.70556873, 
  "height": 0.1874054
}