{
  "width": 0.15083028, 
  "rotation": -3.068282, 
  "xCenter": 0.9214247, 
  "yCenter": 0.6620567, 
  "height": 0.18853787
}