{
  "width": 0.22031635, 
  "rotation": 2.9881694, 
  "xCenter": 0.8624449, 
  "yCenter": 0.7596922, 
  "height": 0.27539545
}