{
  "width": 0.19367975, 
  "rotation": 2.8294353, 
  "xCenter": 0.64492077, 
  "yCenter": 0.68547815, 
  "height": 0.24209969
}