{
  "width": 0.18127641, 
  "rotation": 2.9019332, 
  "xCenter": 0.6365501, 
  "yCenter": 0.6931364, 
  "height": 0.2265955
}