{
  "width": 0.18350181, 
  "rotation": -3.125326, 
  "xCenter": 0.68624896, 
  "yCenter": 0.70378274, 
  "height": 0.22937725
}