{
  "width": 0.19660252, 
  "rotation": 2.9984035, 
  "xCenter": 0.67160326, 
  "yCenter": 0.76920223, 
  "height": 0.24575315
}