{
  "width": 0.14917085, 
  "rotation": 2.8054981, 
  "xCenter": 0.58168006, 
  "yCenter": 0.6855074, 
  "height": 0.18646356
}