{
  "width": 0.21634333, 
  "rotation": -3.131763, 
  "xCenter": 0.8764524, 
  "yCenter": 0.7494179, 
  "height": 0.27042916
}