{
  "width": 0.17407316, 
  "rotation": 2.730719, 
  "xCenter": 0.96349883, 
  "yCenter": 0.68422216, 
  "height": 0.21759143
}