{
  "width": 0.22490989, 
  "rotation": -3.0273905, 
  "xCenter": 0.8543364, 
  "yCenter": 0.7394266, 
  "height": 0.28113735
}