{
  "width": 0.2044311, 
  "rotation": -3.0223424, 
  "xCenter": 0.8691373, 
  "yCenter": 0.7474477, 
  "height": 0.25553888
}