{
  "width": 0.16577703, 
  "rotation": -3.0302804, 
  "xCenter": 0.8933301, 
  "yCenter": 0.69523674, 
  "height": 0.20722128
}