{
  "width": 0.14201021, 
  "rotation": 3.0382938, 
  "xCenter": 0.6105204, 
  "yCenter": 0.7317027, 
  "height": 0.17751276
}