{
  "width": 0.20775323, 
  "rotation": -3.047026, 
  "xCenter": 0.84656316, 
  "yCenter": 0.7223039, 
  "height": 0.25969154
}