{
  "width": 0.19871372, 
  "rotation": 3.063322, 
  "xCenter": 0.6663213, 
  "yCenter": 0.767005, 
  "height": 0.24839213
}