{
  "width": 0.14858614, 
  "rotation": 3.1112432, 
  "xCenter": 0.62798053, 
  "yCenter": 0.7505206, 
  "height": 0.18573268
}