{
  "width": 0.17252189, 
  "rotation": -3.0194924, 
  "xCenter": 0.87067336, 
  "yCenter": 0.6832647, 
  "height": 0.21565235
}