{
  "width": 0.10380781, 
  "rotation": -3.018124, 
  "xCenter": 0.43253216, 
  "yCenter": 0.47263205, 
  "height": 0.12975976
}