{
  "width": 0.17597373, 
  "rotation": -2.966188, 
  "xCenter": 0.84872293, 
  "yCenter": 0.706162, 
  "height": 0.21996716
}