{
  "width": 0.15986407, 
  "rotation": 2.962772, 
  "xCenter": 0.8096165, 
  "yCenter": 0.7486737, 
  "height": 0.1998301
}