{
  "width": 0.19605237, 
  "rotation": -2.9591658, 
  "xCenter": 0.8444245, 
  "yCenter": 0.6952148, 
  "height": 0.24506547
}