{
  "width": 0.17556646, 
  "rotation": 2.8430195, 
  "xCenter": 0.8492263, 
  "yCenter": 0.6858265, 
  "height": 0.21945807
}