{
  "width": 0.17221333, 
  "rotation": -3.0656836, 
  "xCenter": 0.61289096, 
  "yCenter": 0.7476233, 
  "height": 0.21526666
}