{
  "width": 0.17155354, 
  "rotation": -2.8786423, 
  "xCenter": 0.50783944, 
  "yCenter": 0.68660825, 
  "height": 0.21444193
}