{
  "width": 0.17819479, 
  "rotation": 2.9341285, 
  "xCenter": 0.8617889, 
  "yCenter": 0.7234638, 
  "height": 0.22274348
}