{
  "width": 0.17248376, 
  "rotation": 3.0753653, 
  "xCenter": 0.81910825, 
  "yCenter": 0.75858104, 
  "height": 0.2156047
}