{
  "width": 0.2144784, 
  "rotation": 2.9344292, 
  "xCenter": 0.88580453, 
  "yCenter": 0.7186517, 
  "height": 0.268098
}