{
  "width": 0.18515831, 
  "rotation": -3.0553074, 
  "xCenter": 0.6329862, 
  "yCenter": 0.72760475, 
  "height": 0.23144788
}