{
  "width": 0.2133595, 
  "rotation": 2.958518, 
  "xCenter": 0.89117545, 
  "yCenter": 0.7574932, 
  "height": 0.26669937
}