{
  "width": 0.1725292, 
  "rotation": 2.4299624, 
  "xCenter": 0.09065316, 
  "yCenter": 0.35620344, 
  "height": 0.2156615
}