{
  "width": 0.22269611, 
  "rotation": 2.915651, 
  "xCenter": 0.902343, 
  "yCenter": 0.7186739, 
  "height": 0.27837014
}