{
  "width": 0.18122883, 
  "rotation": 2.8379722, 
  "xCenter": 0.8902499, 
  "yCenter": 0.6854032, 
  "height": 0.22653604
}