{
  "width": 0.17156787, 
  "rotation": 2.8951735, 
  "xCenter": 0.63643014, 
  "yCenter": 0.68223935, 
  "height": 0.21445984
}