{
  "width": 0.47979632, 
  "rotation": -1.5157398, 
  "xCenter": 0.28175652, 
  "yCenter": 0.488335, 
  "height": 0.5997454
}