{
  "width": 0.16998546, 
  "rotation": -2.9634845, 
  "xCenter": 0.62411875, 
  "yCenter": 0.7619867, 
  "height": 0.21248181
}