{
  "width": 0.16606265, 
  "rotation": -3.0443137, 
  "xCenter": 0.78969014, 
  "yCenter": 0.7643282, 
  "height": 0.2075783
}