{
  "width": 0.20339851, 
  "rotation": 2.8658888, 
  "xCenter": 0.69037277, 
  "yCenter": 0.7234705, 
  "height": 0.25424814
}