{
  "width": 0.19257697, 
  "rotation": 3.0741072, 
  "xCenter": 0.6852211, 
  "yCenter": 0.7245838, 
  "height": 0.24072121
}