{
  "width": 0.20859535, 
  "rotation": 2.9919477, 
  "xCenter": 0.8653489, 
  "yCenter": 0.75551414, 
  "height": 0.26074418
}