{
  "width": 0.18828982, 
  "rotation": -3.1006825, 
  "xCenter": 0.84532636, 
  "yCenter": 0.76096845, 
  "height": 0.23536228
}