{
  "width": 0.16430123, 
  "rotation": -2.9052143, 
  "xCenter": 0.5115142, 
  "yCenter": 0.6879438, 
  "height": 0.20537654
}