{
  "width": 0.200576, 
  "rotation": 2.842248, 
  "xCenter": 0.68551713, 
  "yCenter": 0.72001886, 
  "height": 0.25072002
}