{
  "width": 0.22642101, 
  "rotation": -3.0247862, 
  "xCenter": 0.8537044, 
  "yCenter": 0.73344374, 
  "height": 0.28302628
}