{
  "width": 0.17656991, 
  "rotation": 2.8839922, 
  "xCenter": 0.89848465, 
  "yCenter": 0.6984541, 
  "height": 0.22071238
}