{
  "width": 0.15242293, 
  "rotation": -3.0142624, 
  "xCenter": 0.5068329, 
  "yCenter": 0.6715623, 
  "height": 0.19052868
}