{
  "width": 0.20720758, 
  "rotation": 2.8299272, 
  "xCenter": 0.6896776, 
  "yCenter": 0.71409976, 
  "height": 0.25900948
}