{
  "width": 0.13901134, 
  "rotation": 3.062748, 
  "xCenter": 0.5640695, 
  "yCenter": 0.68043077, 
  "height": 0.17376418
}