{
  "width": 0.18256128, 
  "rotation": 3.0238376, 
  "xCenter": 0.650209, 
  "yCenter": 0.76763177, 
  "height": 0.2282016
}