{
  "width": 0.2069649, 
  "rotation": 3.051751, 
  "xCenter": 0.8862522, 
  "yCenter": 0.70443594, 
  "height": 0.25870612
}