{
  "width": 0.09348744, 
  "rotation": 2.480075, 
  "xCenter": 0.41959736, 
  "yCenter": 0.17881155, 
  "height": 0.1168593
}