{
  "width": 0.15474984, 
  "rotation": 3.09519, 
  "xCenter": 0.51544106, 
  "yCenter": 0.679751, 
  "height": 0.19343731
}