{
  "width": 0.14880976, 
  "rotation": 2.7384925, 
  "xCenter": 0.7987335, 
  "yCenter": 0.70703024, 
  "height": 0.18601221
}