{
  "width": 0.1449618, 
  "rotation": -2.889942, 
  "xCenter": 0.4968917, 
  "yCenter": 0.6857866, 
  "height": 0.18120226
}