{
  "width": 0.17643261, 
  "rotation": 2.8338861, 
  "xCenter": 0.82173324, 
  "yCenter": 0.76155746, 
  "height": 0.22054075
}