{
  "width": 0.16018672, 
  "rotation": -3.0136542, 
  "xCenter": 0.6212247, 
  "yCenter": 0.7561466, 
  "height": 0.20023341
}