{
  "width": 0.21899413, 
  "rotation": 2.9547153, 
  "xCenter": 0.8640032, 
  "yCenter": 0.75918573, 
  "height": 0.27374268
}