{
  "width": 0.22232758, 
  "rotation": 2.8051186, 
  "xCenter": 0.90714544, 
  "yCenter": 0.7156728, 
  "height": 0.2779095
}