{
  "width": 0.16793363, 
  "rotation": 3.0619535, 
  "xCenter": 0.6306827, 
  "yCenter": 0.69488674, 
  "height": 0.20991702
}