{
  "width": 0.20525137, 
  "rotation": -3.0748417, 
  "xCenter": 0.85570043, 
  "yCenter": 0.7478111, 
  "height": 0.2565642
}