{
  "width": 0.16450363, 
  "rotation": -2.8462179, 
  "xCenter": 0.49440747, 
  "yCenter": 0.686843, 
  "height": 0.20562953
}