{
  "width": 0.22753759, 
  "rotation": 2.987689, 
  "xCenter": 0.89373416, 
  "yCenter": 0.7623182, 
  "height": 0.28442198
}