{
  "width": 0.17512959, 
  "rotation": 2.7599602, 
  "xCenter": 0.8947329, 
  "yCenter": 0.68499535, 
  "height": 0.21891199
}