{
  "width": 0.17155997, 
  "rotation": 2.7992818, 
  "xCenter": 0.8689079, 
  "yCenter": 0.6675903, 
  "height": 0.21444996
}