{
  "width": 0.20368196, 
  "rotation": -2.934676, 
  "xCenter": 0.84483474, 
  "yCenter": 0.6929025, 
  "height": 0.25460246
}