{
  "width": 0.16619298, 
  "rotation": 1.9166087, 
  "xCenter": 0.4051138, 
  "yCenter": 0.24826337, 
  "height": 0.20774122
}