{
  "width": 0.17670861, 
  "rotation": 2.9273095, 
  "xCenter": 0.63541985, 
  "yCenter": 0.6836981, 
  "height": 0.22088575
}