{
  "width": 0.17386177, 
  "rotation": 2.8279946, 
  "xCenter": 0.82331574, 
  "yCenter": 0.757154, 
  "height": 0.2173272
}