{
  "width": 0.18063436, 
  "rotation": 3.032321, 
  "xCenter": 0.8268603, 
  "yCenter": 0.7752132, 
  "height": 0.22579294
}