{
  "width": 0.20073625, 
  "rotation": 2.8542078, 
  "xCenter": 0.69117725, 
  "yCenter": 0.71901584, 
  "height": 0.25092033
}