{
  "width": 0.18025994, 
  "rotation": 2.7700021, 
  "xCenter": 0.97727025, 
  "yCenter": 0.68413043, 
  "height": 0.22532493
}