{
  "width": 0.1974352, 
  "rotation": 2.8784366, 
  "xCenter": 0.88726133, 
  "yCenter": 0.75016594, 
  "height": 0.24679399
}