{
  "width": 0.1660397, 
  "rotation": -3.0537255, 
  "xCenter": 0.50608414, 
  "yCenter": 0.6863415, 
  "height": 0.20754963
}