{
  "width": 0.19907573, 
  "rotation": -2.978159, 
  "xCenter": 0.84464383, 
  "yCenter": 0.6948971, 
  "height": 0.24884465
}