{
  "width": 0.16520286, 
  "rotation": -3.131133, 
  "xCenter": 0.8703496, 
  "yCenter": 0.7175675, 
  "height": 0.20650357
}