{
  "width": 0.15666483, 
  "rotation": 2.8367243, 
  "xCenter": 0.8080724, 
  "yCenter": 0.7157214, 
  "height": 0.19583105
}