{
  "width": 0.19967857, 
  "rotation": -2.9402916, 
  "xCenter": 0.8425751, 
  "yCenter": 0.693002, 
  "height": 0.2495982
}