{
  "width": 0.15279424, 
  "rotation": -2.840121, 
  "xCenter": 0.45680127, 
  "yCenter": 0.6757389, 
  "height": 0.19099282
}