{
  "width": 0.15275472, 
  "rotation": 2.8554206, 
  "xCenter": 0.8127084, 
  "yCenter": 0.7299461, 
  "height": 0.19094342
}