{
  "width": 0.2073317, 
  "rotation": 3.0594177, 
  "xCenter": 0.67002726, 
  "yCenter": 0.75377303, 
  "height": 0.25916463
}