{
  "width": 0.1617924, 
  "rotation": 2.7104435, 
  "xCenter": 0.5997461, 
  "yCenter": 0.6910191, 
  "height": 0.2022405
}