{
  "width": 0.07845091, 
  "rotation": 2.0067089, 
  "xCenter": 0.09915405, 
  "yCenter": 0.15184107, 
  "height": 0.09806364
}