{
  "width": 0.17685568, 
  "rotation": 2.93325, 
  "xCenter": 0.89852184, 
  "yCenter": 0.69540524, 
  "height": 0.22106959
}