{
  "width": 0.19793963, 
  "rotation": 2.9482923, 
  "xCenter": 0.682723, 
  "yCenter": 0.76428056, 
  "height": 0.24742453
}