{
  "width": 0.21072777, 
  "rotation": 2.7799387, 
  "xCenter": 0.71719897, 
  "yCenter": 0.70734876, 
  "height": 0.2634097
}