{
  "width": 0.1749035, 
  "rotation": -3.0459042, 
  "xCenter": 0.6364596, 
  "yCenter": 0.7264834, 
  "height": 0.21862936
}