{
  "width": 0.16546507, 
  "rotation": -2.9784715, 
  "xCenter": 0.602827, 
  "yCenter": 0.7447739, 
  "height": 0.20683134
}