{
  "width": 0.17702228, 
  "rotation": 2.9104319, 
  "xCenter": 0.8933107, 
  "yCenter": 0.70029557, 
  "height": 0.22127783
}