{
  "width": 0.17744783, 
  "rotation": 2.8131485, 
  "xCenter": 0.87827975, 
  "yCenter": 0.6749082, 
  "height": 0.22180977
}