{
  "width": 0.21359444, 
  "rotation": 3.0600424, 
  "xCenter": 0.87512726, 
  "yCenter": 0.7714469, 
  "height": 0.26699305
}