{
  "width": 0.1786315, 
  "rotation": 3.0455127, 
  "xCenter": 0.6440433, 
  "yCenter": 0.77287513, 
  "height": 0.22328937
}