{
  "width": 0.19062728, 
  "rotation": 3.032189, 
  "xCenter": 0.66571087, 
  "yCenter": 0.77661955, 
  "height": 0.23828408
}