{
  "width": 0.14748567, 
  "rotation": -3.023894, 
  "xCenter": 0.78216773, 
  "yCenter": 0.75053227, 
  "height": 0.1843571
}