{
  "width": 0.23243253, 
  "rotation": -3.0349667, 
  "xCenter": 0.8587989, 
  "yCenter": 0.7385993, 
  "height": 0.29054067
}