{
  "width": 0.15991397, 
  "rotation": -2.98399, 
  "xCenter": 0.6157123, 
  "yCenter": 0.7584307, 
  "height": 0.19989248
}