{
  "width": 0.20094283, 
  "rotation": 2.872776, 
  "xCenter": 0.6895927, 
  "yCenter": 0.7185667, 
  "height": 0.25117853
}