{
  "width": 0.18324596, 
  "rotation": 2.917111, 
  "xCenter": 0.6686581, 
  "yCenter": 0.75957483, 
  "height": 0.22905743
}