{
  "width": 0.20338395, 
  "rotation": 2.8641264, 
  "xCenter": 0.89548594, 
  "yCenter": 0.7408539, 
  "height": 0.25422993
}