{
  "width": 0.20880379, 
  "rotation": 3.0631557, 
  "xCenter": 0.6701041, 
  "yCenter": 0.75887567, 
  "height": 0.26100475
}