{
  "width": 0.18209001, 
  "rotation": 3.1396403, 
  "xCenter": 0.84374535, 
  "yCenter": 0.74779785, 
  "height": 0.22761251
}