{
  "width": 0.16671509, 
  "rotation": 3.1376119, 
  "xCenter": 0.8145203, 
  "yCenter": 0.7561758, 
  "height": 0.20839384
}