{
  "width": 0.15307026, 
  "rotation": -2.7161562, 
  "xCenter": 0.49153665, 
  "yCenter": 0.6871879, 
  "height": 0.19133782
}