{
  "width": 0.1384319, 
  "rotation": -3.1021202, 
  "xCenter": 0.61467654, 
  "yCenter": 0.67336875, 
  "height": 0.17303988
}