{
  "width": 0.14624202, 
  "rotation": 3.0658984, 
  "xCenter": 0.62933165, 
  "yCenter": 0.74998957, 
  "height": 0.18280254
}