{
  "width": 0.18129331, 
  "rotation": -3.0657408, 
  "xCenter": 0.8404221, 
  "yCenter": 0.75821173, 
  "height": 0.22661662
}