{
  "width": 0.16200423, 
  "rotation": -3.1341827, 
  "xCenter": 0.6304324, 
  "yCenter": 0.7493811, 
  "height": 0.2025053
}