{
  "width": 0.08083115, 
  "rotation": 2.7200663, 
  "xCenter": 0.47306487, 
  "yCenter": 0.2014139, 
  "height": 0.10103893
}