{
  "width": 0.20574185, 
  "rotation": 2.7553709, 
  "xCenter": 0.71618, 
  "yCenter": 0.7032444, 
  "height": 0.25717732
}