{
  "width": 0.19078581, 
  "rotation": 2.8658204, 
  "xCenter": 0.88563263, 
  "yCenter": 0.7559494, 
  "height": 0.23848225
}