{
  "width": 0.19211748, 
  "rotation": 2.7346177, 
  "xCenter": 0.70199937, 
  "yCenter": 0.6987967, 
  "height": 0.24014685
}