{
  "width": 0.15688118, 
  "rotation": 2.264418, 
  "xCenter": 0.057344142, 
  "yCenter": 0.33375767, 
  "height": 0.19610147
}