{
  "width": 0.21430902, 
  "rotation": -3.0329125, 
  "xCenter": 0.84776366, 
  "yCenter": 0.71923727, 
  "height": 0.26788628
}