{
  "width": 0.19150627, 
  "rotation": 2.7829418, 
  "xCenter": 0.6970542, 
  "yCenter": 0.73802906, 
  "height": 0.23938283
}