{
  "width": 0.14766562, 
  "rotation": 2.976341, 
  "xCenter": 0.8985247, 
  "yCenter": 0.70310014, 
  "height": 0.18458202
}