{
  "width": 0.16880627, 
  "rotation": -3.10309, 
  "xCenter": 0.8836586, 
  "yCenter": 0.7038765, 
  "height": 0.21100783
}