{
  "width": 0.12900619, 
  "rotation": 3.0511708, 
  "xCenter": 0.56257725, 
  "yCenter": 0.657704, 
  "height": 0.16125774
}