{
  "width": 0.14899728, 
  "rotation": 3.1101975, 
  "xCenter": 0.60258025, 
  "yCenter": 0.7269294, 
  "height": 0.1862466
}