{
  "width": 0.15560156, 
  "rotation": 2.8769875, 
  "xCenter": 0.59699607, 
  "yCenter": 0.7007469, 
  "height": 0.19450197
}