{
  "width": 0.089846216, 
  "rotation": 2.3428376, 
  "xCenter": 0.11318356, 
  "yCenter": 0.30166432, 
  "height": 0.11230777
}