{
  "width": 0.18506439, 
  "rotation": 2.9818442, 
  "xCenter": 0.67511946, 
  "yCenter": 0.7164483, 
  "height": 0.23133048
}