{
  "width": 0.15526776, 
  "rotation": 2.8734803, 
  "xCenter": 0.79504013, 
  "yCenter": 0.7157754, 
  "height": 0.1940847
}