{
  "width": 0.14155273, 
  "rotation": -3.0934832, 
  "xCenter": 0.54910594, 
  "yCenter": 0.67982835, 
  "height": 0.17694092
}