{
  "width": 0.2141387, 
  "rotation": 3.1064553, 
  "xCenter": 0.8498682, 
  "yCenter": 0.7364272, 
  "height": 0.26767337
}