{
  "width": 0.1812434, 
  "rotation": -3.094259, 
  "xCenter": 0.6338163, 
  "yCenter": 0.7288756, 
  "height": 0.22655424
}