{
  "width": 0.16254029, 
  "rotation": 2.832109, 
  "xCenter": 0.59977007, 
  "yCenter": 0.7003269, 
  "height": 0.20317535
}