{
  "width": 0.20605412, 
  "rotation": 2.8904886, 
  "xCenter": 0.6892261, 
  "yCenter": 0.72667575, 
  "height": 0.25756764
}