{
  "width": 0.22403817, 
  "rotation": -3.0009015, 
  "xCenter": 0.8527966, 
  "yCenter": 0.7323753, 
  "height": 0.2800477
}