{
  "width": 0.19812265, 
  "rotation": 3.0107968, 
  "xCenter": 0.86656505, 
  "yCenter": 0.7229574, 
  "height": 0.2476533
}