{
  "width": 0.17657347, 
  "rotation": 3.025075, 
  "xCenter": 0.69397455, 
  "yCenter": 0.7033427, 
  "height": 0.22071683
}