{
  "width": 0.15816233, 
  "rotation": 3.0656028, 
  "xCenter": 0.6184484, 
  "yCenter": 0.7368455, 
  "height": 0.19770291
}