{
  "width": 0.09583792, 
  "rotation": -1.9425558, 
  "xCenter": 0.5476467, 
  "yCenter": 0.20789441, 
  "height": 0.1197974
}