{
  "width": 0.17867738, 
  "rotation": -3.0331297, 
  "xCenter": 0.8354851, 
  "yCenter": 0.7588781, 
  "height": 0.22334671
}