{
  "width": 0.17382814, 
  "rotation": -3.0028093, 
  "xCenter": 0.84737784, 
  "yCenter": 0.706643, 
  "height": 0.21728517
}