{
  "width": 0.18711498, 
  "rotation": 2.9582138, 
  "xCenter": 0.66530913, 
  "yCenter": 0.7629756, 
  "height": 0.23389372
}