{
  "width": 0.19338748, 
  "rotation": 2.7471168, 
  "xCenter": 0.70296586, 
  "yCenter": 0.6980898, 
  "height": 0.24173434
}