{
  "width": 0.1488416, 
  "rotation": -2.9819708, 
  "xCenter": 0.5022561, 
  "yCenter": 0.68022186, 
  "height": 0.18605201
}