{
  "width": 0.16929056, 
  "rotation": -3.0224228, 
  "xCenter": 0.62693304, 
  "yCenter": 0.7611653, 
  "height": 0.2116132
}