{
  "width": 0.20140201, 
  "rotation": 2.874548, 
  "xCenter": 0.8863783, 
  "yCenter": 0.7588155, 
  "height": 0.25175253
}