{
  "width": 0.19514859, 
  "rotation": 2.7978113, 
  "xCenter": 0.8845278, 
  "yCenter": 0.75522286, 
  "height": 0.24393572
}