{
  "width": 0.19696656, 
  "rotation": -3.1223698, 
  "xCenter": 0.66722244, 
  "yCenter": 0.72540635, 
  "height": 0.24620819
}