{
  "width": 0.16961135, 
  "rotation": 2.917933, 
  "xCenter": 0.6593846, 
  "yCenter": 0.75976336, 
  "height": 0.21201418
}