{
  "width": 0.15413144, 
  "rotation": 2.9421961, 
  "xCenter": 0.90134776, 
  "yCenter": 0.7034372, 
  "height": 0.1926643
}