{
  "width": 0.1352666, 
  "rotation": 3.1055236, 
  "xCenter": 0.6202816, 
  "yCenter": 0.74256736, 
  "height": 0.16908325
}