{
  "width": 0.21490891, 
  "rotation": -2.9776456, 
  "xCenter": 0.8548215, 
  "yCenter": 0.73551303, 
  "height": 0.26863614
}