{
  "width": 0.15343505, 
  "rotation": 2.845704, 
  "xCenter": 0.5850726, 
  "yCenter": 0.68947554, 
  "height": 0.19179383
}