{
  "width": 0.1587379, 
  "rotation": 2.8970659, 
  "xCenter": 0.81334627, 
  "yCenter": 0.7493816, 
  "height": 0.19842237
}