{
  "width": 0.18124697, 
  "rotation": 3.1047957, 
  "xCenter": 0.6421236, 
  "yCenter": 0.7751643, 
  "height": 0.2265587
}