{
  "width": 0.15355438, 
  "rotation": -2.9523072, 
  "xCenter": 0.78934765, 
  "yCenter": 0.7319183, 
  "height": 0.19194299
}