{
  "width": 0.18261832, 
  "rotation": -3.0612895, 
  "xCenter": 0.82329017, 
  "yCenter": 0.7812631, 
  "height": 0.22827289
}