{
  "width": 0.15897392, 
  "rotation": -2.948146, 
  "xCenter": 0.8022807, 
  "yCenter": 0.7502264, 
  "height": 0.1987174
}