{
  "width": 0.15870272, 
  "rotation": -3.085867, 
  "xCenter": 0.6156755, 
  "yCenter": 0.7485129, 
  "height": 0.1983784
}