{
  "width": 0.15387084, 
  "rotation": 2.831303, 
  "xCenter": 0.92234355, 
  "yCenter": 0.60531056, 
  "height": 0.19233856
}