{
  "width": 0.09146049, 
  "rotation": 2.2668731, 
  "xCenter": 0.113710925, 
  "yCenter": 0.31319067, 
  "height": 0.114325605
}