{
  "width": 0.16265279, 
  "rotation": -2.81179, 
  "xCenter": 0.4549053, 
  "yCenter": 0.6755079, 
  "height": 0.20331599
}