{
  "width": 0.16133538, 
  "rotation": 2.1512709, 
  "xCenter": 0.05636996, 
  "yCenter": 0.34419268, 
  "height": 0.20166923
}