{
  "width": 0.22375937, 
  "rotation": 2.9824948, 
  "xCenter": 0.8640722, 
  "yCenter": 0.7571011, 
  "height": 0.2796992
}