{
  "width": 0.14665705, 
  "rotation": -2.8880684, 
  "xCenter": 0.7815604, 
  "yCenter": 0.7207036, 
  "height": 0.18332131
}