{
  "width": 0.17682236, 
  "rotation": -3.1198757, 
  "xCenter": 0.6431644, 
  "yCenter": 0.7704752, 
  "height": 0.22102794
}