{
  "width": 0.21400635, 
  "rotation": -3.131186, 
  "xCenter": 0.87690085, 
  "yCenter": 0.7516371, 
  "height": 0.26750794
}