{
  "width": 0.15377383, 
  "rotation": 2.8926678, 
  "xCenter": 0.58564377, 
  "yCenter": 0.6964835, 
  "height": 0.19221729
}