{
  "width": 0.156888, 
  "rotation": 2.9859, 
  "xCenter": 0.51227605, 
  "yCenter": 0.68443865, 
  "height": 0.19611
}