{
  "width": 0.14297879, 
  "rotation": 3.0638347, 
  "xCenter": 0.6123582, 
  "yCenter": 0.737265, 
  "height": 0.17872348
}