{
  "width": 0.72553706, 
  "rotation": -1.5970539, 
  "xCenter": 0.25785297, 
  "yCenter": 0.5546946, 
  "height": 0.9069213
}