{
  "width": 0.16798802, 
  "rotation": -3.095146, 
  "xCenter": 0.8944549, 
  "yCenter": 0.7065405, 
  "height": 0.20998502
}