{
  "width": 0.1170831, 
  "rotation": 2.9901896, 
  "xCenter": 0.6260035, 
  "yCenter": 0.7556225, 
  "height": 0.14635389
}