{
  "width": 0.19001064, 
  "rotation": 2.8472557, 
  "xCenter": 0.6656534, 
  "yCenter": 0.7378905, 
  "height": 0.23751329
}