{
  "width": 0.15277952, 
  "rotation": 3.1024365, 
  "xCenter": 0.62208754, 
  "yCenter": 0.76122636, 
  "height": 0.19097441
}