{
  "width": 0.19043899, 
  "rotation": 2.7403011, 
  "xCenter": 0.8892177, 
  "yCenter": 0.6850536, 
  "height": 0.23804872
}