{
  "width": 0.17219861, 
  "rotation": 3.0429292, 
  "xCenter": 0.65502053, 
  "yCenter": 0.7678566, 
  "height": 0.21524826
}