{
  "width": 0.15491752, 
  "rotation": 2.8528044, 
  "xCenter": 0.80664474, 
  "yCenter": 0.7210012, 
  "height": 0.19364691
}