{
  "width": 0.17531572, 
  "rotation": -3.0443785, 
  "xCenter": 0.6399042, 
  "yCenter": 0.77160615, 
  "height": 0.21914464
}