{
  "width": 0.193376, 
  "rotation": 3.0316513, 
  "xCenter": 0.8618976, 
  "yCenter": 0.7537058, 
  "height": 0.24172
}