{
  "width": 0.1489628, 
  "rotation": 1.977534, 
  "xCenter": 0.45507076, 
  "yCenter": 0.29810894, 
  "height": 0.1862035
}