{
  "width": 0.19649374, 
  "rotation": 2.8909492, 
  "xCenter": 0.67010707, 
  "yCenter": 0.73132515, 
  "height": 0.24561717
}