{
  "width": 0.17422193, 
  "rotation": -2.9979641, 
  "xCenter": 0.8227808, 
  "yCenter": 0.76082367, 
  "height": 0.2177774
}