{
  "width": 0.16679567, 
  "rotation": 2.9905035, 
  "xCenter": 0.89210886, 
  "yCenter": 0.7004223, 
  "height": 0.20849459
}