{
  "width": 0.12292167, 
  "rotation": -0.9688741, 
  "xCenter": 0.35181487, 
  "yCenter": 0.35299996, 
  "height": 0.15365209
}