{
  "width": 0.16895846, 
  "rotation": -3.1299357, 
  "xCenter": 0.88459873, 
  "yCenter": 0.70279413, 
  "height": 0.21119806
}