{
  "width": 0.13935678, 
  "rotation": 2.968996, 
  "xCenter": 0.5144911, 
  "yCenter": 0.68010277, 
  "height": 0.17419598
}