{
  "width": 0.16689795, 
  "rotation": -2.967535, 
  "xCenter": 0.8345563, 
  "yCenter": 0.6936053, 
  "height": 0.20862243
}