{
  "width": 0.09022413, 
  "rotation": -1.8567661, 
  "xCenter": 0.55622625, 
  "yCenter": 0.20508018, 
  "height": 0.11278017
}