{
  "width": 0.21349634, 
  "rotation": 2.89218, 
  "xCenter": 0.6854083, 
  "yCenter": 0.7314386, 
  "height": 0.26687044
}