{
  "width": 0.12310408, 
  "rotation": 2.348724, 
  "xCenter": 0.7191024, 
  "yCenter": 0.62748694, 
  "height": 0.1538801
}