{
  "width": 0.21824144, 
  "rotation": 2.9426012, 
  "xCenter": 0.8694994, 
  "yCenter": 0.7565949, 
  "height": 0.2728018
}