{
  "width": 0.20838676, 
  "rotation": 3.0209994, 
  "xCenter": 0.6670502, 
  "yCenter": 0.759355, 
  "height": 0.26048344
}