{
  "width": 0.15331551, 
  "rotation": 2.9154043, 
  "xCenter": 0.8935769, 
  "yCenter": 0.70124054, 
  "height": 0.1916444
}