{
  "width": 0.17665313, 
  "rotation": 2.521937, 
  "xCenter": 0.9579797, 
  "yCenter": 0.6821454, 
  "height": 0.2208164
}