{
  "width": 0.1552797, 
  "rotation": -2.992203, 
  "xCenter": 0.53256065, 
  "yCenter": 0.6716521, 
  "height": 0.19409962
}