{
  "width": 0.18247372, 
  "rotation": 2.8375936, 
  "xCenter": 0.84971684, 
  "yCenter": 0.69174117, 
  "height": 0.22809215
}