{
  "width": 0.19967082, 
  "rotation": 2.7333913, 
  "xCenter": 0.8831548, 
  "yCenter": 0.7603527, 
  "height": 0.24958852
}