{
  "width": 0.17605509, 
  "rotation": 3.0676894, 
  "xCenter": 0.6321522, 
  "yCenter": 0.7666207, 
  "height": 0.22006886
}