{
  "width": 0.19150162, 
  "rotation": 2.9559386, 
  "xCenter": 0.8503982, 
  "yCenter": 0.77885777, 
  "height": 0.23937702
}