{
  "width": 0.19790041, 
  "rotation": 3.100919, 
  "xCenter": 0.65992147, 
  "yCenter": 0.76201963, 
  "height": 0.24737552
}