{
  "width": 0.08260593, 
  "rotation": -0.67103755, 
  "xCenter": 0.42026368, 
  "yCenter": 0.28654295, 
  "height": 0.1032574
}