{
  "width": 0.13229147, 
  "rotation": -2.933777, 
  "xCenter": 0.76235443, 
  "yCenter": 0.6990005, 
  "height": 0.16536433
}