{
  "width": 0.08679947, 
  "rotation": 2.5041885, 
  "xCenter": 0.4381361, 
  "yCenter": 0.19450058, 
  "height": 0.10849933
}