{
  "width": 0.15395847, 
  "rotation": -3.137884, 
  "xCenter": 0.52362883, 
  "yCenter": 0.6860109, 
  "height": 0.1924481
}