{
  "width": 0.75575805, 
  "rotation": -1.4665135, 
  "xCenter": 0.21535183, 
  "yCenter": 0.50997245, 
  "height": 0.9446975
}