{
  "width": 0.19923133, 
  "rotation": 2.9786572, 
  "xCenter": 0.6824895, 
  "yCenter": 0.7607981, 
  "height": 0.24903914
}