{
  "width": 0.20462419, 
  "rotation": -3.0186646, 
  "xCenter": 0.8513769, 
  "yCenter": 0.7586234, 
  "height": 0.25578025
}