{
  "width": 0.19910331, 
  "rotation": -2.935265, 
  "xCenter": 0.8431862, 
  "yCenter": 0.7495216, 
  "height": 0.24887913
}