{
  "width": 0.09786254, 
  "rotation": -2.9652445, 
  "xCenter": 0.43605587, 
  "yCenter": 0.46811697, 
  "height": 0.12232817
}