{
  "width": 0.21878491, 
  "rotation": 3.1381288, 
  "xCenter": 0.8781535, 
  "yCenter": 0.75137043, 
  "height": 0.27348116
}