{
  "width": 0.21388796, 
  "rotation": -3.03009, 
  "xCenter": 0.8451237, 
  "yCenter": 0.72481894, 
  "height": 0.26735994
}