{
  "width": 0.14880961, 
  "rotation": -2.987521, 
  "xCenter": 0.7905648, 
  "yCenter": 0.73580176, 
  "height": 0.18601201
}