{
  "width": 0.162712, 
  "rotation": -3.050022, 
  "xCenter": 0.6289478, 
  "yCenter": 0.68531877, 
  "height": 0.20338999
}