{
  "width": 0.14196806, 
  "rotation": -3.0396383, 
  "xCenter": 0.6164514, 
  "yCenter": 0.76054215, 
  "height": 0.17746007
}