{
  "width": 0.14123303, 
  "rotation": 3.0286531, 
  "xCenter": 0.61835396, 
  "yCenter": 0.73976254, 
  "height": 0.17654128
}