{
  "width": 0.17772724, 
  "rotation": 2.7495546, 
  "xCenter": 0.85780317, 
  "yCenter": 0.674498, 
  "height": 0.22215904
}