{
  "width": 0.082972825, 
  "rotation": 2.6429627, 
  "xCenter": 0.43402153, 
  "yCenter": 0.48847952, 
  "height": 0.10371602
}