{
  "width": 0.2082896, 
  "rotation": 2.7216208, 
  "xCenter": 0.7196357, 
  "yCenter": 0.7057033, 
  "height": 0.260362
}