{
  "width": 0.20078212, 
  "rotation": 2.8784232, 
  "xCenter": 0.8857162, 
  "yCenter": 0.7575986, 
  "height": 0.25097767
}