{
  "width": 0.21079208, 
  "rotation": -3.1074598, 
  "xCenter": 0.8752955, 
  "yCenter": 0.7537108, 
  "height": 0.2634901
}