{
  "width": 0.16825116, 
  "rotation": -2.9961002, 
  "xCenter": 0.62937707, 
  "yCenter": 0.7626497, 
  "height": 0.21031395
}