{
  "width": 0.14189692, 
  "rotation": 2.9958334, 
  "xCenter": 0.5138752, 
  "yCenter": 0.6825237, 
  "height": 0.17737116
}