{
  "width": 0.1944602, 
  "rotation": 3.1301882, 
  "xCenter": 0.84263074, 
  "yCenter": 0.78610563, 
  "height": 0.24307524
}