{
  "width": 0.20228302, 
  "rotation": 2.8385525, 
  "xCenter": 0.69194186, 
  "yCenter": 0.7159731, 
  "height": 0.25285378
}