{
  "width": 0.14900982, 
  "rotation": 3.051281, 
  "xCenter": 0.89096665, 
  "yCenter": 0.7030597, 
  "height": 0.1862623
}