{
  "width": 0.16117871, 
  "rotation": -2.92476, 
  "xCenter": 0.79395145, 
  "yCenter": 0.7451825, 
  "height": 0.20147339
}