{
  "width": 0.18569745, 
  "rotation": 2.8822112, 
  "xCenter": 0.8340807, 
  "yCenter": 0.7666196, 
  "height": 0.23212181
}