{
  "width": 0.16527617, 
  "rotation": -2.869504, 
  "xCenter": 0.49827477, 
  "yCenter": 0.6853622, 
  "height": 0.2065952
}