{
  "width": 0.15361513, 
  "rotation": -3.0502315, 
  "xCenter": 0.52686423, 
  "yCenter": 0.66446394, 
  "height": 0.19201893
}