{
  "width": 0.15740514, 
  "rotation": -2.684932, 
  "xCenter": 0.479958, 
  "yCenter": 0.673196, 
  "height": 0.19675642
}