{
  "width": 0.16991246, 
  "rotation": -3.026039, 
  "xCenter": 0.6263982, 
  "yCenter": 0.76257664, 
  "height": 0.21239057
}