{
  "width": 0.16611147, 
  "rotation": -2.7900124, 
  "xCenter": 0.7584362, 
  "yCenter": 0.71533275, 
  "height": 0.20763932
}