{
  "width": 0.10735473, 
  "rotation": 3.050099, 
  "xCenter": 0.55294216, 
  "yCenter": 0.4651187, 
  "height": 0.13419342
}