{
  "width": 0.14985606, 
  "rotation": -2.9556408, 
  "xCenter": 0.5071136, 
  "yCenter": 0.6654376, 
  "height": 0.18732007
}