{
  "width": 0.17067477, 
  "rotation": 2.9553542, 
  "xCenter": 0.6341725, 
  "yCenter": 0.6780946, 
  "height": 0.21334346
}