{
  "width": 0.14788923, 
  "rotation": -2.9945004, 
  "xCenter": 0.78079593, 
  "yCenter": 0.7492634, 
  "height": 0.18486154
}