{
  "width": 0.22395355, 
  "rotation": 2.7955513, 
  "xCenter": 0.9078749, 
  "yCenter": 0.7158897, 
  "height": 0.27994195
}