{
  "width": 0.09059702, 
  "rotation": -1.2229317, 
  "xCenter": 0.5047576, 
  "yCenter": 0.14880365, 
  "height": 0.11324628
}