{
  "width": 0.18935913, 
  "rotation": 3.053649, 
  "xCenter": 0.6608323, 
  "yCenter": 0.76376206, 
  "height": 0.23669891
}