{
  "width": 0.19839463, 
  "rotation": 2.767962, 
  "xCenter": 0.69620216, 
  "yCenter": 0.71212727, 
  "height": 0.24799328
}