{
  "width": 0.174539, 
  "rotation": 3.0397673, 
  "xCenter": 0.6811576, 
  "yCenter": 0.7443426, 
  "height": 0.21817374
}