{
  "width": 0.17433877, 
  "rotation": -3.0602014, 
  "xCenter": 0.91726965, 
  "yCenter": 0.68449646, 
  "height": 0.21792346
}