{
  "width": 0.15615466, 
  "rotation": -2.9368556, 
  "xCenter": 0.6159763, 
  "yCenter": 0.7374197, 
  "height": 0.19519334
}