{
  "width": 0.2012055, 
  "rotation": -3.0458553, 
  "xCenter": 0.8681036, 
  "yCenter": 0.7477304, 
  "height": 0.2515069
}