{
  "width": 0.18517675, 
  "rotation": 3.0392795, 
  "xCenter": 0.8599429, 
  "yCenter": 0.7153956, 
  "height": 0.23147093
}