{
  "width": 0.18489099, 
  "rotation": 2.9427915, 
  "xCenter": 0.63803214, 
  "yCenter": 0.68633926, 
  "height": 0.23111372
}