{
  "width": 0.20397486, 
  "rotation": 0.8226376, 
  "xCenter": 0.7094569, 
  "yCenter": 0.41462284, 
  "height": 0.25496858
}