{
  "width": 0.114348, 
  "rotation": 3.0414953, 
  "xCenter": 0.49411723, 
  "yCenter": 0.48607364, 
  "height": 0.14293501
}