{
  "width": 0.11568138, 
  "rotation": 2.8489485, 
  "xCenter": 0.50980926, 
  "yCenter": 0.49210668, 
  "height": 0.14460173
}