{
  "width": 0.17454784, 
  "rotation": -3.0301208, 
  "xCenter": 0.8869123, 
  "yCenter": 0.70467746, 
  "height": 0.21818478
}