{
  "width": 0.16646123, 
  "rotation": -3.1127968, 
  "xCenter": 0.8130973, 
  "yCenter": 0.75492644, 
  "height": 0.20807654
}