{
  "width": 0.13180748, 
  "rotation": -3.0188954, 
  "xCenter": 0.50515205, 
  "yCenter": 0.69102585, 
  "height": 0.16475935
}