{
  "width": 0.2108054, 
  "rotation": -3.1163871, 
  "xCenter": 0.8782688, 
  "yCenter": 0.75386477, 
  "height": 0.26350677
}