{
  "width": 0.15223186, 
  "rotation": 3.1009111, 
  "xCenter": 0.5373129, 
  "yCenter": 0.68829787, 
  "height": 0.19028983
}