{
  "width": 0.13826638, 
  "rotation": 2.9201193, 
  "xCenter": 0.62432325, 
  "yCenter": 0.74329895, 
  "height": 0.172833
}