{
  "width": 0.08328447, 
  "rotation": 2.6550798, 
  "xCenter": 0.43332547, 
  "yCenter": 0.4886304, 
  "height": 0.104105584
}