{
  "width": 0.20854467, 
  "rotation": 2.9874954, 
  "xCenter": 0.87946975, 
  "yCenter": 0.7711428, 
  "height": 0.26068085
}