{
  "width": 0.13459975, 
  "rotation": -2.925855, 
  "xCenter": 0.5400034, 
  "yCenter": 0.685297, 
  "height": 0.1682497
}