{
  "width": 0.20077422, 
  "rotation": 2.874739, 
  "xCenter": 0.88245577, 
  "yCenter": 0.70840734, 
  "height": 0.25096777
}