{
  "width": 0.19893175, 
  "rotation": 2.859689, 
  "xCenter": 0.6435408, 
  "yCenter": 0.68745244, 
  "height": 0.24866469
}