{
  "width": 0.18193582, 
  "rotation": 2.7279513, 
  "xCenter": 0.9777058, 
  "yCenter": 0.6868925, 
  "height": 0.22741976
}