{
  "width": 0.12222998, 
  "rotation": -2.9120626, 
  "xCenter": 0.869365, 
  "yCenter": 0.6686294, 
  "height": 0.15278748
}