{
  "width": 0.18349546, 
  "rotation": 2.9090004, 
  "xCenter": 0.67153853, 
  "yCenter": 0.76139754, 
  "height": 0.22936931
}