{
  "width": 0.1449601, 
  "rotation": 2.7986116, 
  "xCenter": 0.79736274, 
  "yCenter": 0.70354277, 
  "height": 0.18120013
}