{
  "width": 0.16691917, 
  "rotation": 2.9012856, 
  "xCenter": 0.81476855, 
  "yCenter": 0.75349313, 
  "height": 0.20864896
}