{
  "width": 0.21969043, 
  "rotation": 2.9637895, 
  "xCenter": 0.86393434, 
  "yCenter": 0.7592802, 
  "height": 0.27461302
}