{
  "width": 0.16539131, 
  "rotation": -2.9774106, 
  "xCenter": 0.79648995, 
  "yCenter": 0.74839795, 
  "height": 0.20673913
}