{
  "width": 0.14032395, 
  "rotation": 3.0540752, 
  "xCenter": 0.6132598, 
  "yCenter": 0.7348023, 
  "height": 0.17540495
}