{
  "width": 0.16171072, 
  "rotation": -3.116656, 
  "xCenter": 0.622359, 
  "yCenter": 0.7424611, 
  "height": 0.20213841
}