{
  "width": 0.17894718, 
  "rotation": 2.7753778, 
  "xCenter": 0.972843, 
  "yCenter": 0.6836703, 
  "height": 0.22368397
}