{
  "width": 0.15330519, 
  "rotation": 2.9848337, 
  "xCenter": 0.51517963, 
  "yCenter": 0.6842524, 
  "height": 0.1916315
}