{
  "width": 0.19841695, 
  "rotation": 2.952692, 
  "xCenter": 0.8673917, 
  "yCenter": 0.71860296, 
  "height": 0.24802117
}