{
  "width": 0.14190033, 
  "rotation": 3.0454726, 
  "xCenter": 0.61342436, 
  "yCenter": 0.7350318, 
  "height": 0.17737542
}