{
  "width": 0.18829447, 
  "rotation": -2.9677174, 
  "xCenter": 0.8558202, 
  "yCenter": 0.70951223, 
  "height": 0.23536809
}