{
  "width": 0.21632645, 
  "rotation": 2.9642968, 
  "xCenter": 0.868336, 
  "yCenter": 0.7566995, 
  "height": 0.27040806
}