{
  "width": 0.15278184, 
  "rotation": 2.8581014, 
  "xCenter": 0.8144443, 
  "yCenter": 0.73457265, 
  "height": 0.19097732
}