{
  "width": 0.16244607, 
  "rotation": -3.1282988, 
  "xCenter": 0.9083854, 
  "yCenter": 0.70285004, 
  "height": 0.20305759
}