{
  "width": 0.22372419, 
  "rotation": 2.9116573, 
  "xCenter": 0.8971038, 
  "yCenter": 0.76325953, 
  "height": 0.27965525
}