{
  "width": 0.19882375, 
  "rotation": 3.077707, 
  "xCenter": 0.85324764, 
  "yCenter": 0.7266478, 
  "height": 0.24852967
}