{
  "width": 0.15251096, 
  "rotation": 3.0746992, 
  "xCenter": 0.8027521, 
  "yCenter": 0.73868704, 
  "height": 0.1906387
}