{
  "width": 0.16681224, 
  "rotation": -2.9183009, 
  "xCenter": 0.5113208, 
  "yCenter": 0.6899645, 
  "height": 0.2085153
}