{
  "width": 0.15461287, 
  "rotation": 2.9717197, 
  "xCenter": 0.8920903, 
  "yCenter": 0.6994202, 
  "height": 0.19326608
}