{
  "width": 0.17962751, 
  "rotation": 3.0877564, 
  "xCenter": 0.6416472, 
  "yCenter": 0.7727733, 
  "height": 0.22453438
}