{
  "width": 0.20616338, 
  "rotation": -3.1176674, 
  "xCenter": 0.8778803, 
  "yCenter": 0.752622, 
  "height": 0.25770423
}