{
  "width": 0.19638091, 
  "rotation": 3.0006027, 
  "xCenter": 0.8773231, 
  "yCenter": 0.7220527, 
  "height": 0.24547614
}