{
  "width": 0.5332507, 
  "rotation": -1.5564777, 
  "xCenter": 0.28528836, 
  "yCenter": 0.4875176, 
  "height": 0.6665634
}