{
  "width": 0.15788168, 
  "rotation": 2.7214303, 
  "xCenter": 0.60085773, 
  "yCenter": 0.6903889, 
  "height": 0.1973521
}