{
  "width": 0.15491784, 
  "rotation": 3.0046606, 
  "xCenter": 0.5151069, 
  "yCenter": 0.6845427, 
  "height": 0.1936473
}