{
  "width": 0.20852654, 
  "rotation": 2.919465, 
  "xCenter": 0.69186413, 
  "yCenter": 0.7207069, 
  "height": 0.26065817
}