{
  "width": 0.18351033, 
  "rotation": 2.862887, 
  "xCenter": 0.8242171, 
  "yCenter": 0.7556794, 
  "height": 0.22938791
}