{
  "width": 0.1693992, 
  "rotation": -2.6148002, 
  "xCenter": 0.6772719, 
  "yCenter": 0.6677257, 
  "height": 0.21174899
}