{
  "width": 0.18840808, 
  "rotation": 3.1143498, 
  "xCenter": 0.8459463, 
  "yCenter": 0.7853834, 
  "height": 0.23551008
}