{
  "width": 0.14914513, 
  "rotation": -3.0043056, 
  "xCenter": 0.78782797, 
  "yCenter": 0.72675866, 
  "height": 0.18643141
}