{
  "width": 0.2212809, 
  "rotation": -2.959027, 
  "xCenter": 0.8425785, 
  "yCenter": 0.7211192, 
  "height": 0.27660114
}