{
  "width": 0.17314827, 
  "rotation": -3.0535374, 
  "xCenter": 0.82227445, 
  "yCenter": 0.7613261, 
  "height": 0.21643534
}