{
  "width": 0.21435814, 
  "rotation": 2.761529, 
  "xCenter": 0.69245195, 
  "yCenter": 0.7156425, 
  "height": 0.26794767
}