{
  "width": 0.16129787, 
  "rotation": 3.1240811, 
  "xCenter": 0.8986395, 
  "yCenter": 0.7085469, 
  "height": 0.20162235
}