{
  "width": 0.0691888, 
  "rotation": 2.130288, 
  "xCenter": 0.48934448, 
  "yCenter": 0.33367413, 
  "height": 0.086486004
}