{
  "width": 0.16602127, 
  "rotation": -2.9981332, 
  "xCenter": 0.8902634, 
  "yCenter": 0.6931369, 
  "height": 0.20752658
}