{
  "width": 0.17555872, 
  "rotation": 2.7237258, 
  "xCenter": 0.97015846, 
  "yCenter": 0.6849357, 
  "height": 0.21944839
}