{
  "width": 0.16865897, 
  "rotation": -1.1093422, 
  "xCenter": 0.33348778, 
  "yCenter": 0.35352275, 
  "height": 0.21082371
}