{
  "width": 0.17413142, 
  "rotation": -3.106197, 
  "xCenter": 0.64380264, 
  "yCenter": 0.7284016, 
  "height": 0.21766427
}