{
  "width": 0.20059896, 
  "rotation": 3.0338812, 
  "xCenter": 0.8572777, 
  "yCenter": 0.7267531, 
  "height": 0.2507487
}