{
  "width": 0.16620848, 
  "rotation": -3.0297692, 
  "xCenter": 0.8933554, 
  "yCenter": 0.69697815, 
  "height": 0.20776059
}