{
  "width": 0.079857685, 
  "rotation": 2.3413725, 
  "xCenter": 0.49902505, 
  "yCenter": 0.3278715, 
  "height": 0.099822104
}