{
  "width": 0.21183519, 
  "rotation": -3.1161926, 
  "xCenter": 0.8665712, 
  "yCenter": 0.7560094, 
  "height": 0.264794
}