{
  "width": 0.21620773, 
  "rotation": -3.0313795, 
  "xCenter": 0.8505771, 
  "yCenter": 0.73663616, 
  "height": 0.27025968
}