{
  "width": 0.17354764, 
  "rotation": -3.1131618, 
  "xCenter": 0.62967163, 
  "yCenter": 0.70265615, 
  "height": 0.21693455
}