{
  "width": 0.22729325, 
  "rotation": -1.01855, 
  "xCenter": 0.7274356, 
  "yCenter": 0.46807778, 
  "height": 0.28411657
}