{
  "width": 0.14159179, 
  "rotation": 3.0941033, 
  "xCenter": 0.558787, 
  "yCenter": 0.6499337, 
  "height": 0.17698973
}