{
  "width": 0.18874715, 
  "rotation": 2.725151, 
  "xCenter": 0.9359307, 
  "yCenter": 0.6951866, 
  "height": 0.23593393
}