{
  "width": 0.16571443, 
  "rotation": 2.8753824, 
  "xCenter": 0.909086, 
  "yCenter": 0.7049557, 
  "height": 0.20714302
}