{
  "width": 0.19771694, 
  "rotation": 2.8401628, 
  "xCenter": 0.8960673, 
  "yCenter": 0.7065672, 
  "height": 0.24714616
}