{
  "width": 0.11619705, 
  "rotation": 2.7991624, 
  "xCenter": 0.5115567, 
  "yCenter": 0.49117607, 
  "height": 0.14524631
}