{
  "width": 0.1882286, 
  "rotation": -3.11084, 
  "xCenter": 0.8164858, 
  "yCenter": 0.7220049, 
  "height": 0.23528576
}