{
  "width": 0.18228203, 
  "rotation": -3.068515, 
  "xCenter": 0.82629913, 
  "yCenter": 0.77920806, 
  "height": 0.22785252
}