{
  "width": 0.14683247, 
  "rotation": -3.0766723, 
  "xCenter": 0.7908155, 
  "yCenter": 0.728254, 
  "height": 0.1835406
}