{
  "width": 0.71728516, 
  "rotation": -1.6357311, 
  "xCenter": 0.24667437, 
  "yCenter": 0.5614757, 
  "height": 0.8966064
}