{
  "width": 0.22985892, 
  "rotation": -2.963905, 
  "xCenter": 0.8535847, 
  "yCenter": 0.73099804, 
  "height": 0.28732365
}