{
  "width": 0.20211846, 
  "rotation": 2.8423343, 
  "xCenter": 0.7100864, 
  "yCenter": 0.71447986, 
  "height": 0.25264806
}