{
  "width": 0.18235455, 
  "rotation": 2.970573, 
  "xCenter": 0.84282655, 
  "yCenter": 0.77593917, 
  "height": 0.22794318
}