{
  "width": 0.1649935, 
  "rotation": 3.0832305, 
  "xCenter": 0.6276315, 
  "yCenter": 0.7412625, 
  "height": 0.20624186
}