{
  "width": 0.20450641, 
  "rotation": -3.091699, 
  "xCenter": 0.86812186, 
  "yCenter": 0.7545321, 
  "height": 0.25563303
}