{
  "width": 0.17865041, 
  "rotation": 3.0899844, 
  "xCenter": 0.82983637, 
  "yCenter": 0.7540163, 
  "height": 0.223313
}