{
  "width": 0.20977561, 
  "rotation": 2.870943, 
  "xCenter": 0.89569914, 
  "yCenter": 0.7401447, 
  "height": 0.26221952
}