{
  "width": 0.19734856, 
  "rotation": 2.859441, 
  "xCenter": 0.87283856, 
  "yCenter": 0.7158662, 
  "height": 0.2466857
}