{
  "width": 0.13696387, 
  "rotation": 2.906609, 
  "xCenter": 0.8419853, 
  "yCenter": 0.69328576, 
  "height": 0.17120484
}