{
  "width": 0.13775653, 
  "rotation": -2.9629376, 
  "xCenter": 0.54157054, 
  "yCenter": 0.6884041, 
  "height": 0.17219567
}