{
  "width": 0.13973421, 
  "rotation": 2.7991457, 
  "xCenter": 0.87978685, 
  "yCenter": 0.5181315, 
  "height": 0.17466776
}