{
  "width": 0.08433014, 
  "rotation": 1.9154416, 
  "xCenter": 0.10233707, 
  "yCenter": 0.15605246, 
  "height": 0.10541268
}