{
  "width": 0.20277677, 
  "rotation": 2.8325076, 
  "xCenter": 0.8964932, 
  "yCenter": 0.739273, 
  "height": 0.25347096
}