{
  "width": 0.19267584, 
  "rotation": 2.7466855, 
  "xCenter": 0.70294875, 
  "yCenter": 0.6975744, 
  "height": 0.2408448
}