{
  "width": 0.14953798, 
  "rotation": 3.1167278, 
  "xCenter": 0.9263297, 
  "yCenter": 0.6508323, 
  "height": 0.18692248
}