{
  "width": 0.17446011, 
  "rotation": -3.0739992, 
  "xCenter": 0.6427982, 
  "yCenter": 0.76857257, 
  "height": 0.21807514
}