{
  "width": 0.20535365, 
  "rotation": 3.0634685, 
  "xCenter": 0.67046803, 
  "yCenter": 0.754088, 
  "height": 0.25669205
}