{
  "width": 0.19735801, 
  "rotation": -3.0475183, 
  "xCenter": 0.6660958, 
  "yCenter": 0.74877477, 
  "height": 0.24669752
}