{
  "width": 0.17369223, 
  "rotation": 3.1109567, 
  "xCenter": 0.64068484, 
  "yCenter": 0.7680192, 
  "height": 0.21711528
}