{
  "width": 0.14846247, 
  "rotation": 2.7681851, 
  "xCenter": 0.8089539, 
  "yCenter": 0.7353655, 
  "height": 0.1855781
}