{
  "width": 0.18670678, 
  "rotation": 2.7910535, 
  "xCenter": 0.6869628, 
  "yCenter": 0.74551797, 
  "height": 0.23338348
}