{
  "width": 0.17142576, 
  "rotation": 2.6988673, 
  "xCenter": 0.9176208, 
  "yCenter": 0.69547796, 
  "height": 0.2142822
}