{
  "width": 0.15546954, 
  "rotation": 3.1241288, 
  "xCenter": 0.8780749, 
  "yCenter": 0.6885994, 
  "height": 0.19433692
}