{
  "width": 0.16046458, 
  "rotation": -2.7863514, 
  "xCenter": 0.45786595, 
  "yCenter": 0.6727055, 
  "height": 0.20058075
}