{
  "width": 0.1714267, 
  "rotation": -3.0723662, 
  "xCenter": 0.8848766, 
  "yCenter": 0.7021123, 
  "height": 0.21428336
}