{
  "width": 0.19469002, 
  "rotation": 3.1190276, 
  "xCenter": 0.6714055, 
  "yCenter": 0.72674954, 
  "height": 0.24336252
}