{
  "width": 0.15921551, 
  "rotation": 2.8465085, 
  "xCenter": 0.5988856, 
  "yCenter": 0.7020948, 
  "height": 0.1990194
}