{
  "width": 0.18007724, 
  "rotation": 2.88278, 
  "xCenter": 0.8491411, 
  "yCenter": 0.69332796, 
  "height": 0.22509654
}