{
  "width": 0.15367775, 
  "rotation": 3.0225677, 
  "xCenter": 0.89957666, 
  "yCenter": 0.7210228, 
  "height": 0.19209719
}