{
  "width": 0.18487053, 
  "rotation": 2.8224223, 
  "xCenter": 0.8415685, 
  "yCenter": 0.77084196, 
  "height": 0.23108815
}