{
  "width": 0.15496123, 
  "rotation": 2.8300486, 
  "xCenter": 0.91788846, 
  "yCenter": 0.59550226, 
  "height": 0.19370154
}