{
  "width": 0.14874095, 
  "rotation": 3.104786, 
  "xCenter": 0.6028212, 
  "yCenter": 0.72685874, 
  "height": 0.1859262
}