{
  "width": 0.17749618, 
  "rotation": -3.057308, 
  "xCenter": 0.6296663, 
  "yCenter": 0.77019376, 
  "height": 0.22187021
}