{
  "width": 0.22247465, 
  "rotation": 2.9812703, 
  "xCenter": 0.89130527, 
  "yCenter": 0.7621321, 
  "height": 0.2780933
}