{
  "width": 0.19350201, 
  "rotation": 2.7513952, 
  "xCenter": 0.9022433, 
  "yCenter": 0.71401274, 
  "height": 0.2418775
}