{
  "width": 0.19976613, 
  "rotation": -2.9477541, 
  "xCenter": 0.658231, 
  "yCenter": 0.7496263, 
  "height": 0.24970765
}