{
  "width": 0.19287266, 
  "rotation": 2.4126506, 
  "xCenter": 0.07499077, 
  "yCenter": 0.36831796, 
  "height": 0.24109082
}