{
  "width": 0.1037779, 
  "rotation": 2.352724, 
  "xCenter": 0.36615577, 
  "yCenter": 0.42796823, 
  "height": 0.12972237
}