{
  "width": 0.17434669, 
  "rotation": -2.9917438, 
  "xCenter": 0.8320399, 
  "yCenter": 0.75949854, 
  "height": 0.21793334
}