{
  "width": 0.13920149, 
  "rotation": -3.1172607, 
  "xCenter": 0.5076913, 
  "yCenter": 0.6681008, 
  "height": 0.17400187
}