{
  "width": 0.1564564, 
  "rotation": 3.021226, 
  "xCenter": 0.59279126, 
  "yCenter": 0.6972817, 
  "height": 0.1955705
}