{
  "width": 0.19165985, 
  "rotation": 3.1259189, 
  "xCenter": 0.8339519, 
  "yCenter": 0.7752977, 
  "height": 0.2395748
}