{
  "width": 0.20652895, 
  "rotation": 2.8371377, 
  "xCenter": 0.8756936, 
  "yCenter": 0.77292174, 
  "height": 0.2581612
}