{
  "width": 0.19381225, 
  "rotation": 3.116405, 
  "xCenter": 0.8435237, 
  "yCenter": 0.78701186, 
  "height": 0.24226531
}