{
  "width": 0.17054816, 
  "rotation": -3.046905, 
  "xCenter": 0.8856684, 
  "yCenter": 0.7032912, 
  "height": 0.21318519
}