{
  "width": 0.07260277, 
  "rotation": -1.9017147, 
  "xCenter": 0.5554846, 
  "yCenter": 0.2030582, 
  "height": 0.090753466
}