{
  "width": 0.07608764, 
  "rotation": 2.3313336, 
  "xCenter": 0.49566948, 
  "yCenter": 0.32910687, 
  "height": 0.09510955
}