{
  "width": 0.18722811, 
  "rotation": 2.644445, 
  "xCenter": 0.923996, 
  "yCenter": 0.6873979, 
  "height": 0.23403513
}