{
  "width": 0.16236672, 
  "rotation": -3.118208, 
  "xCenter": 0.61685413, 
  "yCenter": 0.75168043, 
  "height": 0.2029584
}