{
  "width": 0.22151057, 
  "rotation": -3.064246, 
  "xCenter": 0.8622169, 
  "yCenter": 0.7434894, 
  "height": 0.27688822
}