{
  "width": 0.14931218, 
  "rotation": 2.8839169, 
  "xCenter": 0.5792153, 
  "yCenter": 0.68837196, 
  "height": 0.18664023
}