{
  "width": 0.09191215, 
  "rotation": -2.9796388, 
  "xCenter": 0.4326607, 
  "yCenter": 0.4721163, 
  "height": 0.11489019
}