{
  "width": 0.15742497, 
  "rotation": 3.0441656, 
  "xCenter": 0.8986221, 
  "yCenter": 0.7184592, 
  "height": 0.19678122
}