{
  "width": 0.089610815, 
  "rotation": -1.2154616, 
  "xCenter": 0.503465, 
  "yCenter": 0.14852458, 
  "height": 0.11201352
}