{
  "width": 0.17582868, 
  "rotation": -3.1348188, 
  "xCenter": 0.816603, 
  "yCenter": 0.7735629, 
  "height": 0.21978584
}