{
  "width": 0.15642044, 
  "rotation": 2.873328, 
  "xCenter": 0.817547, 
  "yCenter": 0.7466652, 
  "height": 0.19552556
}