{
  "width": 0.16485603, 
  "rotation": 2.9091208, 
  "xCenter": 0.8157312, 
  "yCenter": 0.75488263, 
  "height": 0.20607004
}