{
  "width": 0.1638935, 
  "rotation": 3.1310322, 
  "xCenter": 0.618372, 
  "yCenter": 0.74493384, 
  "height": 0.20486687
}