{
  "width": 0.15698856, 
  "rotation": -3.008321, 
  "xCenter": 0.50662005, 
  "yCenter": 0.6694896, 
  "height": 0.19623572
}