{
  "width": 0.1763438, 
  "rotation": -3.107291, 
  "xCenter": 0.64213943, 
  "yCenter": 0.76950526, 
  "height": 0.22042975
}