{
  "width": 0.20778748, 
  "rotation": 2.9036567, 
  "xCenter": 0.6923581, 
  "yCenter": 0.7158524, 
  "height": 0.25973436
}