{
  "width": 0.17510743, 
  "rotation": 2.8301835, 
  "xCenter": 0.85085565, 
  "yCenter": 0.6872572, 
  "height": 0.21888429
}