{
  "width": 0.16534466, 
  "rotation": 2.9655776, 
  "xCenter": 0.62302804, 
  "yCenter": 0.7605608, 
  "height": 0.20668082
}