{
  "width": 0.16154009, 
  "rotation": 3.1012301, 
  "xCenter": 0.63096976, 
  "yCenter": 0.76256436, 
  "height": 0.20192513
}