{
  "width": 0.21470636, 
  "rotation": -3.0023923, 
  "xCenter": 0.8481159, 
  "yCenter": 0.7153264, 
  "height": 0.26838297
}