{
  "width": 0.1564987, 
  "rotation": 3.109228, 
  "xCenter": 0.53321314, 
  "yCenter": 0.690653, 
  "height": 0.19562338
}