{
  "width": 0.11378065, 
  "rotation": -1.6252679, 
  "xCenter": 0.51889086, 
  "yCenter": 0.19928631, 
  "height": 0.14222582
}