{
  "width": 0.17176342, 
  "rotation": 1.8855934, 
  "xCenter": 0.6993515, 
  "yCenter": 0.46478438, 
  "height": 0.21470428
}