{
  "width": 0.07451625, 
  "rotation": 2.3450456, 
  "xCenter": 0.5203426, 
  "yCenter": 0.19495009, 
  "height": 0.09314531
}