{
  "width": 0.22079335, 
  "rotation": 2.945938, 
  "xCenter": 0.8669128, 
  "yCenter": 0.7597467, 
  "height": 0.2759917
}