{
  "width": 0.15836442, 
  "rotation": -3.072185, 
  "xCenter": 0.61963665, 
  "yCenter": 0.7629478, 
  "height": 0.19795552
}