{
  "width": 0.20368615, 
  "rotation": 2.8998137, 
  "xCenter": 0.8930867, 
  "yCenter": 0.7398334, 
  "height": 0.25460768
}