{
  "width": 0.17275403, 
  "rotation": -3.0004292, 
  "xCenter": 0.89543486, 
  "yCenter": 0.6963877, 
  "height": 0.21594253
}