{
  "width": 0.1499874, 
  "rotation": 2.9574904, 
  "xCenter": 0.8107803, 
  "yCenter": 0.74421597, 
  "height": 0.18748425
}