{
  "width": 0.18166941, 
  "rotation": 2.5935593, 
  "xCenter": 0.9621717, 
  "yCenter": 0.6887359, 
  "height": 0.22708677
}