{
  "width": 0.19877927, 
  "rotation": 3.008225, 
  "xCenter": 0.85768336, 
  "yCenter": 0.72535163, 
  "height": 0.24847408
}