{
  "width": 0.19719887, 
  "rotation": 3.0092466, 
  "xCenter": 0.8636404, 
  "yCenter": 0.7268864, 
  "height": 0.24649857
}