{
  "width": 0.19099331, 
  "rotation": 2.997001, 
  "xCenter": 0.8467318, 
  "yCenter": 0.7802819, 
  "height": 0.23874164
}