{
  "width": 0.1973636, 
  "rotation": 2.8126369, 
  "xCenter": 0.6911156, 
  "yCenter": 0.74479467, 
  "height": 0.24670449
}