{
  "width": 0.1756145, 
  "rotation": -3.045515, 
  "xCenter": 0.62919164, 
  "yCenter": 0.7698689, 
  "height": 0.21951813
}