{
  "width": 0.19960774, 
  "rotation": 2.8692336, 
  "xCenter": 0.8891348, 
  "yCenter": 0.74999976, 
  "height": 0.24950968
}