{
  "width": 0.15138927, 
  "rotation": 3.078156, 
  "xCenter": 0.5487404, 
  "yCenter": 0.68751866, 
  "height": 0.1892366
}