{
  "width": 0.17779218, 
  "rotation": 2.7301269, 
  "xCenter": 0.89970267, 
  "yCenter": 0.6830521, 
  "height": 0.22224021
}