{
  "width": 0.08015399, 
  "rotation": 2.6508904, 
  "xCenter": 0.39648655, 
  "yCenter": 0.1509133, 
  "height": 0.10019249
}