{
  "width": 0.17491621, 
  "rotation": -3.0511258, 
  "xCenter": 0.64782685, 
  "yCenter": 0.72326267, 
  "height": 0.21864524
}