{
  "width": 0.20447588, 
  "rotation": 3.04253, 
  "xCenter": 0.6666905, 
  "yCenter": 0.7592823, 
  "height": 0.25559485
}