{
  "width": 0.16530731, 
  "rotation": 2.879299, 
  "xCenter": 0.88709515, 
  "yCenter": 0.69597286, 
  "height": 0.20663413
}