{
  "width": 0.08800044, 
  "rotation": 2.43194, 
  "xCenter": 0.11460932, 
  "yCenter": 0.30520752, 
  "height": 0.11000055
}