{
  "width": 0.15101501, 
  "rotation": -3.0058177, 
  "xCenter": 0.78654414, 
  "yCenter": 0.75557655, 
  "height": 0.18876877
}