{
  "width": 0.14343905, 
  "rotation": -3.1324122, 
  "xCenter": 0.5935685, 
  "yCenter": 0.7152024, 
  "height": 0.17929882
}