{
  "width": 0.17832589, 
  "rotation": 3.101024, 
  "xCenter": 0.64500433, 
  "yCenter": 0.7703528, 
  "height": 0.22290736
}