{
  "width": 0.1424731, 
  "rotation": -2.8910775, 
  "xCenter": 0.7827712, 
  "yCenter": 0.72003996, 
  "height": 0.17809139
}