{
  "width": 0.13066083, 
  "rotation": 3.0556371, 
  "xCenter": 0.5638321, 
  "yCenter": 0.6546861, 
  "height": 0.16332604
}