{
  "width": 0.17823043, 
  "rotation": -2.7412078, 
  "xCenter": 0.49012893, 
  "yCenter": 0.6847313, 
  "height": 0.22278804
}