{
  "width": 0.16925259, 
  "rotation": 2.9915369, 
  "xCenter": 0.6331967, 
  "yCenter": 0.75819325, 
  "height": 0.21156573
}