{
  "width": 0.2047443, 
  "rotation": 2.8743854, 
  "xCenter": 0.690199, 
  "yCenter": 0.72340083, 
  "height": 0.25593036
}