{
  "width": 0.21304785, 
  "rotation": -3.1329443, 
  "xCenter": 0.87614936, 
  "yCenter": 0.7501236, 
  "height": 0.26630983
}