{
  "width": 0.18232867, 
  "rotation": 3.0290174, 
  "xCenter": 0.82172334, 
  "yCenter": 0.7634266, 
  "height": 0.22791083
}