{
  "width": 0.21568935, 
  "rotation": -3.129172, 
  "xCenter": 0.87606835, 
  "yCenter": 0.7500015, 
  "height": 0.2696117
}