{
  "width": 0.1591512, 
  "rotation": -3.1217353, 
  "xCenter": 0.51003164, 
  "yCenter": 0.6792468, 
  "height": 0.19893901
}