{
  "width": 0.104657136, 
  "rotation": 2.7721581, 
  "xCenter": 0.80056417, 
  "yCenter": 0.41384518, 
  "height": 0.13082142
}