{
  "width": 0.17467228, 
  "rotation": 3.094677, 
  "xCenter": 0.8203505, 
  "yCenter": 0.7578461, 
  "height": 0.21834034
}