{
  "width": 0.16381834, 
  "rotation": 3.1216314, 
  "xCenter": 0.6727414, 
  "yCenter": 0.74318045, 
  "height": 0.20477292
}