{
  "width": 0.1808631, 
  "rotation": 2.7135696, 
  "xCenter": 0.858875, 
  "yCenter": 0.6782734, 
  "height": 0.22607887
}