{
  "width": 0.1950618, 
  "rotation": 3.0173974, 
  "xCenter": 0.87060535, 
  "yCenter": 0.73208684, 
  "height": 0.24382724
}