{
  "width": 0.1781813, 
  "rotation": 2.9598927, 
  "xCenter": 0.8321826, 
  "yCenter": 0.7762111, 
  "height": 0.22272663
}