{
  "width": 0.17589687, 
  "rotation": 2.868999, 
  "xCenter": 0.85034853, 
  "yCenter": 0.6910249, 
  "height": 0.21987107
}