{
  "width": 0.1908949, 
  "rotation": 2.6896172, 
  "xCenter": 0.9182514, 
  "yCenter": 0.6871748, 
  "height": 0.23861863
}