{
  "width": 0.1600302, 
  "rotation": -2.925276, 
  "xCenter": 0.5031318, 
  "yCenter": 0.6786651, 
  "height": 0.20003776
}