{
  "width": 0.1917147, 
  "rotation": -2.9109693, 
  "xCenter": 0.8587634, 
  "yCenter": 0.69039977, 
  "height": 0.23964338
}