{
  "width": 0.48432618, 
  "rotation": 2.7828221, 
  "xCenter": 0.5498725, 
  "yCenter": 0.3152061, 
  "height": 0.6054077
}