{
  "width": 0.10303171, 
  "rotation": 2.2641506, 
  "xCenter": 0.34642372, 
  "yCenter": 0.40666148, 
  "height": 0.12878963
}