{
  "width": 0.15559894, 
  "rotation": -2.9731476, 
  "xCenter": 0.7900186, 
  "yCenter": 0.7334683, 
  "height": 0.19449867
}