{
  "width": 0.15326877, 
  "rotation": -2.9442065, 
  "xCenter": 0.78896356, 
  "yCenter": 0.7317651, 
  "height": 0.19158597
}