{
  "width": 0.08923068, 
  "rotation": 2.3849695, 
  "xCenter": 0.44381607, 
  "yCenter": 0.19813944, 
  "height": 0.11153835
}