{
  "width": 0.09227905, 
  "rotation": -1.3857344, 
  "xCenter": 0.5307424, 
  "yCenter": 0.19099997, 
  "height": 0.11534881
}