{
  "width": 0.17451483, 
  "rotation": -3.1294324, 
  "xCenter": 0.63086253, 
  "yCenter": 0.67584413, 
  "height": 0.21814352
}