{
  "width": 0.19611886, 
  "rotation": -2.9638364, 
  "xCenter": 0.6604639, 
  "yCenter": 0.7548192, 
  "height": 0.24514857
}