{
  "width": 0.21611258, 
  "rotation": -3.0309157, 
  "xCenter": 0.8477035, 
  "yCenter": 0.7185568, 
  "height": 0.27014074
}