{
  "width": 0.17888953, 
  "rotation": 3.0998802, 
  "xCenter": 0.668263, 
  "yCenter": 0.722094, 
  "height": 0.2236119
}