{
  "width": 0.12590443, 
  "rotation": -3.1091173, 
  "xCenter": 0.570083, 
  "yCenter": 0.53082716, 
  "height": 0.15738054
}