{
  "width": 0.17836851, 
  "rotation": 3.1122296, 
  "xCenter": 0.6567341, 
  "yCenter": 0.77785975, 
  "height": 0.22296064
}