{
  "width": 0.18279834, 
  "rotation": -1.6213983, 
  "xCenter": 0.6957442, 
  "yCenter": 0.45535138, 
  "height": 0.22849792
}