{
  "width": 0.14123349, 
  "rotation": 2.9119115, 
  "xCenter": 0.5166127, 
  "yCenter": 0.6787286, 
  "height": 0.17654186
}