{
  "width": 0.1761941, 
  "rotation": 2.9756677, 
  "xCenter": 0.8297996, 
  "yCenter": 0.77550274, 
  "height": 0.22024262
}