{
  "width": 0.16609457, 
  "rotation": -2.9750555, 
  "xCenter": 0.89397544, 
  "yCenter": 0.692591, 
  "height": 0.2076182
}