{
  "width": 0.16530421, 
  "rotation": -2.9097178, 
  "xCenter": 0.5120479, 
  "yCenter": 0.68827367, 
  "height": 0.20663026
}