{
  "width": 0.17330496, 
  "rotation": 2.9877732, 
  "xCenter": 0.87136585, 
  "yCenter": 0.7229778, 
  "height": 0.21663119
}