{
  "width": 0.20239833, 
  "rotation": 2.849588, 
  "xCenter": 0.6884459, 
  "yCenter": 0.7110284, 
  "height": 0.2529979
}