{
  "width": 0.17912276, 
  "rotation": 2.7938166, 
  "xCenter": 0.8430951, 
  "yCenter": 0.7803348, 
  "height": 0.22390345
}