{
  "width": 0.17886752, 
  "rotation": 2.7985296, 
  "xCenter": 0.9133596, 
  "yCenter": 0.6914334, 
  "height": 0.2235844
}