{
  "width": 0.14931451, 
  "rotation": -2.993159, 
  "xCenter": 0.7872034, 
  "yCenter": 0.7263798, 
  "height": 0.18664314
}