{
  "width": 0.20945808, 
  "rotation": -3.0410945, 
  "xCenter": 0.857957, 
  "yCenter": 0.7398039, 
  "height": 0.2618226
}