{
  "width": 0.17659502, 
  "rotation": 3.0681658, 
  "xCenter": 0.6573034, 
  "yCenter": 0.7714138, 
  "height": 0.22074376
}