{
  "width": 0.18692529, 
  "rotation": 2.841054, 
  "xCenter": 0.68830854, 
  "yCenter": 0.74321854, 
  "height": 0.23365662
}