{
  "width": 0.19564, 
  "rotation": -2.9599211, 
  "xCenter": 0.6605552, 
  "yCenter": 0.7547112, 
  "height": 0.24454999
}