{
  "width": 0.16835189, 
  "rotation": -3.1305487, 
  "xCenter": 0.50878495, 
  "yCenter": 0.6898683, 
  "height": 0.21043986
}