{
  "width": 0.14659087, 
  "rotation": 2.9997888, 
  "xCenter": 0.8923808, 
  "yCenter": 0.69620985, 
  "height": 0.1832386
}