{
  "width": 0.19243905, 
  "rotation": 3.0927672, 
  "xCenter": 0.67727745, 
  "yCenter": 0.71859217, 
  "height": 0.2405488
}