{
  "width": 0.15487784, 
  "rotation": -2.9882228, 
  "xCenter": 0.5344349, 
  "yCenter": 0.67183816, 
  "height": 0.19359732
}