{
  "width": 0.15132263, 
  "rotation": 3.101738, 
  "xCenter": 0.5509681, 
  "yCenter": 0.6828491, 
  "height": 0.1891533
}