{
  "width": 0.15861082, 
  "rotation": -2.8791142, 
  "xCenter": 0.45823008, 
  "yCenter": 0.67539227, 
  "height": 0.19826353
}