{
  "width": 0.223095, 
  "rotation": -2.9934216, 
  "xCenter": 0.8550997, 
  "yCenter": 0.7396906, 
  "height": 0.27886876
}