{
  "width": 0.1560203, 
  "rotation": -2.990491, 
  "xCenter": 0.5362643, 
  "yCenter": 0.6754537, 
  "height": 0.19502538
}