{
  "width": 0.16563833, 
  "rotation": -2.9903057, 
  "xCenter": 0.8930863, 
  "yCenter": 0.69355136, 
  "height": 0.20704791
}