{
  "width": 0.19177794, 
  "rotation": 2.781109, 
  "xCenter": 0.68060356, 
  "yCenter": 0.7251531, 
  "height": 0.23972242
}