{
  "width": 0.08611085, 
  "rotation": -2.3917305, 
  "xCenter": 0.433505, 
  "yCenter": 0.45380345, 
  "height": 0.10763856
}