{
  "width": 0.11528194, 
  "rotation": -0.99828637, 
  "xCenter": 0.45590338, 
  "yCenter": 0.27818418, 
  "height": 0.14410242
}