{
  "width": 0.18384384, 
  "rotation": 2.7833762, 
  "xCenter": 0.9103524, 
  "yCenter": 0.697017, 
  "height": 0.22980478
}