{
  "width": 0.19208014, 
  "rotation": 2.786709, 
  "xCenter": 0.6988929, 
  "yCenter": 0.70573354, 
  "height": 0.24010016
}