{
  "width": 0.20606156, 
  "rotation": 2.86066, 
  "xCenter": 0.8963368, 
  "yCenter": 0.74046534, 
  "height": 0.25757694
}