{
  "width": 0.14993532, 
  "rotation": 2.7863302, 
  "xCenter": 0.79629886, 
  "yCenter": 0.7103934, 
  "height": 0.18741916
}