{
  "width": 0.17184883, 
  "rotation": 3.0844622, 
  "xCenter": 0.8172444, 
  "yCenter": 0.7674156, 
  "height": 0.21481104
}