{
  "width": 0.18989782, 
  "rotation": 2.981998, 
  "xCenter": 0.8337861, 
  "yCenter": 0.7748295, 
  "height": 0.23737226
}