{
  "width": 0.14949256, 
  "rotation": 3.1092653, 
  "xCenter": 0.6025472, 
  "yCenter": 0.7266166, 
  "height": 0.18686572
}