{
  "width": 0.14902595, 
  "rotation": -2.9848201, 
  "xCenter": 0.7812614, 
  "yCenter": 0.75188327, 
  "height": 0.18628244
}