{
  "width": 0.16436121, 
  "rotation": -3.101998, 
  "xCenter": 0.8964455, 
  "yCenter": 0.7047935, 
  "height": 0.2054515
}