{
  "width": 0.18564631, 
  "rotation": 2.9610996, 
  "xCenter": 0.63638645, 
  "yCenter": 0.68393195, 
  "height": 0.23205788
}