{
  "width": 0.19598234, 
  "rotation": 2.8660893, 
  "xCenter": 0.8915084, 
  "yCenter": 0.74326026, 
  "height": 0.2449779
}