{
  "width": 0.14346927, 
  "rotation": 3.134393, 
  "xCenter": 0.558554, 
  "yCenter": 0.6487189, 
  "height": 0.1793366
}