{
  "width": 0.095214844, 
  "rotation": -1.2365924, 
  "xCenter": 0.53567225, 
  "yCenter": 0.19106188, 
  "height": 0.11901855
}