{
  "width": 0.15159136, 
  "rotation": 2.849286, 
  "xCenter": 0.6262165, 
  "yCenter": 0.7490001, 
  "height": 0.1894892
}