{
  "width": 0.14420833, 
  "rotation": -3.1168134, 
  "xCenter": 0.63268393, 
  "yCenter": 0.70251083, 
  "height": 0.18026042
}