{
  "width": 0.19229834, 
  "rotation": 2.7450142, 
  "xCenter": 0.70296204, 
  "yCenter": 0.6973123, 
  "height": 0.24037291
}