{
  "width": 0.16187638, 
  "rotation": -3.0213377, 
  "xCenter": 0.8075422, 
  "yCenter": 0.77236265, 
  "height": 0.20234549
}