{
  "width": 0.16290478, 
  "rotation": -3.0054507, 
  "xCenter": 0.89510363, 
  "yCenter": 0.6919859, 
  "height": 0.20363097
}