{
  "width": 0.20169832, 
  "rotation": 3.0079045, 
  "xCenter": 0.860572, 
  "yCenter": 0.7280245, 
  "height": 0.2521229
}