{
  "width": 0.22068705, 
  "rotation": -3.0248585, 
  "xCenter": 0.85151994, 
  "yCenter": 0.73847306, 
  "height": 0.27585882
}