{
  "width": 0.19992931, 
  "rotation": 2.721579, 
  "xCenter": 0.69139516, 
  "yCenter": 0.71668726, 
  "height": 0.24991164
}