{
  "width": 0.13099395, 
  "rotation": 2.061526, 
  "xCenter": 0.4432081, 
  "yCenter": 0.28803098, 
  "height": 0.16374244
}