{
  "width": 0.15272537, 
  "rotation": -2.9406173, 
  "xCenter": 0.49930528, 
  "yCenter": 0.68674433, 
  "height": 0.1909067
}