{
  "width": 0.1716339, 
  "rotation": 2.8781357, 
  "xCenter": 0.6365581, 
  "yCenter": 0.68127126, 
  "height": 0.21454236
}