{
  "width": 0.18906608, 
  "rotation": 2.9882555, 
  "xCenter": 0.6792973, 
  "yCenter": 0.72163403, 
  "height": 0.2363326
}