{
  "width": 0.18498659, 
  "rotation": 3.0332208, 
  "xCenter": 0.8476346, 
  "yCenter": 0.7739327, 
  "height": 0.23123324
}