{
  "width": 0.18148594, 
  "rotation": 2.904302, 
  "xCenter": 0.63696384, 
  "yCenter": 0.69015497, 
  "height": 0.22685741
}