{
  "width": 0.17248438, 
  "rotation": 3.0509906, 
  "xCenter": 0.6547236, 
  "yCenter": 0.76807207, 
  "height": 0.21560547
}