{
  "width": 0.1789399, 
  "rotation": -3.0057003, 
  "xCenter": 0.83212835, 
  "yCenter": 0.7725672, 
  "height": 0.22367486
}