{
  "width": 0.2051063, 
  "rotation": 2.8870125, 
  "xCenter": 0.6852128, 
  "yCenter": 0.7119316, 
  "height": 0.25638288
}