{
  "width": 0.15569548, 
  "rotation": -3.0495875, 
  "xCenter": 0.5384448, 
  "yCenter": 0.6749594, 
  "height": 0.19461936
}