{
  "width": 0.13007843, 
  "rotation": 3.107387, 
  "xCenter": 0.61994034, 
  "yCenter": 0.7584765, 
  "height": 0.16259806
}