{
  "width": 0.16647285, 
  "rotation": 2.9990945, 
  "xCenter": 0.8897002, 
  "yCenter": 0.7028899, 
  "height": 0.20809107
}