{
  "width": 0.18109153, 
  "rotation": 3.0995426, 
  "xCenter": 0.63895607, 
  "yCenter": 0.7678931, 
  "height": 0.2263644
}