{
  "width": 0.15747333, 
  "rotation": -2.9586127, 
  "xCenter": 0.8295149, 
  "yCenter": 0.68495613, 
  "height": 0.19684166
}