{
  "width": 0.22017007, 
  "rotation": -2.9889, 
  "xCenter": 0.8490776, 
  "yCenter": 0.7170275, 
  "height": 0.2752126
}