{
  "width": 0.20570403, 
  "rotation": 2.8282933, 
  "xCenter": 0.8824905, 
  "yCenter": 0.7664206, 
  "height": 0.25713006
}