{
  "width": 0.17026874, 
  "rotation": -3.1200616, 
  "xCenter": 0.8840645, 
  "yCenter": 0.7029659, 
  "height": 0.21283592
}