{
  "width": 0.20945777, 
  "rotation": 2.8607693, 
  "xCenter": 0.6889256, 
  "yCenter": 0.7192672, 
  "height": 0.26182222
}