{
  "width": 0.19720042, 
  "rotation": -3.1107984, 
  "xCenter": 0.868687, 
  "yCenter": 0.7062307, 
  "height": 0.2465005
}