{
  "width": 0.18440312, 
  "rotation": -2.9739084, 
  "xCenter": 0.8401889, 
  "yCenter": 0.75517976, 
  "height": 0.2305039
}