{
  "width": 0.14100382, 
  "rotation": 2.8316517, 
  "xCenter": 0.62418085, 
  "yCenter": 0.7413218, 
  "height": 0.17625478
}