{
  "width": 0.20960872, 
  "rotation": 2.8570306, 
  "xCenter": 0.889546, 
  "yCenter": 0.7748344, 
  "height": 0.2620109
}