{
  "width": 0.16927259, 
  "rotation": 2.7449493, 
  "xCenter": 0.9704991, 
  "yCenter": 0.6812241, 
  "height": 0.21159072
}