{
  "width": 0.20455104, 
  "rotation": 3.06172, 
  "xCenter": 0.6635977, 
  "yCenter": 0.7614888, 
  "height": 0.25568882
}