{
  "width": 0.09118541, 
  "rotation": -1.2253469, 
  "xCenter": 0.5044947, 
  "yCenter": 0.14867476, 
  "height": 0.11398176
}