{
  "width": 0.20954657, 
  "rotation": 2.9052858, 
  "xCenter": 0.86946964, 
  "yCenter": 0.7500918, 
  "height": 0.2619332
}