{
  "width": 0.17569494, 
  "rotation": -3.048069, 
  "xCenter": 0.63654673, 
  "yCenter": 0.72612333, 
  "height": 0.21961866
}