{
  "width": 0.17379947, 
  "rotation": 3.0409484, 
  "xCenter": 0.82297134, 
  "yCenter": 0.77157456, 
  "height": 0.21724933
}