{
  "width": 0.15320462, 
  "rotation": 3.0382288, 
  "xCenter": 0.8995172, 
  "yCenter": 0.72435534, 
  "height": 0.19150577
}