{
  "width": 0.16030884, 
  "rotation": 3.0389469, 
  "xCenter": 0.7999684, 
  "yCenter": 0.7631159, 
  "height": 0.20038606
}