{
  "width": 0.18459886, 
  "rotation": 3.0082946, 
  "xCenter": 0.8608149, 
  "yCenter": 0.7158493, 
  "height": 0.23074856
}