{
  "width": 0.17900808, 
  "rotation": -2.747471, 
  "xCenter": 0.49027887, 
  "yCenter": 0.68481123, 
  "height": 0.2237601
}