{
  "width": 0.17382163, 
  "rotation": -3.033316, 
  "xCenter": 0.8640292, 
  "yCenter": 0.71438354, 
  "height": 0.21727704
}