{
  "width": 0.16654569, 
  "rotation": -3.096708, 
  "xCenter": 0.6302328, 
  "yCenter": 0.76121855, 
  "height": 0.20818211
}