{
  "width": 0.19216692, 
  "rotation": 2.9396105, 
  "xCenter": 0.6998022, 
  "yCenter": 0.70469826, 
  "height": 0.24020864
}