{
  "width": 0.15449336, 
  "rotation": -3.0250404, 
  "xCenter": 0.613776, 
  "yCenter": 0.7403963, 
  "height": 0.19311671
}