{
  "width": 0.2188339, 
  "rotation": 2.9548512, 
  "xCenter": 0.86873895, 
  "yCenter": 0.75525934, 
  "height": 0.27354237
}