{
  "width": 0.15245284, 
  "rotation": 3.017569, 
  "xCenter": 0.54231155, 
  "yCenter": 0.6863982, 
  "height": 0.19056606
}