{
  "width": 0.19072552, 
  "rotation": 3.0298276, 
  "xCenter": 0.69575703, 
  "yCenter": 0.7297221, 
  "height": 0.2384069
}