{
  "width": 0.16672763, 
  "rotation": -3.0867078, 
  "xCenter": 0.62822264, 
  "yCenter": 0.746611, 
  "height": 0.20840953
}