{
  "width": 0.17990491, 
  "rotation": 2.7320137, 
  "xCenter": 0.9100039, 
  "yCenter": 0.69103366, 
  "height": 0.22488113
}