{
  "width": 0.21056458, 
  "rotation": 2.952184, 
  "xCenter": 0.88945156, 
  "yCenter": 0.72135735, 
  "height": 0.26320574
}