{
  "width": 0.1943466, 
  "rotation": 2.7904491, 
  "xCenter": 0.68719673, 
  "yCenter": 0.7463051, 
  "height": 0.24293324
}