{
  "width": 0.1741181, 
  "rotation": 3.1095805, 
  "xCenter": 0.65274596, 
  "yCenter": 0.7755218, 
  "height": 0.21764761
}