{
  "width": 0.1675045, 
  "rotation": 2.9832993, 
  "xCenter": 0.6428337, 
  "yCenter": 0.7543283, 
  "height": 0.20938063
}