{
  "width": 0.21733299, 
  "rotation": -3.1352413, 
  "xCenter": 0.8786509, 
  "yCenter": 0.752892, 
  "height": 0.27166623
}