{
  "width": 0.18916015, 
  "rotation": 2.7649193, 
  "xCenter": 0.66800547, 
  "yCenter": 0.6818107, 
  "height": 0.23645018
}