{
  "width": 0.15362908, 
  "rotation": 2.9095821, 
  "xCenter": 0.804745, 
  "yCenter": 0.71830076, 
  "height": 0.19203636
}