{
  "width": 0.17878973, 
  "rotation": 2.7526336, 
  "xCenter": 0.85795516, 
  "yCenter": 0.6745908, 
  "height": 0.22348715
}