{
  "width": 0.1367647, 
  "rotation": 1.8224411, 
  "xCenter": 0.3230128, 
  "yCenter": 0.21256162, 
  "height": 0.1709559
}