{
  "width": 0.2144677, 
  "rotation": 2.9978874, 
  "xCenter": 0.8885172, 
  "yCenter": 0.76531464, 
  "height": 0.26808465
}