{
  "width": 0.15192515, 
  "rotation": 2.946393, 
  "xCenter": 0.90005374, 
  "yCenter": 0.69556737, 
  "height": 0.18990643
}