{
  "width": 0.15633179, 
  "rotation": 3.0860124, 
  "xCenter": 0.5334823, 
  "yCenter": 0.6876852, 
  "height": 0.19541475
}