{
  "width": 0.16190381, 
  "rotation": 2.7942815, 
  "xCenter": 0.5931271, 
  "yCenter": 0.69978523, 
  "height": 0.20237978
}