{
  "width": 0.18733846, 
  "rotation": -3.0443466, 
  "xCenter": 0.8426877, 
  "yCenter": 0.7640095, 
  "height": 0.23417306
}