{
  "width": 0.16689268, 
  "rotation": -2.7995174, 
  "xCenter": 0.7595524, 
  "yCenter": 0.7159423, 
  "height": 0.20861584
}