{
  "width": 0.18770775, 
  "rotation": 2.8707032, 
  "xCenter": 0.6702116, 
  "yCenter": 0.7357254, 
  "height": 0.23463468
}