{
  "width": 0.21579055, 
  "rotation": -2.9908848, 
  "xCenter": 0.8541865, 
  "yCenter": 0.7297959, 
  "height": 0.2697382
}