{
  "width": 0.16445637, 
  "rotation": -3.0358534, 
  "xCenter": 0.7976813, 
  "yCenter": 0.7710049, 
  "height": 0.20557044
}