{
  "width": 0.14589566, 
  "rotation": 2.7577271, 
  "xCenter": 0.5816203, 
  "yCenter": 0.6769144, 
  "height": 0.18236959
}