{
  "width": 0.12924345, 
  "rotation": -2.8617213, 
  "xCenter": 0.6100862, 
  "yCenter": 0.71994215, 
  "height": 0.16155432
}