{
  "width": 0.21208827, 
  "rotation": 2.9775438, 
  "xCenter": 0.8868196, 
  "yCenter": 0.76774186, 
  "height": 0.26511034
}