{
  "width": 0.16259748, 
  "rotation": -3.0301573, 
  "xCenter": 0.807037, 
  "yCenter": 0.7566557, 
  "height": 0.20324683
}