{
  "width": 0.15371509, 
  "rotation": -3.0399358, 
  "xCenter": 0.5262788, 
  "yCenter": 0.663327, 
  "height": 0.19214387
}