{
  "width": 0.100438096, 
  "rotation": -2.8365154, 
  "xCenter": 0.45928824, 
  "yCenter": 0.46882123, 
  "height": 0.12554762
}