{
  "width": 0.14182393, 
  "rotation": -3.0917184, 
  "xCenter": 0.78766537, 
  "yCenter": 0.75158507, 
  "height": 0.17727992
}