{
  "width": 0.18817624, 
  "rotation": 2.8951235, 
  "xCenter": 0.8623181, 
  "yCenter": 0.7427199, 
  "height": 0.2352203
}