{
  "width": 0.18027343, 
  "rotation": 3.1216385, 
  "xCenter": 0.65781456, 
  "yCenter": 0.77898365, 
  "height": 0.22534178
}