{
  "width": 0.1665677, 
  "rotation": 2.794108, 
  "xCenter": 0.5934363, 
  "yCenter": 0.70033383, 
  "height": 0.20820962
}