{
  "width": 0.16951713, 
  "rotation": 2.8989658, 
  "xCenter": 0.8885924, 
  "yCenter": 0.7006939, 
  "height": 0.2118964
}