{
  "width": 0.20533861, 
  "rotation": 2.7386553, 
  "xCenter": 0.8777467, 
  "yCenter": 0.7709896, 
  "height": 0.25667328
}