{
  "width": 0.19391733, 
  "rotation": 2.727855, 
  "xCenter": 0.7044691, 
  "yCenter": 0.6973169, 
  "height": 0.24239665
}