{
  "width": 0.16925895, 
  "rotation": -3.0470202, 
  "xCenter": 0.918997, 
  "yCenter": 0.67799336, 
  "height": 0.21157368
}