{
  "width": 0.22296436, 
  "rotation": -3.002214, 
  "xCenter": 0.8527131, 
  "yCenter": 0.732503, 
  "height": 0.27870545
}