{
  "width": 0.16301636, 
  "rotation": -2.9788804, 
  "xCenter": 0.50345194, 
  "yCenter": 0.68957514, 
  "height": 0.20377044
}