{
  "width": 0.19606137, 
  "rotation": -2.9855597, 
  "xCenter": 0.8479465, 
  "yCenter": 0.69897324, 
  "height": 0.2450767
}