{
  "width": 0.16405398, 
  "rotation": 2.4025087, 
  "xCenter": 0.09176983, 
  "yCenter": 0.35213917, 
  "height": 0.20506747
}