{
  "width": 0.08664186, 
  "rotation": 2.6726837, 
  "xCenter": 0.43327662, 
  "yCenter": 0.48924923, 
  "height": 0.108302325
}