{
  "width": 0.09031618, 
  "rotation": 2.1257277, 
  "xCenter": 0.2894307, 
  "yCenter": 0.3629149, 
  "height": 0.11289521
}