{
  "width": 0.20000154, 
  "rotation": 2.880424, 
  "xCenter": 0.7031863, 
  "yCenter": 0.707054, 
  "height": 0.2500019
}