{
  "width": 0.19868799, 
  "rotation": 2.969336, 
  "xCenter": 0.66151637, 
  "yCenter": 0.7406043, 
  "height": 0.24835998
}