{
  "width": 0.17974591, 
  "rotation": 2.778677, 
  "xCenter": 0.97307944, 
  "yCenter": 0.6836825, 
  "height": 0.22468238
}