{
  "width": 0.14516203, 
  "rotation": 3.0228398, 
  "xCenter": 0.5127285, 
  "yCenter": 0.68378043, 
  "height": 0.18145254
}