{
  "width": 0.20224088, 
  "rotation": 2.9608703, 
  "xCenter": 0.66749394, 
  "yCenter": 0.73834485, 
  "height": 0.2528011
}