{
  "width": 0.08837475, 
  "rotation": 2.479712, 
  "xCenter": 0.11434423, 
  "yCenter": 0.3030154, 
  "height": 0.11046843
}