{
  "width": 0.1791536, 
  "rotation": 2.842054, 
  "xCenter": 0.9027249, 
  "yCenter": 0.70183134, 
  "height": 0.223942
}