{
  "width": 0.2120737, 
  "rotation": 2.7685475, 
  "xCenter": 0.69200164, 
  "yCenter": 0.7158463, 
  "height": 0.26509213
}