{
  "width": 0.18417795, 
  "rotation": 2.9625447, 
  "xCenter": 0.63652277, 
  "yCenter": 0.68387336, 
  "height": 0.23022243
}