{
  "width": 0.19499733, 
  "rotation": -3.1085367, 
  "xCenter": 0.6693935, 
  "yCenter": 0.72647345, 
  "height": 0.24374665
}