{
  "width": 0.08628674, 
  "rotation": 2.6853292, 
  "xCenter": 0.39001167, 
  "yCenter": 0.44356835, 
  "height": 0.10785842
}