{
  "width": 0.17065954, 
  "rotation": 2.4211545, 
  "xCenter": 0.09107004, 
  "yCenter": 0.35510084, 
  "height": 0.21332444
}