{
  "width": 0.19988345, 
  "rotation": 2.8007069, 
  "xCenter": 0.6943825, 
  "yCenter": 0.7086012, 
  "height": 0.2498543
}