{
  "width": 0.16273059, 
  "rotation": -2.8259125, 
  "xCenter": 0.45538655, 
  "yCenter": 0.6745829, 
  "height": 0.20341323
}