{
  "width": 0.15357716, 
  "rotation": 2.8047066, 
  "xCenter": 0.9234646, 
  "yCenter": 0.606173, 
  "height": 0.19197147
}