{
  "width": 0.18345624, 
  "rotation": 2.768621, 
  "xCenter": 0.9033617, 
  "yCenter": 0.6925505, 
  "height": 0.2293203
}