{
  "width": 0.20049194, 
  "rotation": -2.401201, 
  "xCenter": 0.5515909, 
  "yCenter": 0.41096872, 
  "height": 0.2506149
}