{
  "width": 0.15275969, 
  "rotation": 2.8687344, 
  "xCenter": 0.6299754, 
  "yCenter": 0.75730664, 
  "height": 0.19094962
}