{
  "width": 0.1895764, 
  "rotation": 2.7690268, 
  "xCenter": 0.7009037, 
  "yCenter": 0.73389333, 
  "height": 0.2369705
}