{
  "width": 0.1906034, 
  "rotation": 2.757382, 
  "xCenter": 0.90004635, 
  "yCenter": 0.7045404, 
  "height": 0.23825425
}