{
  "width": 0.15950671, 
  "rotation": -3.0042398, 
  "xCenter": 0.83140147, 
  "yCenter": 0.68844205, 
  "height": 0.1993834
}