{
  "width": 0.08648682, 
  "rotation": -0.3753792, 
  "xCenter": 0.301611, 
  "yCenter": 0.34484062, 
  "height": 0.10810851
}