{
  "width": 0.1880363, 
  "rotation": 2.9623213, 
  "xCenter": 0.69581234, 
  "yCenter": 0.7023206, 
  "height": 0.23504536
}