{
  "width": 0.17421526, 
  "rotation": -3.0081067, 
  "xCenter": 0.6079211, 
  "yCenter": 0.71549445, 
  "height": 0.21776907
}