{
  "width": 0.17374136, 
  "rotation": 3.04738, 
  "xCenter": 0.6326764, 
  "yCenter": 0.69966453, 
  "height": 0.21717669
}