{
  "width": 0.19081262, 
  "rotation": -3.0174658, 
  "xCenter": 0.6701994, 
  "yCenter": 0.7559808, 
  "height": 0.23851576
}