{
  "width": 0.17268088, 
  "rotation": -3.0609033, 
  "xCenter": 0.88591397, 
  "yCenter": 0.70412767, 
  "height": 0.2158511
}