{
  "width": 0.22470656, 
  "rotation": 2.9534986, 
  "xCenter": 0.89217496, 
  "yCenter": 0.76255363, 
  "height": 0.2808832
}