{
  "width": 0.18760283, 
  "rotation": -3.06141, 
  "xCenter": 0.6541707, 
  "yCenter": 0.72537327, 
  "height": 0.23450354
}