{
  "width": 0.16824667, 
  "rotation": -3.0266755, 
  "xCenter": 0.816884, 
  "yCenter": 0.77672476, 
  "height": 0.21030833
}