{
  "width": 0.16165307, 
  "rotation": -2.983011, 
  "xCenter": 0.79580575, 
  "yCenter": 0.74531245, 
  "height": 0.20206635
}