{
  "width": 0.15855584, 
  "rotation": 3.0485158, 
  "xCenter": 0.8914871, 
  "yCenter": 0.70326585, 
  "height": 0.1981948
}