{
  "width": 0.17128289, 
  "rotation": -2.8104599, 
  "xCenter": 0.4793128, 
  "yCenter": 0.6832175, 
  "height": 0.2141036
}