{
  "width": 0.19460122, 
  "rotation": 2.8109488, 
  "xCenter": 0.6970933, 
  "yCenter": 0.7385139, 
  "height": 0.24325152
}