{
  "width": 0.1938662, 
  "rotation": 3.11373, 
  "xCenter": 0.67858386, 
  "yCenter": 0.7198606, 
  "height": 0.24233273
}