{
  "width": 0.21114789, 
  "rotation": 2.943356, 
  "xCenter": 0.88984734, 
  "yCenter": 0.72012514, 
  "height": 0.26393488
}