{
  "width": 0.15596993, 
  "rotation": -2.9521155, 
  "xCenter": 0.5019623, 
  "yCenter": 0.6884049, 
  "height": 0.19496243
}