{
  "width": 0.08694437, 
  "rotation": 2.6684566, 
  "xCenter": 0.42796615, 
  "yCenter": 0.48823726, 
  "height": 0.10868046
}