{
  "width": 0.08229581, 
  "rotation": -2.8822675, 
  "xCenter": 0.4351624, 
  "yCenter": 0.42540103, 
  "height": 0.102869764
}