{
  "width": 0.1702094, 
  "rotation": -3.021777, 
  "xCenter": 0.8834489, 
  "yCenter": 0.7025682, 
  "height": 0.21276173
}