{
  "width": 0.17638208, 
  "rotation": 2.856893, 
  "xCenter": 0.9014153, 
  "yCenter": 0.6989998, 
  "height": 0.2204776
}