{
  "width": 0.20191652, 
  "rotation": 2.7827506, 
  "xCenter": 0.7167587, 
  "yCenter": 0.70848393, 
  "height": 0.25239566
}