{
  "width": 0.08691488, 
  "rotation": 2.4732132, 
  "xCenter": 0.39796776, 
  "yCenter": 0.15305172, 
  "height": 0.10864361
}