{
  "width": 0.17914756, 
  "rotation": 2.761373, 
  "xCenter": 0.8898095, 
  "yCenter": 0.6831401, 
  "height": 0.22393444
}