{
  "width": 0.16289726, 
  "rotation": -3.0433338, 
  "xCenter": 0.50724584, 
  "yCenter": 0.6905798, 
  "height": 0.20362158
}