{
  "width": 0.15823127, 
  "rotation": -1.7687377, 
  "xCenter": 0.05230101, 
  "yCenter": 0.33932203, 
  "height": 0.19778909
}