{
  "width": 0.21727441, 
  "rotation": -3.021613, 
  "xCenter": 0.8548255, 
  "yCenter": 0.72908723, 
  "height": 0.271593
}