{
  "width": 0.2118916, 
  "rotation": 2.8661685, 
  "xCenter": 0.69279146, 
  "yCenter": 0.72164756, 
  "height": 0.2648645
}