{
  "width": 0.15354788, 
  "rotation": 2.9122725, 
  "xCenter": 0.8014116, 
  "yCenter": 0.71920073, 
  "height": 0.19193485
}