{
  "width": 0.21682452, 
  "rotation": 3.0378332, 
  "xCenter": 0.86833775, 
  "yCenter": 0.75127286, 
  "height": 0.27103066
}