{
  "width": 0.14340264, 
  "rotation": 3.049543, 
  "xCenter": 0.6106277, 
  "yCenter": 0.7332286, 
  "height": 0.1792533
}