{
  "width": 0.19489257, 
  "rotation": 2.8710866, 
  "xCenter": 0.88153625, 
  "yCenter": 0.7620407, 
  "height": 0.2436157
}