{
  "width": 0.203476, 
  "rotation": 3.0172386, 
  "xCenter": 0.86135036, 
  "yCenter": 0.7707429, 
  "height": 0.254345
}