{
  "width": 0.07796026, 
  "rotation": -1.0569731, 
  "xCenter": 0.5986891, 
  "yCenter": 0.43950963, 
  "height": 0.09745032
}