{
  "width": 0.173925, 
  "rotation": 2.92209, 
  "xCenter": 0.9032528, 
  "yCenter": 0.7045845, 
  "height": 0.21740624
}