{
  "width": 0.19891906, 
  "rotation": -3.0107238, 
  "xCenter": 0.8518918, 
  "yCenter": 0.74401784, 
  "height": 0.2486488
}