{
  "width": 0.14916542, 
  "rotation": 2.894858, 
  "xCenter": 0.57852703, 
  "yCenter": 0.688723, 
  "height": 0.18645678
}