{
  "width": 0.18271363, 
  "rotation": -3.0318005, 
  "xCenter": 0.87639904, 
  "yCenter": 0.67959934, 
  "height": 0.22839202
}