{
  "width": 0.14406653, 
  "rotation": -3.0779083, 
  "xCenter": 0.7843544, 
  "yCenter": 0.7483398, 
  "height": 0.18008317
}