{
  "width": 0.13986291, 
  "rotation": 3.085926, 
  "xCenter": 0.60981107, 
  "yCenter": 0.7292102, 
  "height": 0.17482865
}