{
  "width": 0.17138672, 
  "rotation": -3.0947087, 
  "xCenter": 0.6988185, 
  "yCenter": 0.4803651, 
  "height": 0.21423338
}