{
  "width": 0.15324552, 
  "rotation": 2.926035, 
  "xCenter": 0.6284209, 
  "yCenter": 0.75753576, 
  "height": 0.19155692
}