{
  "width": 0.18023205, 
  "rotation": 2.8088374, 
  "xCenter": 0.8876801, 
  "yCenter": 0.687326, 
  "height": 0.22529006
}