{
  "width": 0.15162638, 
  "rotation": -2.9600136, 
  "xCenter": 0.50759494, 
  "yCenter": 0.6672394, 
  "height": 0.18953298
}