{
  "width": 0.17683181, 
  "rotation": -3.0757134, 
  "xCenter": 0.5998439, 
  "yCenter": 0.7149978, 
  "height": 0.22103976
}