{
  "width": 0.20208853, 
  "rotation": -2.9181392, 
  "xCenter": 0.84313345, 
  "yCenter": 0.6918658, 
  "height": 0.25261068
}