{
  "width": 0.16515559, 
  "rotation": -2.9207284, 
  "xCenter": 0.82467055, 
  "yCenter": 0.6856086, 
  "height": 0.20644449
}