{
  "width": 0.19272032, 
  "rotation": 2.9677224, 
  "xCenter": 0.8619279, 
  "yCenter": 0.7271918, 
  "height": 0.2409004
}