{
  "width": 0.16409078, 
  "rotation": -3.0363996, 
  "xCenter": 0.8932832, 
  "yCenter": 0.6975724, 
  "height": 0.20511347
}