{
  "width": 0.17048168, 
  "rotation": -3.0015905, 
  "xCenter": 0.8441892, 
  "yCenter": 0.7062926, 
  "height": 0.21310209
}