{
  "width": 0.19424307, 
  "rotation": 3.0384288, 
  "xCenter": 0.8546897, 
  "yCenter": 0.7811413, 
  "height": 0.24280384
}