{
  "width": 0.21049918, 
  "rotation": 2.8831072, 
  "xCenter": 0.6844904, 
  "yCenter": 0.71955794, 
  "height": 0.263124
}