{
  "width": 0.1151198, 
  "rotation": 2.0601587, 
  "xCenter": 0.10222083, 
  "yCenter": 0.16685888, 
  "height": 0.14389975
}