{
  "width": 0.21610871, 
  "rotation": 2.901918, 
  "xCenter": 0.89317334, 
  "yCenter": 0.7224559, 
  "height": 0.27013588
}