{
  "width": 0.19307134, 
  "rotation": 2.7813373, 
  "xCenter": 0.69587314, 
  "yCenter": 0.7031393, 
  "height": 0.24133916
}