{
  "width": 0.17696431, 
  "rotation": 3.010603, 
  "xCenter": 0.6523795, 
  "yCenter": 0.7657421, 
  "height": 0.22120538
}