{
  "width": 0.17722389, 
  "rotation": 2.6761508, 
  "xCenter": 0.98205584, 
  "yCenter": 0.68153685, 
  "height": 0.22152986
}