{
  "width": 0.14548653, 
  "rotation": 3.0304592, 
  "xCenter": 0.5645824, 
  "yCenter": 0.6852069, 
  "height": 0.18185818
}