{
  "width": 0.19665506, 
  "rotation": -2.978193, 
  "xCenter": 0.84650517, 
  "yCenter": 0.69850194, 
  "height": 0.24581882
}