{
  "width": 0.22427063, 
  "rotation": -3.0108254, 
  "xCenter": 0.8529282, 
  "yCenter": 0.73340285, 
  "height": 0.2803383
}