{
  "width": 0.16171862, 
  "rotation": -3.0228312, 
  "xCenter": 0.6188158, 
  "yCenter": 0.7598815, 
  "height": 0.20214829
}