{
  "width": 0.1503897, 
  "rotation": -3.1372573, 
  "xCenter": 0.61642194, 
  "yCenter": 0.7396986, 
  "height": 0.18798713
}