{
  "width": 0.21773747, 
  "rotation": -3.0443938, 
  "xCenter": 0.85834426, 
  "yCenter": 0.739043, 
  "height": 0.27217183
}