{
  "width": 0.1398158, 
  "rotation": 2.9295688, 
  "xCenter": 0.6195819, 
  "yCenter": 0.73888975, 
  "height": 0.17476976
}