{
  "width": 0.18507028, 
  "rotation": 3.0440354, 
  "xCenter": 0.6368964, 
  "yCenter": 0.6911142, 
  "height": 0.23133785
}