{
  "width": 0.16427721, 
  "rotation": -3.0676477, 
  "xCenter": 0.62119335, 
  "yCenter": 0.74457675, 
  "height": 0.20534651
}