{
  "width": 0.18017037, 
  "rotation": -3.1227834, 
  "xCenter": 0.60092515, 
  "yCenter": 0.71733415, 
  "height": 0.22521296
}