{
  "width": 0.19531131, 
  "rotation": -2.9949248, 
  "xCenter": 0.85976803, 
  "yCenter": 0.7408458, 
  "height": 0.24413912
}