{
  "width": 0.18903446, 
  "rotation": 3.054914, 
  "xCenter": 0.6650813, 
  "yCenter": 0.77779627, 
  "height": 0.23629308
}