{
  "width": 0.20952843, 
  "rotation": 2.8641586, 
  "xCenter": 0.68766224, 
  "yCenter": 0.7280196, 
  "height": 0.26191056
}