{
  "width": 0.07056172, 
  "rotation": 2.3714333, 
  "xCenter": 0.49215811, 
  "yCenter": 0.33075187, 
  "height": 0.08820215
}