{
  "width": 0.14179076, 
  "rotation": -3.0449827, 
  "xCenter": 0.8632221, 
  "yCenter": 0.6583131, 
  "height": 0.17723846
}