{
  "width": 0.15935864, 
  "rotation": -2.8506596, 
  "xCenter": 0.45608595, 
  "yCenter": 0.67433614, 
  "height": 0.19919829
}