{
  "width": 0.15997441, 
  "rotation": -3.0976226, 
  "xCenter": 0.6376223, 
  "yCenter": 0.7243825, 
  "height": 0.19996803
}