{
  "width": 0.178837, 
  "rotation": 2.7574408, 
  "xCenter": 0.85432, 
  "yCenter": 0.67830473, 
  "height": 0.22354624
}