{
  "width": 0.16243583, 
  "rotation": 3.0055985, 
  "xCenter": 0.68588835, 
  "yCenter": 0.74966913, 
  "height": 0.2030448
}