{
  "width": 0.15922064, 
  "rotation": 3.1269178, 
  "xCenter": 0.627521, 
  "yCenter": 0.76062894, 
  "height": 0.1990258
}