{
  "width": 0.17489466, 
  "rotation": 2.8288732, 
  "xCenter": 0.86196494, 
  "yCenter": 0.668346, 
  "height": 0.21861832
}