{
  "width": 0.16675785, 
  "rotation": -3.039364, 
  "xCenter": 0.61396074, 
  "yCenter": 0.7440092, 
  "height": 0.2084473
}