{
  "width": 0.16624676, 
  "rotation": -2.946018, 
  "xCenter": 0.61255527, 
  "yCenter": 0.75782704, 
  "height": 0.20780843
}