{
  "width": 0.17756778, 
  "rotation": 2.7513247, 
  "xCenter": 0.8576346, 
  "yCenter": 0.67449594, 
  "height": 0.22195971
}