{
  "width": 0.1749661, 
  "rotation": 2.7284234, 
  "xCenter": 0.8590789, 
  "yCenter": 0.67214197, 
  "height": 0.21870762
}