{
  "width": 0.16988163, 
  "rotation": -3.1188786, 
  "xCenter": 0.9048869, 
  "yCenter": 0.7108316, 
  "height": 0.21235202
}