{
  "width": 0.2167506, 
  "rotation": 2.9461575, 
  "xCenter": 0.8692881, 
  "yCenter": 0.75808185, 
  "height": 0.27093825
}