{
  "width": 0.11032616, 
  "rotation": -0.62783015, 
  "xCenter": 0.31885085, 
  "yCenter": 0.3476579, 
  "height": 0.13790771
}