{
  "width": 0.14957114, 
  "rotation": -3.1375706, 
  "xCenter": 0.5546983, 
  "yCenter": 0.63899106, 
  "height": 0.18696393
}