{
  "width": 0.17801595, 
  "rotation": -2.9515913, 
  "xCenter": 0.82667565, 
  "yCenter": 0.76113904, 
  "height": 0.22251993
}