{
  "width": 0.13947904, 
  "rotation": 3.0522711, 
  "xCenter": 0.6101862, 
  "yCenter": 0.7287842, 
  "height": 0.17434882
}