{
  "width": 0.164481, 
  "rotation": -2.9567316, 
  "xCenter": 0.5045862, 
  "yCenter": 0.6904126, 
  "height": 0.20560125
}