{
  "width": 0.13708566, 
  "rotation": -2.273762, 
  "xCenter": 0.63673013, 
  "yCenter": 0.64479506, 
  "height": 0.17135708
}