{
  "width": 0.2008796, 
  "rotation": -3.107508, 
  "xCenter": 0.87387866, 
  "yCenter": 0.7501535, 
  "height": 0.2510995
}