{
  "width": 0.1333096, 
  "rotation": -3.0664337, 
  "xCenter": 0.5265045, 
  "yCenter": 0.54275775, 
  "height": 0.16663702
}