{
  "width": 0.161663, 
  "rotation": -3.1387274, 
  "xCenter": 0.90820026, 
  "yCenter": 0.70208037, 
  "height": 0.20207874
}