{
  "width": 0.14482063, 
  "rotation": -3.0867054, 
  "xCenter": 0.55398315, 
  "yCenter": 0.64134794, 
  "height": 0.18102579
}