{
  "width": 0.21497725, 
  "rotation": -3.030454, 
  "xCenter": 0.8581806, 
  "yCenter": 0.7402367, 
  "height": 0.26872158
}