{
  "width": 0.1410004, 
  "rotation": -2.9722965, 
  "xCenter": 0.78565985, 
  "yCenter": 0.7497757, 
  "height": 0.17625052
}