{
  "width": 0.19992699, 
  "rotation": 3.0740933, 
  "xCenter": 0.6715885, 
  "yCenter": 0.75452006, 
  "height": 0.24990873
}