{
  "width": 0.13221148, 
  "rotation": 3.028202, 
  "xCenter": 0.62483245, 
  "yCenter": 0.7372124, 
  "height": 0.16526435
}