{
  "width": 0.1981645, 
  "rotation": -2.9091034, 
  "xCenter": 0.84490144, 
  "yCenter": 0.69562674, 
  "height": 0.24770561
}