{
  "width": 0.16504681, 
  "rotation": -2.9543874, 
  "xCenter": 0.8268569, 
  "yCenter": 0.6881136, 
  "height": 0.2063085
}