{
  "width": 0.14396673, 
  "rotation": 2.9948406, 
  "xCenter": 0.61388546, 
  "yCenter": 0.73803616, 
  "height": 0.17995842
}