{
  "width": 0.5964774, 
  "rotation": -1.4796273, 
  "xCenter": 0.2607662, 
  "yCenter": 0.43745938, 
  "height": 0.74559677
}