{
  "width": 0.17414336, 
  "rotation": -3.0624561, 
  "xCenter": 0.9173835, 
  "yCenter": 0.684571, 
  "height": 0.21767919
}