{
  "width": 0.15432955, 
  "rotation": -2.9143407, 
  "xCenter": 0.50821346, 
  "yCenter": 0.6622995, 
  "height": 0.19291195
}