{
  "width": 0.16667928, 
  "rotation": 3.1373887, 
  "xCenter": 0.9156082, 
  "yCenter": 0.69501144, 
  "height": 0.2083491
}