{
  "width": 0.16167477, 
  "rotation": -2.902601, 
  "xCenter": 0.6214237, 
  "yCenter": 0.75624573, 
  "height": 0.20209347
}