{
  "width": 0.08862915, 
  "rotation": -0.81200707, 
  "xCenter": 0.4162167, 
  "yCenter": 0.2768441, 
  "height": 0.11078643
}