{
  "width": 0.17288017, 
  "rotation": -2.9783192, 
  "xCenter": 0.6047151, 
  "yCenter": 0.7155584, 
  "height": 0.21610022
}