{
  "width": 0.2127379, 
  "rotation": 2.8722386, 
  "xCenter": 0.6824133, 
  "yCenter": 0.7320853, 
  "height": 0.2659224
}