{
  "width": 0.1653132, 
  "rotation": -2.925314, 
  "xCenter": 0.82482874, 
  "yCenter": 0.686109, 
  "height": 0.2066415
}