{
  "width": 0.20703214, 
  "rotation": 2.8900595, 
  "xCenter": 0.68645716, 
  "yCenter": 0.7299425, 
  "height": 0.2587902
}