{
  "width": 0.2217218, 
  "rotation": -3.032594, 
  "xCenter": 0.85903114, 
  "yCenter": 0.7424788, 
  "height": 0.27715224
}