{
  "width": 0.20257872, 
  "rotation": 2.779055, 
  "xCenter": 0.7164317, 
  "yCenter": 0.7070551, 
  "height": 0.2532234
}