{
  "width": 0.14220393, 
  "rotation": -2.9588583, 
  "xCenter": 0.784578, 
  "yCenter": 0.71709174, 
  "height": 0.17775491
}