{
  "width": 0.14478838, 
  "rotation": 3.056748, 
  "xCenter": 0.56289536, 
  "yCenter": 0.6801213, 
  "height": 0.1809855
}