{
  "width": 0.11058893, 
  "rotation": -2.961189, 
  "xCenter": 0.8778749, 
  "yCenter": 0.6856027, 
  "height": 0.13823617
}