{
  "width": 0.13467848, 
  "rotation": -2.8659413, 
  "xCenter": 0.5403007, 
  "yCenter": 0.6887765, 
  "height": 0.1683481
}