{
  "width": 0.089005806, 
  "rotation": 2.52002, 
  "xCenter": 0.44897768, 
  "yCenter": 0.1974734, 
  "height": 0.111257255
}