{
  "width": 0.20199788, 
  "rotation": 2.78258, 
  "xCenter": 0.71507293, 
  "yCenter": 0.7073124, 
  "height": 0.25249735
}