{
  "width": 0.15985656, 
  "rotation": -3.1260488, 
  "xCenter": 0.5100203, 
  "yCenter": 0.6773458, 
  "height": 0.1998207
}