{
  "width": 0.16735202, 
  "rotation": 3.0370812, 
  "xCenter": 0.63114876, 
  "yCenter": 0.6901442, 
  "height": 0.20919001
}