{
  "width": 0.08797013, 
  "rotation": 2.5221462, 
  "xCenter": 0.4487898, 
  "yCenter": 0.19733948, 
  "height": 0.10996266
}