{
  "width": 0.16717519, 
  "rotation": 2.8527694, 
  "xCenter": 0.8919566, 
  "yCenter": 0.6956933, 
  "height": 0.20896898
}