{
  "width": 0.18346198, 
  "rotation": 2.961163, 
  "xCenter": 0.63904625, 
  "yCenter": 0.7697251, 
  "height": 0.22932747
}