{
  "width": 0.21930423, 
  "rotation": -3.0065167, 
  "xCenter": 0.8572873, 
  "yCenter": 0.7403071, 
  "height": 0.27413028
}