{
  "width": 0.15887178, 
  "rotation": 2.9049187, 
  "xCenter": 0.58750176, 
  "yCenter": 0.6995245, 
  "height": 0.19858974
}