{
  "width": 0.15748556, 
  "rotation": 2.8425627, 
  "xCenter": 0.8155378, 
  "yCenter": 0.734013, 
  "height": 0.19685696
}