{
  "width": 0.16273214, 
  "rotation": -3.1016119, 
  "xCenter": 0.6080005, 
  "yCenter": 0.7399802, 
  "height": 0.20341517
}