{
  "width": 0.15984719, 
  "rotation": 3.0032926, 
  "xCenter": 0.6379555, 
  "yCenter": 0.7599833, 
  "height": 0.19980898
}