{
  "width": 0.19144428, 
  "rotation": 3.0978034, 
  "xCenter": 0.8485065, 
  "yCenter": 0.74913883, 
  "height": 0.23930535
}