{
  "width": 0.18921377, 
  "rotation": 3.0952559, 
  "xCenter": 0.67364204, 
  "yCenter": 0.74208486, 
  "height": 0.2365172
}