{
  "width": 0.15381706, 
  "rotation": -2.9765027, 
  "xCenter": 0.5085562, 
  "yCenter": 0.6693914, 
  "height": 0.19227134
}