{
  "width": 0.17617318, 
  "rotation": 3.0079565, 
  "xCenter": 0.8209842, 
  "yCenter": 0.7696837, 
  "height": 0.22021647
}