{
  "width": 0.14624947, 
  "rotation": -2.8920863, 
  "xCenter": 0.49812934, 
  "yCenter": 0.6879094, 
  "height": 0.18281184
}