{
  "width": 0.20260304, 
  "rotation": 2.8124175, 
  "xCenter": 0.68090606, 
  "yCenter": 0.72512645, 
  "height": 0.25325382
}