{
  "width": 0.12004338, 
  "rotation": 1.3465582, 
  "xCenter": 0.5249177, 
  "yCenter": 0.3272398, 
  "height": 0.15005423
}