{
  "width": 0.19939715, 
  "rotation": -2.9762628, 
  "xCenter": 0.84774375, 
  "yCenter": 0.74600387, 
  "height": 0.24924642
}