{
  "width": 0.16431573, 
  "rotation": -3.074304, 
  "xCenter": 0.5067992, 
  "yCenter": 0.69035023, 
  "height": 0.20539466
}