{
  "width": 0.2036863, 
  "rotation": 2.895225, 
  "xCenter": 0.69501203, 
  "yCenter": 0.7135257, 
  "height": 0.2546079
}