{
  "width": 0.16873747, 
  "rotation": 2.9978244, 
  "xCenter": 0.6868433, 
  "yCenter": 0.74798125, 
  "height": 0.21092182
}