{
  "width": 0.21044526, 
  "rotation": 2.9133837, 
  "xCenter": 0.89259475, 
  "yCenter": 0.7206633, 
  "height": 0.26305658
}