{
  "width": 0.16018757, 
  "rotation": -2.859159, 
  "xCenter": 0.49812242, 
  "yCenter": 0.6820321, 
  "height": 0.20023447
}