{
  "width": 0.19764224, 
  "rotation": 3.1415062, 
  "xCenter": 0.6677117, 
  "yCenter": 0.72513986, 
  "height": 0.24705279
}