{
  "width": 0.16320093, 
  "rotation": -3.0371096, 
  "xCenter": 0.5395255, 
  "yCenter": 0.6835871, 
  "height": 0.20400116
}