{
  "width": 0.17690542, 
  "rotation": 3.066166, 
  "xCenter": 0.6322602, 
  "yCenter": 0.7670796, 
  "height": 0.22113177
}