{
  "width": 0.15367046, 
  "rotation": 2.8271368, 
  "xCenter": 0.5852618, 
  "yCenter": 0.69057417, 
  "height": 0.19208808
}