{
  "width": 0.15157276, 
  "rotation": -2.9847057, 
  "xCenter": 0.5318705, 
  "yCenter": 0.67135996, 
  "height": 0.18946595
}