{
  "width": 0.21864204, 
  "rotation": -3.1104476, 
  "xCenter": 0.8747559, 
  "yCenter": 0.7505183, 
  "height": 0.27330256
}