{
  "width": 0.19862956, 
  "rotation": 3.0214658, 
  "xCenter": 0.66277575, 
  "yCenter": 0.77061725, 
  "height": 0.24828695
}