{
  "width": 0.17014213, 
  "rotation": -3.0718665, 
  "xCenter": 0.86783403, 
  "yCenter": 0.71269447, 
  "height": 0.21267766
}