{
  "width": 0.20791177, 
  "rotation": 2.8072686, 
  "xCenter": 0.68319577, 
  "yCenter": 0.7232011, 
  "height": 0.25988972
}