{
  "width": 0.17778412, 
  "rotation": 2.7427187, 
  "xCenter": 0.85512877, 
  "yCenter": 0.6781158, 
  "height": 0.22223014
}