{
  "width": 0.20295747, 
  "rotation": 3.051653, 
  "xCenter": 0.6715842, 
  "yCenter": 0.75481784, 
  "height": 0.25369683
}