{
  "width": 0.16182633, 
  "rotation": -2.9131498, 
  "xCenter": 0.5109901, 
  "yCenter": 0.68681645, 
  "height": 0.20228292
}