{
  "width": 0.19419566, 
  "rotation": 3.1283727, 
  "xCenter": 0.84283346, 
  "yCenter": 0.7861771, 
  "height": 0.24274457
}