{
  "width": 0.1709497, 
  "rotation": 2.7433074, 
  "xCenter": 0.9716413, 
  "yCenter": 0.68191093, 
  "height": 0.2136871
}