{
  "width": 0.20108727, 
  "rotation": 2.8751817, 
  "xCenter": 0.8769707, 
  "yCenter": 0.7162348, 
  "height": 0.25135908
}