{
  "width": 0.17040604, 
  "rotation": -3.095833, 
  "xCenter": 0.6489313, 
  "yCenter": 0.72570956, 
  "height": 0.21300755
}