{
  "width": 0.22548065, 
  "rotation": -2.978695, 
  "xCenter": 0.85298914, 
  "yCenter": 0.73906493, 
  "height": 0.2818508
}