{
  "width": 0.26513878, 
  "rotation": -1.1524187, 
  "xCenter": 0.7304597, 
  "yCenter": 0.44268888, 
  "height": 0.33142346
}