{
  "width": 0.21546991, 
  "rotation": 2.8777761, 
  "xCenter": 0.69196045, 
  "yCenter": 0.7227126, 
  "height": 0.2693374
}