{
  "width": 0.17779186, 
  "rotation": 2.8065853, 
  "xCenter": 0.85197574, 
  "yCenter": 0.68824697, 
  "height": 0.22223982
}