{
  "width": 0.21726279, 
  "rotation": 2.9666586, 
  "xCenter": 0.89151466, 
  "yCenter": 0.762453, 
  "height": 0.2715785
}