{
  "width": 0.16708298, 
  "rotation": -2.9687896, 
  "xCenter": 0.8318371, 
  "yCenter": 0.69382983, 
  "height": 0.20885372
}