{
  "width": 0.16691205, 
  "rotation": -3.0730808, 
  "xCenter": 0.88309497, 
  "yCenter": 0.70309734, 
  "height": 0.20864005
}