{
  "width": 0.112688385, 
  "rotation": -0.86687005, 
  "xCenter": 0.45552358, 
  "yCenter": 0.27621883, 
  "height": 0.14086048
}