{
  "width": 0.17891774, 
  "rotation": 3.0705738, 
  "xCenter": 0.63208294, 
  "yCenter": 0.76800907, 
  "height": 0.22364716
}