{
  "width": 0.1955467, 
  "rotation": 2.8301282, 
  "xCenter": 0.8927586, 
  "yCenter": 0.7421931, 
  "height": 0.24443337
}