{
  "width": 0.17971785, 
  "rotation": -2.9251885, 
  "xCenter": 0.8206406, 
  "yCenter": 0.7603826, 
  "height": 0.22464731
}