{
  "width": 0.119591944, 
  "rotation": -2.8505542, 
  "xCenter": 0.60895014, 
  "yCenter": 0.6920164, 
  "height": 0.14948994
}