{
  "width": 0.22166446, 
  "rotation": 3.0635757, 
  "xCenter": 0.8660105, 
  "yCenter": 0.75066334, 
  "height": 0.27708057
}