{
  "width": 0.08361115, 
  "rotation": 2.669393, 
  "xCenter": 0.43375432, 
  "yCenter": 0.4888837, 
  "height": 0.104513936
}