{
  "width": 0.14394473, 
  "rotation": 2.8215294, 
  "xCenter": 0.89422923, 
  "yCenter": 0.5456406, 
  "height": 0.17993091
}