{
  "width": 0.19110288, 
  "rotation": 2.7773352, 
  "xCenter": 0.70161194, 
  "yCenter": 0.73538613, 
  "height": 0.2388786
}