{
  "width": 0.20478086, 
  "rotation": -2.989295, 
  "xCenter": 0.84870034, 
  "yCenter": 0.74753773, 
  "height": 0.25597608
}