{
  "width": 0.14362471, 
  "rotation": 3.0685873, 
  "xCenter": 0.6108317, 
  "yCenter": 0.73478603, 
  "height": 0.17953089
}