{
  "width": 0.14715822, 
  "rotation": -2.9292703, 
  "xCenter": 0.78353363, 
  "yCenter": 0.7539367, 
  "height": 0.18394779
}