{
  "width": 0.1790769, 
  "rotation": 3.1150808, 
  "xCenter": 0.6503564, 
  "yCenter": 0.77533484, 
  "height": 0.22384611
}