{
  "width": 0.17476758, 
  "rotation": 2.802044, 
  "xCenter": 0.86315554, 
  "yCenter": 0.6688881, 
  "height": 0.21845947
}