{
  "width": 0.19736964, 
  "rotation": 3.1352181, 
  "xCenter": 0.66645724, 
  "yCenter": 0.7262897, 
  "height": 0.24671204
}