{
  "width": 0.15939946, 
  "rotation": 2.8087602, 
  "xCenter": 0.8137437, 
  "yCenter": 0.7237222, 
  "height": 0.19924934
}