{
  "width": 0.23228191, 
  "rotation": -3.0157943, 
  "xCenter": 0.84969634, 
  "yCenter": 0.7333467, 
  "height": 0.29035237
}