{
  "width": 0.21079533, 
  "rotation": 3.0012913, 
  "xCenter": 0.88621277, 
  "yCenter": 0.7678282, 
  "height": 0.26349416
}