{
  "width": 0.19362113, 
  "rotation": 3.0558305, 
  "xCenter": 0.89448917, 
  "yCenter": 0.69047016, 
  "height": 0.24202642
}