{
  "width": 0.19032198, 
  "rotation": 3.133586, 
  "xCenter": 0.84897065, 
  "yCenter": 0.7459875, 
  "height": 0.23790246
}