{
  "width": 0.16354094, 
  "rotation": -2.9923885, 
  "xCenter": 0.61338955, 
  "yCenter": 0.75484467, 
  "height": 0.20442617
}