{
  "width": 0.2036209, 
  "rotation": 2.8128018, 
  "xCenter": 0.87917125, 
  "yCenter": 0.7627205, 
  "height": 0.25452614
}