{
  "width": 0.1850664, 
  "rotation": 2.9735165, 
  "xCenter": 0.67521644, 
  "yCenter": 0.7141198, 
  "height": 0.231333
}