{
  "width": 0.2115437, 
  "rotation": 2.872363, 
  "xCenter": 0.69254, 
  "yCenter": 0.7219568, 
  "height": 0.26442963
}