{
  "width": 0.1827832, 
  "rotation": 3.089701, 
  "xCenter": 0.6846726, 
  "yCenter": 0.7242225, 
  "height": 0.228479
}