{
  "width": 0.21124227, 
  "rotation": 2.8336911, 
  "xCenter": 0.8777143, 
  "yCenter": 0.7705224, 
  "height": 0.26405284
}