{
  "width": 0.16566312, 
  "rotation": -3.1401224, 
  "xCenter": 0.6339239, 
  "yCenter": 0.7012981, 
  "height": 0.2070789
}