{
  "width": 0.1940162, 
  "rotation": 3.079665, 
  "xCenter": 0.6848996, 
  "yCenter": 0.7251016, 
  "height": 0.24252024
}