{
  "width": 0.15230346, 
  "rotation": -3.1264393, 
  "xCenter": 0.7921983, 
  "yCenter": 0.72981244, 
  "height": 0.19037932
}