{
  "width": 0.08387468, 
  "rotation": -0.8047329, 
  "xCenter": 0.4510619, 
  "yCenter": 0.2832474, 
  "height": 0.10484335
}