{
  "width": 0.116004966, 
  "rotation": -1.1355213, 
  "xCenter": 0.35281563, 
  "yCenter": 0.36035103, 
  "height": 0.14500621
}