{
  "width": 0.17631033, 
  "rotation": 2.7605624, 
  "xCenter": 0.9144442, 
  "yCenter": 0.698553, 
  "height": 0.2203879
}