{
  "width": 0.15150458, 
  "rotation": -2.940031, 
  "xCenter": 0.50695336, 
  "yCenter": 0.6669438, 
  "height": 0.18938072
}