{
  "width": 0.21320204, 
  "rotation": 2.9204898, 
  "xCenter": 0.8688383, 
  "yCenter": 0.7580635, 
  "height": 0.26650256
}