{
  "width": 0.14192745, 
  "rotation": 2.9860115, 
  "xCenter": 0.51457274, 
  "yCenter": 0.68100244, 
  "height": 0.17740932
}