{
  "width": 0.20317474, 
  "rotation": 2.9861984, 
  "xCenter": 0.67419165, 
  "yCenter": 0.76527834, 
  "height": 0.25396842
}