{
  "width": 0.16915697, 
  "rotation": -2.9523807, 
  "xCenter": 0.8405231, 
  "yCenter": 0.6975056, 
  "height": 0.21144621
}