{
  "width": 0.20834476, 
  "rotation": 2.9048595, 
  "xCenter": 0.8849106, 
  "yCenter": 0.71541584, 
  "height": 0.26043096
}