{
  "width": 0.15138958, 
  "rotation": -2.8523011, 
  "xCenter": 0.49665412, 
  "yCenter": 0.6941549, 
  "height": 0.18923698
}