{
  "width": 0.20241445, 
  "rotation": -3.0541933, 
  "xCenter": 0.8551335, 
  "yCenter": 0.74198765, 
  "height": 0.25301805
}