{
  "width": 0.15830892, 
  "rotation": -2.8190496, 
  "xCenter": 0.48590982, 
  "yCenter": 0.67542845, 
  "height": 0.19788617
}