{
  "width": 0.20164795, 
  "rotation": -3.0554304, 
  "xCenter": 0.85712665, 
  "yCenter": 0.7565372, 
  "height": 0.25205994
}