{
  "width": 0.15879476, 
  "rotation": -2.9837172, 
  "xCenter": 0.8049033, 
  "yCenter": 0.752717, 
  "height": 0.19849347
}