{
  "width": 0.12871361, 
  "rotation": 3.1281557, 
  "xCenter": 0.6016116, 
  "yCenter": 0.63951075, 
  "height": 0.16089201
}