{
  "width": 0.11069004, 
  "rotation": -2.1440585, 
  "xCenter": 0.46126258, 
  "yCenter": 0.44416848, 
  "height": 0.13836256
}