{
  "width": 0.14253557, 
  "rotation": 3.058537, 
  "xCenter": 0.6117868, 
  "yCenter": 0.73603487, 
  "height": 0.17816946
}