{
  "width": 0.15182397, 
  "rotation": 3.0819407, 
  "xCenter": 0.54881024, 
  "yCenter": 0.6875146, 
  "height": 0.18977997
}