{
  "width": 0.15092945, 
  "rotation": 2.9865823, 
  "xCenter": 0.9027232, 
  "yCenter": 0.7032812, 
  "height": 0.18866181
}