{
  "width": 0.19753562, 
  "rotation": 2.7770686, 
  "xCenter": 0.6956084, 
  "yCenter": 0.7070527, 
  "height": 0.24691951
}