{
  "width": 0.15868613, 
  "rotation": 3.1271422, 
  "xCenter": 0.87793446, 
  "yCenter": 0.6899412, 
  "height": 0.19835767
}