{
  "width": 0.15628758, 
  "rotation": 1.3785808, 
  "xCenter": 0.69822913, 
  "yCenter": 0.4624151, 
  "height": 0.19535947
}