{
  "width": 0.19642694, 
  "rotation": -3.0431607, 
  "xCenter": 0.6730116, 
  "yCenter": 0.7549619, 
  "height": 0.24553367
}