{
  "width": 0.16438973, 
  "rotation": -3.0496156, 
  "xCenter": 0.6013104, 
  "yCenter": 0.713157, 
  "height": 0.20548715
}