{
  "width": 0.16290525, 
  "rotation": -3.1407318, 
  "xCenter": 0.8701891, 
  "yCenter": 0.72062343, 
  "height": 0.20363155
}