{
  "width": 0.1736397, 
  "rotation": 3.1316364, 
  "xCenter": 0.86351824, 
  "yCenter": 0.6935396, 
  "height": 0.21704961
}