{
  "width": 0.41670617, 
  "rotation": 2.7475069, 
  "xCenter": 0.51704895, 
  "yCenter": 0.25528067, 
  "height": 0.5208827
}