{
  "width": 0.17687738, 
  "rotation": -2.9701645, 
  "xCenter": 0.83328235, 
  "yCenter": 0.7575516, 
  "height": 0.22109671
}