{
  "width": 0.17668986, 
  "rotation": 2.7311602, 
  "xCenter": 0.8557005, 
  "yCenter": 0.67707485, 
  "height": 0.22086231
}