{
  "width": 0.12219413, 
  "rotation": -3.0309796, 
  "xCenter": 0.61158687, 
  "yCenter": 0.6240036, 
  "height": 0.15274267
}