{
  "width": 0.10642372, 
  "rotation": -1.6825327, 
  "xCenter": 0.1275907, 
  "yCenter": 0.31276545, 
  "height": 0.13302965
}