{
  "width": 0.15016577, 
  "rotation": 3.0313451, 
  "xCenter": 0.90107906, 
  "yCenter": 0.70671976, 
  "height": 0.18770722
}