{
  "width": 0.20432633, 
  "rotation": 2.8823948, 
  "xCenter": 0.68481326, 
  "yCenter": 0.7142377, 
  "height": 0.25540793
}