{
  "width": 0.06411809, 
  "rotation": -0.8141016, 
  "xCenter": 0.3532097, 
  "yCenter": 0.36732072, 
  "height": 0.08014761
}