{
  "width": 0.19417427, 
  "rotation": 2.87617, 
  "xCenter": 0.685173, 
  "yCenter": 0.71436816, 
  "height": 0.24271783
}