{
  "width": 0.16280761, 
  "rotation": 3.0703082, 
  "xCenter": 0.6336406, 
  "yCenter": 0.76325977, 
  "height": 0.20350951
}