{
  "width": 0.16556287, 
  "rotation": -2.7900872, 
  "xCenter": 0.48398334, 
  "yCenter": 0.6742964, 
  "height": 0.20695357
}