{
  "width": 0.16249162, 
  "rotation": -2.8836534, 
  "xCenter": 0.4955892, 
  "yCenter": 0.6896759, 
  "height": 0.20311454
}