{
  "width": 0.1781421, 
  "rotation": 3.0098808, 
  "xCenter": 0.65286416, 
  "yCenter": 0.76608825, 
  "height": 0.22267762
}