{
  "width": 0.16755565, 
  "rotation": -3.0484602, 
  "xCenter": 0.50546217, 
  "yCenter": 0.6873863, 
  "height": 0.20944455
}