{
  "width": 0.16953596, 
  "rotation": 1.8950186, 
  "xCenter": 0.41498572, 
  "yCenter": 0.25726515, 
  "height": 0.21191995
}