{
  "width": 0.16654406, 
  "rotation": -2.824087, 
  "xCenter": 0.49445516, 
  "yCenter": 0.6816068, 
  "height": 0.20818008
}