{
  "width": 0.2005179, 
  "rotation": 2.9017239, 
  "xCenter": 0.885825, 
  "yCenter": 0.77325225, 
  "height": 0.25064737
}