{
  "width": 0.16130337, 
  "rotation": -3.1245062, 
  "xCenter": 0.5104129, 
  "yCenter": 0.68010837, 
  "height": 0.20162922
}