{
  "width": 0.20407157, 
  "rotation": 2.8790374, 
  "xCenter": 0.6850173, 
  "yCenter": 0.7138764, 
  "height": 0.25508946
}