{
  "width": 0.17829041, 
  "rotation": 2.971459, 
  "xCenter": 0.6359755, 
  "yCenter": 0.75418526, 
  "height": 0.222863
}