{
  "width": 0.15887079, 
  "rotation": -3.0293899, 
  "xCenter": 0.50451356, 
  "yCenter": 0.6880827, 
  "height": 0.19858848
}