{
  "width": 0.1812527, 
  "rotation": 2.7836065, 
  "xCenter": 0.8884039, 
  "yCenter": 0.6874102, 
  "height": 0.22656587
}