{
  "width": 0.18445225, 
  "rotation": -3.0518706, 
  "xCenter": 0.8387714, 
  "yCenter": 0.7593678, 
  "height": 0.23056531
}