{
  "width": 0.20235431, 
  "rotation": 2.8747478, 
  "xCenter": 0.69520783, 
  "yCenter": 0.7110037, 
  "height": 0.2529429
}