{
  "width": 0.17980914, 
  "rotation": 3.1184258, 
  "xCenter": 0.6017075, 
  "yCenter": 0.7200871, 
  "height": 0.22476141
}