{
  "width": 0.18568505, 
  "rotation": 2.9686804, 
  "xCenter": 0.8611094, 
  "yCenter": 0.7270167, 
  "height": 0.23210631
}