{
  "width": 0.16449495, 
  "rotation": 3.05028, 
  "xCenter": 0.63512945, 
  "yCenter": 0.76218843, 
  "height": 0.20561868
}