{
  "width": 0.17011625, 
  "rotation": 2.9872775, 
  "xCenter": 0.64386195, 
  "yCenter": 0.7616332, 
  "height": 0.2126453
}