{
  "width": 0.15523785, 
  "rotation": -2.8531482, 
  "xCenter": 0.46635416, 
  "yCenter": 0.681516, 
  "height": 0.19404732
}