{
  "width": 0.17611538, 
  "rotation": 1.5251201, 
  "xCenter": 0.7224481, 
  "yCenter": 0.45144308, 
  "height": 0.22014421
}