{
  "width": 0.13672364, 
  "rotation": -2.9243488, 
  "xCenter": 0.49916965, 
  "yCenter": 0.682058, 
  "height": 0.17090456
}