{
  "width": 0.09849328, 
  "rotation": -2.974949, 
  "xCenter": 0.43591437, 
  "yCenter": 0.4679168, 
  "height": 0.12311659
}