{
  "width": 0.15976737, 
  "rotation": 2.9578152, 
  "xCenter": 0.6318451, 
  "yCenter": 0.75800794, 
  "height": 0.19970922
}