{
  "width": 0.14729398, 
  "rotation": 3.080563, 
  "xCenter": 0.6135734, 
  "yCenter": 0.7410718, 
  "height": 0.18411748
}