{
  "width": 0.14170863, 
  "rotation": 3.068348, 
  "xCenter": 0.6100418, 
  "yCenter": 0.72998106, 
  "height": 0.1771358
}