{
  "width": 0.1656932, 
  "rotation": 2.9604878, 
  "xCenter": 0.6343059, 
  "yCenter": 0.7655894, 
  "height": 0.20711648
}