{
  "width": 0.22166274, 
  "rotation": 2.8179874, 
  "xCenter": 0.9068386, 
  "yCenter": 0.7151203, 
  "height": 0.27707845
}