{
  "width": 0.20381601, 
  "rotation": 2.8320465, 
  "xCenter": 0.690285, 
  "yCenter": 0.71421945, 
  "height": 0.25477
}