{
  "width": 0.16018254, 
  "rotation": 2.7297895, 
  "xCenter": 0.60117435, 
  "yCenter": 0.6928985, 
  "height": 0.20022818
}