{
  "width": 0.16543253, 
  "rotation": -2.915536, 
  "xCenter": 0.5103814, 
  "yCenter": 0.6876202, 
  "height": 0.20679066
}