{
  "width": 0.20836553, 
  "rotation": -3.005714, 
  "xCenter": 0.85852057, 
  "yCenter": 0.70463735, 
  "height": 0.26045692
}