{
  "width": 0.1845581, 
  "rotation": 2.7277708, 
  "xCenter": 0.66920185, 
  "yCenter": 0.68413377, 
  "height": 0.23069762
}