{
  "width": 0.16222739, 
  "rotation": 2.9569585, 
  "xCenter": 0.89232385, 
  "yCenter": 0.703545, 
  "height": 0.20278426
}