{
  "width": 0.21224587, 
  "rotation": -3.1051385, 
  "xCenter": 0.8779384, 
  "yCenter": 0.7530175, 
  "height": 0.26530734
}