{
  "width": 0.17488784, 
  "rotation": 2.838721, 
  "xCenter": 0.8507516, 
  "yCenter": 0.68971395, 
  "height": 0.2186098
}