{
  "width": 0.081884764, 
  "rotation": -2.3572667, 
  "xCenter": 0.43243483, 
  "yCenter": 0.42714912, 
  "height": 0.10235595
}