{
  "width": 0.19442812, 
  "rotation": 2.8319588, 
  "xCenter": 0.67569226, 
  "yCenter": 0.7485012, 
  "height": 0.24303514
}