{
  "width": 0.14176938, 
  "rotation": -3.0582938, 
  "xCenter": 0.78603184, 
  "yCenter": 0.7511791, 
  "height": 0.17721173
}