{
  "width": 0.16623761, 
  "rotation": -2.9163563, 
  "xCenter": 0.51133054, 
  "yCenter": 0.6899421, 
  "height": 0.207797
}