{
  "width": 0.19641098, 
  "rotation": -3.0273716, 
  "xCenter": 0.6682371, 
  "yCenter": 0.7576391, 
  "height": 0.24551372
}