{
  "width": 0.20384824, 
  "rotation": -3.0894887, 
  "xCenter": 0.85870963, 
  "yCenter": 0.7598491, 
  "height": 0.2548103
}