{
  "width": 0.2192596, 
  "rotation": -3.0418675, 
  "xCenter": 0.8552724, 
  "yCenter": 0.7336142, 
  "height": 0.2740745
}