{
  "width": 0.19454326, 
  "rotation": 2.823458, 
  "xCenter": 0.67629766, 
  "yCenter": 0.74889004, 
  "height": 0.24317907
}