{
  "width": 0.09492946, 
  "rotation": 2.4229321, 
  "xCenter": 0.3842079, 
  "yCenter": 0.43881, 
  "height": 0.11866182
}