{
  "width": 0.20082738, 
  "rotation": 2.8828511, 
  "xCenter": 0.89280677, 
  "yCenter": 0.74905235, 
  "height": 0.25103423
}