{
  "width": 0.14163114, 
  "rotation": 2.9817264, 
  "xCenter": 0.5147197, 
  "yCenter": 0.6809817, 
  "height": 0.17703894
}