{
  "width": 0.18789929, 
  "rotation": 2.790403, 
  "xCenter": 0.6819118, 
  "yCenter": 0.7564851, 
  "height": 0.23487411
}