{
  "width": 0.19406693, 
  "rotation": 2.9928062, 
  "xCenter": 0.85629773, 
  "yCenter": 0.752819, 
  "height": 0.24258366
}