{
  "width": 0.16022283, 
  "rotation": 2.906475, 
  "xCenter": 0.81711704, 
  "yCenter": 0.74860907, 
  "height": 0.20027855
}