{
  "width": 0.19349039, 
  "rotation": 3.1023326, 
  "xCenter": 0.85330015, 
  "yCenter": 0.76934433, 
  "height": 0.24186297
}