{
  "width": 0.21373996, 
  "rotation": 2.9586139, 
  "xCenter": 0.8911986, 
  "yCenter": 0.7601188, 
  "height": 0.26717496
}