{
  "width": 0.18839598, 
  "rotation": 3.0194988, 
  "xCenter": 0.86106855, 
  "yCenter": 0.755606, 
  "height": 0.23549497
}