{
  "width": 0.20853135, 
  "rotation": 2.853951, 
  "xCenter": 0.6894879, 
  "yCenter": 0.72239083, 
  "height": 0.2606642
}