{
  "width": 0.15211362, 
  "rotation": 2.9159083, 
  "xCenter": 0.8036397, 
  "yCenter": 0.7353153, 
  "height": 0.19014202
}