{
  "width": 0.17050694, 
  "rotation": -2.9596345, 
  "xCenter": 0.61298, 
  "yCenter": 0.70767576, 
  "height": 0.21313366
}