{
  "width": 0.17140764, 
  "rotation": 2.7620592, 
  "xCenter": 0.85727227, 
  "yCenter": 0.6710439, 
  "height": 0.21425954
}