{
  "width": 0.15292335, 
  "rotation": 3.1060448, 
  "xCenter": 0.61755633, 
  "yCenter": 0.7358954, 
  "height": 0.19115418
}