{
  "width": 0.15455613, 
  "rotation": 3.0507953, 
  "xCenter": 0.89856285, 
  "yCenter": 0.7151248, 
  "height": 0.19319516
}