{
  "width": 0.20091975, 
  "rotation": -3.1072142, 
  "xCenter": 0.8738634, 
  "yCenter": 0.750158, 
  "height": 0.25114968
}