{
  "width": 0.18701084, 
  "rotation": 2.9675012, 
  "xCenter": 0.6487462, 
  "yCenter": 0.7681288, 
  "height": 0.23376355
}