{
  "width": 0.20615532, 
  "rotation": -3.0658448, 
  "xCenter": 0.8504854, 
  "yCenter": 0.76188684, 
  "height": 0.25769415
}