{
  "width": 0.16198161, 
  "rotation": 2.971693, 
  "xCenter": 0.6329133, 
  "yCenter": 0.75891507, 
  "height": 0.20247702
}