{
  "width": 0.15249902, 
  "rotation": 2.9725237, 
  "xCenter": 0.5129387, 
  "yCenter": 0.6827946, 
  "height": 0.19062379
}