{
  "width": 0.17879407, 
  "rotation": 2.530602, 
  "xCenter": 0.94442743, 
  "yCenter": 0.6811378, 
  "height": 0.22349258
}