{
  "width": 0.15966207, 
  "rotation": -3.1282732, 
  "xCenter": 0.51016194, 
  "yCenter": 0.6772656, 
  "height": 0.19957758
}