{
  "width": 0.1951475, 
  "rotation": 2.9437978, 
  "xCenter": 0.8828588, 
  "yCenter": 0.70808166, 
  "height": 0.24393436
}