{
  "width": 0.16550738, 
  "rotation": 2.9879763, 
  "xCenter": 0.63276166, 
  "yCenter": 0.75923026, 
  "height": 0.20688422
}