{
  "width": 0.17460518, 
  "rotation": -2.988798, 
  "xCenter": 0.84913164, 
  "yCenter": 0.7048992, 
  "height": 0.21825646
}