{
  "width": 0.13316269, 
  "rotation": 3.104812, 
  "xCenter": 0.62305963, 
  "yCenter": 0.7380794, 
  "height": 0.16645338
}