{
  "width": 0.14940006, 
  "rotation": 1.9841716, 
  "xCenter": 0.4546073, 
  "yCenter": 0.29851213, 
  "height": 0.18675007
}