{
  "width": 0.17571168, 
  "rotation": 3.0785866, 
  "xCenter": 0.6549752, 
  "yCenter": 0.7727735, 
  "height": 0.21963958
}