{
  "width": 0.15567642, 
  "rotation": -2.9725096, 
  "xCenter": 0.53292656, 
  "yCenter": 0.67161775, 
  "height": 0.19459553
}