{
  "width": 0.11776366, 
  "rotation": 2.8739924, 
  "xCenter": 0.5097299, 
  "yCenter": 0.49247542, 
  "height": 0.14720458
}