{
  "width": 0.1760086, 
  "rotation": 2.851533, 
  "xCenter": 0.9046054, 
  "yCenter": 0.7033437, 
  "height": 0.22001074
}