{
  "width": 0.13775761, 
  "rotation": 3.010384, 
  "xCenter": 0.6220311, 
  "yCenter": 0.7434118, 
  "height": 0.17219703
}