{
  "width": 0.18476188, 
  "rotation": 2.899395, 
  "xCenter": 0.83413553, 
  "yCenter": 0.7673352, 
  "height": 0.23095235
}