{
  "width": 0.21058054, 
  "rotation": 2.8088994, 
  "xCenter": 0.8759756, 
  "yCenter": 0.7727235, 
  "height": 0.26322567
}