{
  "width": 0.18578377, 
  "rotation": -3.1117074, 
  "xCenter": 0.6272488, 
  "yCenter": 0.70506275, 
  "height": 0.23222971
}