{
  "width": 0.19634914, 
  "rotation": -3.0967915, 
  "xCenter": 0.6743831, 
  "yCenter": 0.7542799, 
  "height": 0.24543643
}