{
  "width": 0.15467669, 
  "rotation": 3.1197693, 
  "xCenter": 0.87795144, 
  "yCenter": 0.6881781, 
  "height": 0.19334587
}