{
  "width": 0.15010059, 
  "rotation": 1.1607649, 
  "xCenter": 0.69687694, 
  "yCenter": 0.46147043, 
  "height": 0.18762574
}