{
  "width": 0.19819921, 
  "rotation": -2.972025, 
  "xCenter": 0.8460504, 
  "yCenter": 0.7485769, 
  "height": 0.247749
}