{
  "width": 0.16105339, 
  "rotation": -1.0161875, 
  "xCenter": 0.3377572, 
  "yCenter": 0.35350445, 
  "height": 0.20131673
}