{
  "width": 0.20091866, 
  "rotation": -3.1048455, 
  "xCenter": 0.87356424, 
  "yCenter": 0.7502981, 
  "height": 0.2511483
}