{
  "width": 0.20923151, 
  "rotation": -3.0996668, 
  "xCenter": 0.86760396, 
  "yCenter": 0.7578125, 
  "height": 0.2615394
}