{
  "width": 0.18701673, 
  "rotation": -2.991684, 
  "xCenter": 0.8238376, 
  "yCenter": 0.7759497, 
  "height": 0.2337709
}