{
  "width": 0.15898941, 
  "rotation": 3.0927536, 
  "xCenter": 0.90041393, 
  "yCenter": 0.70219725, 
  "height": 0.19873677
}