{
  "width": 0.16936184, 
  "rotation": -2.9273393, 
  "xCenter": 0.5052578, 
  "yCenter": 0.69077647, 
  "height": 0.2117023
}