{
  "width": 0.20179689, 
  "rotation": -3.021808, 
  "xCenter": 0.8518311, 
  "yCenter": 0.7435355, 
  "height": 0.2522461
}