{
  "width": 0.1744395, 
  "rotation": -3.0131474, 
  "xCenter": 0.60804737, 
  "yCenter": 0.71559465, 
  "height": 0.21804938
}