{
  "width": 0.1767895, 
  "rotation": 2.82612, 
  "xCenter": 0.9144859, 
  "yCenter": 0.6922612, 
  "height": 0.22098687
}