{
  "width": 0.18053642, 
  "rotation": 2.8062053, 
  "xCenter": 0.88880783, 
  "yCenter": 0.6877753, 
  "height": 0.22567052
}