{
  "width": 0.20498683, 
  "rotation": 2.9250863, 
  "xCenter": 0.69934297, 
  "yCenter": 0.71502686, 
  "height": 0.25623354
}