{
  "width": 0.17570114, 
  "rotation": -3.0252054, 
  "xCenter": 0.88453335, 
  "yCenter": 0.67155534, 
  "height": 0.21962641
}