{
  "width": 0.14427806, 
  "rotation": -2.9505131, 
  "xCenter": 0.51942784, 
  "yCenter": 0.6593617, 
  "height": 0.18034759
}