{
  "width": 0.18507695, 
  "rotation": 2.8103328, 
  "xCenter": 0.90054184, 
  "yCenter": 0.6935182, 
  "height": 0.23134618
}