{
  "width": 0.16266163, 
  "rotation": 3.1362708, 
  "xCenter": 0.62883836, 
  "yCenter": 0.7471888, 
  "height": 0.20332703
}