{
  "width": 0.16203648, 
  "rotation": -3.0671494, 
  "xCenter": 0.5075748, 
  "yCenter": 0.69084674, 
  "height": 0.2025456
}