{
  "width": 0.17884381, 
  "rotation": -3.0096347, 
  "xCenter": 0.866237, 
  "yCenter": 0.68693787, 
  "height": 0.22355476
}