{
  "width": 0.19865932, 
  "rotation": 2.951703, 
  "xCenter": 0.8681693, 
  "yCenter": 0.71517813, 
  "height": 0.24832414
}