{
  "width": 0.16138993, 
  "rotation": -2.9178584, 
  "xCenter": 0.47139058, 
  "yCenter": 0.6830275, 
  "height": 0.20173742
}