{
  "width": 0.19847536, 
  "rotation": 3.052575, 
  "xCenter": 0.867002, 
  "yCenter": 0.7209484, 
  "height": 0.2480942
}