{
  "width": 0.18843675, 
  "rotation": -3.132984, 
  "xCenter": 0.8766894, 
  "yCenter": 0.7402148, 
  "height": 0.23554592
}