{
  "width": 0.21161343, 
  "rotation": 2.9234855, 
  "xCenter": 0.8704076, 
  "yCenter": 0.75362, 
  "height": 0.2645168
}