{
  "width": 0.17464639, 
  "rotation": -2.9746342, 
  "xCenter": 0.62689173, 
  "yCenter": 0.7578927, 
  "height": 0.21830799
}