{
  "width": 0.14667858, 
  "rotation": 2.754549, 
  "xCenter": 0.58659375, 
  "yCenter": 0.6841, 
  "height": 0.18334824
}