{
  "width": 0.17210114, 
  "rotation": 2.8762913, 
  "xCenter": 0.6367827, 
  "yCenter": 0.68141145, 
  "height": 0.21512641
}