{
  "width": 0.20065986, 
  "rotation": -3.068002, 
  "xCenter": 0.8691007, 
  "yCenter": 0.7460008, 
  "height": 0.2508248
}