{
  "width": 0.16019982, 
  "rotation": -2.9341383, 
  "xCenter": 0.5038614, 
  "yCenter": 0.6785207, 
  "height": 0.20024978
}