{
  "width": 0.18975493, 
  "rotation": 3.0487108, 
  "xCenter": 0.86296624, 
  "yCenter": 0.7238783, 
  "height": 0.23719366
}