{
  "width": 0.18332994, 
  "rotation": 2.9604058, 
  "xCenter": 0.638997, 
  "yCenter": 0.7693943, 
  "height": 0.22916242
}