{
  "width": 0.18648875, 
  "rotation": 2.7576215, 
  "xCenter": 0.97785884, 
  "yCenter": 0.6882184, 
  "height": 0.23311092
}