{
  "width": 0.20596671, 
  "rotation": 3.061221, 
  "xCenter": 0.8580706, 
  "yCenter": 0.7264025, 
  "height": 0.2574584
}