{
  "width": 0.14828378, 
  "rotation": 2.893156, 
  "xCenter": 0.6882033, 
  "yCenter": 0.74896747, 
  "height": 0.18535474
}