{
  "width": 0.2029491, 
  "rotation": 3.0050688, 
  "xCenter": 0.8706042, 
  "yCenter": 0.7204108, 
  "height": 0.25368637
}