{
  "width": 0.19337493, 
  "rotation": 3.090176, 
  "xCenter": 0.6774533, 
  "yCenter": 0.75002027, 
  "height": 0.24171865
}