{
  "width": 0.11866258, 
  "rotation": -1.0727845, 
  "xCenter": 0.50312376, 
  "yCenter": 0.17069009, 
  "height": 0.14832823
}