{
  "width": 0.19399482, 
  "rotation": 2.0523694, 
  "xCenter": 0.49501404, 
  "yCenter": 0.33170965, 
  "height": 0.24249351
}