{
  "width": 0.18633361, 
  "rotation": 2.9172888, 
  "xCenter": 0.6393262, 
  "yCenter": 0.68524283, 
  "height": 0.23291701
}