{
  "width": 0.19529039, 
  "rotation": 2.7904303, 
  "xCenter": 0.68282443, 
  "yCenter": 0.746765, 
  "height": 0.24411297
}