{
  "width": 0.20157, 
  "rotation": 3.0645618, 
  "xCenter": 0.66652083, 
  "yCenter": 0.7550819, 
  "height": 0.2519625
}