{
  "width": 0.2015717, 
  "rotation": 3.0292714, 
  "xCenter": 0.8847339, 
  "yCenter": 0.70590216, 
  "height": 0.25196463
}