{
  "width": 0.14393558, 
  "rotation": -3.0539954, 
  "xCenter": 0.7845631, 
  "yCenter": 0.7494411, 
  "height": 0.17991948
}