{
  "width": 0.18559735, 
  "rotation": 2.9302158, 
  "xCenter": 0.64333034, 
  "yCenter": 0.75382006, 
  "height": 0.23199667
}