{
  "width": 0.1701753, 
  "rotation": 2.748685, 
  "xCenter": 0.97075456, 
  "yCenter": 0.68163, 
  "height": 0.21271911
}