{
  "width": 0.18487827, 
  "rotation": -2.9922965, 
  "xCenter": 0.8258667, 
  "yCenter": 0.7645834, 
  "height": 0.23109783
}