{
  "width": 0.19322662, 
  "rotation": 2.998232, 
  "xCenter": 0.86293745, 
  "yCenter": 0.71930367, 
  "height": 0.24153326
}