{
  "width": 0.22838575, 
  "rotation": -2.9770744, 
  "xCenter": 0.85462445, 
  "yCenter": 0.7317424, 
  "height": 0.2854822
}