{
  "width": 0.14459392, 
  "rotation": -1.6201514, 
  "xCenter": 0.60623765, 
  "yCenter": 0.44119802, 
  "height": 0.1807424
}