{
  "width": 0.73891383, 
  "rotation": -1.4296662, 
  "xCenter": 0.22157729, 
  "yCenter": 0.5020076, 
  "height": 0.9236422
}