{
  "width": 0.13993126, 
  "rotation": 2.96696, 
  "xCenter": 0.5150598, 
  "yCenter": 0.68033457, 
  "height": 0.17491408
}