{
  "width": 0.17296061, 
  "rotation": 2.9434562, 
  "xCenter": 0.6375463, 
  "yCenter": 0.7585814, 
  "height": 0.21620075
}