{
  "width": 0.15541343, 
  "rotation": -3.07466, 
  "xCenter": 0.7864734, 
  "yCenter": 0.75790775, 
  "height": 0.1942668
}