{
  "width": 0.12716728, 
  "rotation": -1.267325, 
  "xCenter": 0.51838, 
  "yCenter": 0.19699605, 
  "height": 0.15895912
}