{
  "width": 0.17615117, 
  "rotation": 2.6706142, 
  "xCenter": 0.98239785, 
  "yCenter": 0.6822346, 
  "height": 0.22018896
}