{
  "width": 0.15649529, 
  "rotation": -3.0868483, 
  "xCenter": 0.5462298, 
  "yCenter": 0.60483575, 
  "height": 0.19561912
}