{
  "width": 0.14193505, 
  "rotation": -3.077882, 
  "xCenter": 0.78505707, 
  "yCenter": 0.7478595, 
  "height": 0.17741881
}