{
  "width": 0.09693108, 
  "rotation": -2.3199642, 
  "xCenter": 0.4942769, 
  "yCenter": 0.43096617, 
  "height": 0.121163845
}