{
  "width": 0.14707284, 
  "rotation": -2.9321833, 
  "xCenter": 0.7823778, 
  "yCenter": 0.71820396, 
  "height": 0.18384105
}