{
  "width": 0.1434279, 
  "rotation": -2.9894516, 
  "xCenter": 0.78229415, 
  "yCenter": 0.74909395, 
  "height": 0.17928487
}