{
  "width": 0.15400629, 
  "rotation": -3.1254938, 
  "xCenter": 0.6166354, 
  "yCenter": 0.74180746, 
  "height": 0.19250786
}