{
  "width": 0.14714319, 
  "rotation": 2.8176408, 
  "xCenter": 0.5767865, 
  "yCenter": 0.68038726, 
  "height": 0.183929
}