{
  "width": 0.19659276, 
  "rotation": 2.8764958, 
  "xCenter": 0.88666034, 
  "yCenter": 0.7515615, 
  "height": 0.24574095
}