{
  "width": 0.1642952, 
  "rotation": -3.0535893, 
  "xCenter": 0.5062395, 
  "yCenter": 0.68399924, 
  "height": 0.20536898
}