{
  "width": 0.17702986, 
  "rotation": 2.5395231, 
  "xCenter": 0.9417902, 
  "yCenter": 0.6803186, 
  "height": 0.22128733
}