{
  "width": 0.20150182, 
  "rotation": 2.9553676, 
  "xCenter": 0.66664684, 
  "yCenter": 0.7382853, 
  "height": 0.25187728
}