{
  "width": 0.14951132, 
  "rotation": 2.7890058, 
  "xCenter": 0.58247995, 
  "yCenter": 0.6820604, 
  "height": 0.18688916
}