{
  "width": 0.2104995, 
  "rotation": 2.8641052, 
  "xCenter": 0.6843758, 
  "yCenter": 0.73057103, 
  "height": 0.26312438
}