{
  "width": 0.3140571, 
  "rotation": 1.8250747, 
  "xCenter": 0.6605562, 
  "yCenter": 0.57157, 
  "height": 0.3925714
}