{
  "width": 0.19925937, 
  "rotation": 3.0547833, 
  "xCenter": 0.66647434, 
  "yCenter": 0.77001536, 
  "height": 0.2490742
}