{
  "width": 0.10506394, 
  "rotation": -2.0310194, 
  "xCenter": 0.46119928, 
  "yCenter": 0.4489306, 
  "height": 0.13132992
}