{
  "width": 0.18064289, 
  "rotation": -3.1026227, 
  "xCenter": 0.83621687, 
  "yCenter": 0.7502022, 
  "height": 0.2258036
}