{
  "width": 0.16626923, 
  "rotation": -3.0145266, 
  "xCenter": 0.6260894, 
  "yCenter": 0.7520284, 
  "height": 0.20783652
}