{
  "width": 0.14313205, 
  "rotation": 3.014789, 
  "xCenter": 0.5117147, 
  "yCenter": 0.68300164, 
  "height": 0.17891507
}