{
  "width": 0.20802025, 
  "rotation": -3.0010202, 
  "xCenter": 0.84940475, 
  "yCenter": 0.7607201, 
  "height": 0.26002532
}