{
  "width": 0.0975137, 
  "rotation": 2.4595065, 
  "xCenter": 0.39469695, 
  "yCenter": 0.44594076, 
  "height": 0.12189212
}