{
  "width": 0.20423816, 
  "rotation": 3.0035987, 
  "xCenter": 0.671027, 
  "yCenter": 0.7674052, 
  "height": 0.2552977
}