{
  "width": 0.1111942, 
  "rotation": 2.031664, 
  "xCenter": 0.101362124, 
  "yCenter": 0.16529822, 
  "height": 0.13899276
}