{
  "width": 0.1852612, 
  "rotation": 2.822513, 
  "xCenter": 0.84562236, 
  "yCenter": 0.7757416, 
  "height": 0.2315765
}