{
  "width": 0.16350731, 
  "rotation": -3.0572033, 
  "xCenter": 0.614262, 
  "yCenter": 0.7499262, 
  "height": 0.20438413
}