{
  "width": 0.1668589, 
  "rotation": 3.128208, 
  "xCenter": 0.9078937, 
  "yCenter": 0.703494, 
  "height": 0.20857361
}