{
  "width": 0.19857316, 
  "rotation": -3.0881512, 
  "xCenter": 0.6741291, 
  "yCenter": 0.7542322, 
  "height": 0.24821644
}