{
  "width": 0.22356364, 
  "rotation": -2.9885082, 
  "xCenter": 0.85581386, 
  "yCenter": 0.7380522, 
  "height": 0.27945456
}