{
  "width": 0.19298935, 
  "rotation": 3.091724, 
  "xCenter": 0.67689306, 
  "yCenter": 0.7495413, 
  "height": 0.24123669
}