{
  "width": 0.17128195, 
  "rotation": -3.016197, 
  "xCenter": 0.892593, 
  "yCenter": 0.70679325, 
  "height": 0.21410243
}