{
  "width": 0.14639902, 
  "rotation": 3.0049071, 
  "xCenter": 0.8916512, 
  "yCenter": 0.6952214, 
  "height": 0.18299878
}