{
  "width": 0.13585317, 
  "rotation": 3.0914671, 
  "xCenter": 0.61972004, 
  "yCenter": 0.7418099, 
  "height": 0.16981646
}