{
  "width": 0.17919669, 
  "rotation": -3.1008441, 
  "xCenter": 0.64235693, 
  "yCenter": 0.7714498, 
  "height": 0.22399585
}