{
  "width": 0.21782874, 
  "rotation": -3.1162503, 
  "xCenter": 0.875416, 
  "yCenter": 0.75133085, 
  "height": 0.27228594
}