{
  "width": 0.16841465, 
  "rotation": 2.9288998, 
  "xCenter": 0.63799036, 
  "yCenter": 0.7649239, 
  "height": 0.21051832
}