{
  "width": 0.1829729, 
  "rotation": 2.9245987, 
  "xCenter": 0.666968, 
  "yCenter": 0.76339865, 
  "height": 0.2287161
}