{
  "width": 0.1412248, 
  "rotation": -3.0882087, 
  "xCenter": 0.7874889, 
  "yCenter": 0.7513864, 
  "height": 0.17653102
}