{
  "width": 0.10507014, 
  "rotation": 2.169325, 
  "xCenter": 0.10685695, 
  "yCenter": 0.16665734, 
  "height": 0.13133767
}