{
  "width": 0.09553501, 
  "rotation": 2.4458232, 
  "xCenter": 0.3947545, 
  "yCenter": 0.44536844, 
  "height": 0.11941876
}