{
  "width": 0.17431521, 
  "rotation": -3.0174963, 
  "xCenter": 0.8642511, 
  "yCenter": 0.7136045, 
  "height": 0.21789402
}