{
  "width": 0.15560637, 
  "rotation": 3.0093684, 
  "xCenter": 0.7973893, 
  "yCenter": 0.72078013, 
  "height": 0.19450797
}