{
  "width": 0.15967532, 
  "rotation": -2.841574, 
  "xCenter": 0.50854266, 
  "yCenter": 0.6622981, 
  "height": 0.19959415
}