{
  "width": 0.17679942, 
  "rotation": 2.9931846, 
  "xCenter": 0.63597256, 
  "yCenter": 0.7585356, 
  "height": 0.22099927
}