{
  "width": 0.16215998, 
  "rotation": -2.8756747, 
  "xCenter": 0.49917394, 
  "yCenter": 0.6836203, 
  "height": 0.20269999
}