{
  "width": 0.22372651, 
  "rotation": -3.0303378, 
  "xCenter": 0.8557283, 
  "yCenter": 0.7377516, 
  "height": 0.27965814
}