{
  "width": 0.19967516, 
  "rotation": -3.0167677, 
  "xCenter": 0.6669865, 
  "yCenter": 0.7578653, 
  "height": 0.24959394
}