{
  "width": 0.17173493, 
  "rotation": -3.1028626, 
  "xCenter": 0.6435971, 
  "yCenter": 0.7262924, 
  "height": 0.21466866
}