{
  "width": 0.16706291, 
  "rotation": 3.1388593, 
  "xCenter": 0.5094914, 
  "yCenter": 0.68938917, 
  "height": 0.20882864
}