{
  "width": 0.15479665, 
  "rotation": -1.7918104, 
  "xCenter": 0.066893555, 
  "yCenter": 0.33063248, 
  "height": 0.19349581
}