{
  "width": 0.19343598, 
  "rotation": 2.912437, 
  "xCenter": 0.8655395, 
  "yCenter": 0.7737314, 
  "height": 0.24179497
}