{
  "width": 0.1291748, 
  "rotation": -2.7733355, 
  "xCenter": 0.4908056, 
  "yCenter": 0.68001276, 
  "height": 0.1614685
}