{
  "width": 0.1602921, 
  "rotation": -3.0525317, 
  "xCenter": 0.61447924, 
  "yCenter": 0.74704885, 
  "height": 0.20036514
}