{
  "width": 0.1325377, 
  "rotation": 3.0262327, 
  "xCenter": 0.6244035, 
  "yCenter": 0.73905945, 
  "height": 0.16567212
}