{
  "width": 0.16594006, 
  "rotation": -3.0047262, 
  "xCenter": 0.8155792, 
  "yCenter": 0.7593343, 
  "height": 0.20742507
}