{
  "width": 0.19447817, 
  "rotation": 3.0960584, 
  "xCenter": 0.8542741, 
  "yCenter": 0.7700697, 
  "height": 0.24309771
}