{
  "width": 0.15423054, 
  "rotation": 2.9296136, 
  "xCenter": 0.63279617, 
  "yCenter": 0.7563524, 
  "height": 0.19278817
}