{
  "width": 0.1580394, 
  "rotation": -3.0611994, 
  "xCenter": 0.50486636, 
  "yCenter": 0.67735016, 
  "height": 0.19754925
}