{
  "width": 0.13287103, 
  "rotation": 3.0862558, 
  "xCenter": 0.6238216, 
  "yCenter": 0.73706514, 
  "height": 0.1660888
}