{
  "width": 0.21018769, 
  "rotation": -3.100551, 
  "xCenter": 0.8775499, 
  "yCenter": 0.7529289, 
  "height": 0.26273462
}