{
  "width": 0.1563256, 
  "rotation": -2.9969478, 
  "xCenter": 0.78977424, 
  "yCenter": 0.7317462, 
  "height": 0.195407
}