{
  "width": 0.1500111, 
  "rotation": 2.8057413, 
  "xCenter": 0.8110028, 
  "yCenter": 0.7224604, 
  "height": 0.18751389
}