{
  "width": 0.116558835, 
  "rotation": 2.7062993, 
  "xCenter": 0.81241137, 
  "yCenter": 0.4214699, 
  "height": 0.14569855
}