{
  "width": 0.17203264, 
  "rotation": 2.891819, 
  "xCenter": 0.63830006, 
  "yCenter": 0.6950524, 
  "height": 0.21504079
}