{
  "width": 0.1639899, 
  "rotation": 1.8961284, 
  "xCenter": 0.4909353, 
  "yCenter": 0.32092494, 
  "height": 0.20498736
}