{
  "width": 0.20373465, 
  "rotation": -3.0802367, 
  "xCenter": 0.8677956, 
  "yCenter": 0.74994177, 
  "height": 0.25466833
}