{
  "width": 0.14464024, 
  "rotation": 2.8437285, 
  "xCenter": 0.582086, 
  "yCenter": 0.6846463, 
  "height": 0.1808003
}