{
  "width": 0.20840614, 
  "rotation": -3.045625, 
  "xCenter": 0.865592, 
  "yCenter": 0.7548843, 
  "height": 0.26050767
}