{
  "width": 0.18887578, 
  "rotation": 2.9530094, 
  "xCenter": 0.63885367, 
  "yCenter": 0.68804824, 
  "height": 0.23609471
}