{
  "width": 0.1423034, 
  "rotation": 3.036076, 
  "xCenter": 0.6178411, 
  "yCenter": 0.7411932, 
  "height": 0.17787927
}