{
  "width": 0.17740133, 
  "rotation": 2.9918478, 
  "xCenter": 0.8721513, 
  "yCenter": 0.72130305, 
  "height": 0.22175166
}