{
  "width": 0.14075756, 
  "rotation": -3.0297015, 
  "xCenter": 0.61583257, 
  "yCenter": 0.7607618, 
  "height": 0.17594697
}