{
  "width": 0.17858796, 
  "rotation": -2.997758, 
  "xCenter": 0.82674253, 
  "yCenter": 0.76225406, 
  "height": 0.22323494
}