{
  "width": 0.19532819, 
  "rotation": 2.7679803, 
  "xCenter": 0.6937504, 
  "yCenter": 0.7124829, 
  "height": 0.24416023
}