{
  "width": 0.22247356, 
  "rotation": -3.0102117, 
  "xCenter": 0.84324807, 
  "yCenter": 0.7298054, 
  "height": 0.27809197
}