{
  "width": 0.15723513, 
  "rotation": -3.1008472, 
  "xCenter": 0.5326011, 
  "yCenter": 0.672641, 
  "height": 0.19654392
}