{
  "width": 0.19492279, 
  "rotation": 2.7701058, 
  "xCenter": 0.6804162, 
  "yCenter": 0.7199249, 
  "height": 0.24365348
}