{
  "width": 0.19761248, 
  "rotation": 2.820238, 
  "xCenter": 0.69763917, 
  "yCenter": 0.74158716, 
  "height": 0.2470156
}