{
  "width": 0.14116901, 
  "rotation": 3.1065066, 
  "xCenter": 0.53554666, 
  "yCenter": 0.5505437, 
  "height": 0.17646128
}