{
  "width": 0.17024705, 
  "rotation": 3.026596, 
  "xCenter": 0.9007073, 
  "yCenter": 0.7106629, 
  "height": 0.2128088
}