{
  "width": 0.16236718, 
  "rotation": -3.114209, 
  "xCenter": 0.6301541, 
  "yCenter": 0.7016514, 
  "height": 0.20295899
}