{
  "width": 0.15533905, 
  "rotation": 2.8531146, 
  "xCenter": 0.8089548, 
  "yCenter": 0.7168131, 
  "height": 0.19417381
}