{
  "width": 0.14573327, 
  "rotation": -1.8999475, 
  "xCenter": 0.024585996, 
  "yCenter": 0.352213, 
  "height": 0.18216658
}