{
  "width": 0.20670794, 
  "rotation": 2.9563253, 
  "xCenter": 0.88674587, 
  "yCenter": 0.705285, 
  "height": 0.25838494
}