{
  "width": 0.19289312, 
  "rotation": 2.7477365, 
  "xCenter": 0.702828, 
  "yCenter": 0.69732046, 
  "height": 0.24111639
}