{
  "width": 0.2284155, 
  "rotation": -2.9746099, 
  "xCenter": 0.85427153, 
  "yCenter": 0.7321026, 
  "height": 0.2855194
}