{
  "width": 0.18245853, 
  "rotation": 2.9546058, 
  "xCenter": 0.86223173, 
  "yCenter": 0.7154333, 
  "height": 0.22807316
}