{
  "width": 0.1744127, 
  "rotation": -3.0203915, 
  "xCenter": 0.606067, 
  "yCenter": 0.7138516, 
  "height": 0.21801586
}