{
  "width": 0.16850361, 
  "rotation": 2.8042712, 
  "xCenter": 0.824145, 
  "yCenter": 0.7481976, 
  "height": 0.21062951
}