{
  "width": 0.2090082, 
  "rotation": 2.994132, 
  "xCenter": 0.86507094, 
  "yCenter": 0.7554496, 
  "height": 0.26126024
}