{
  "width": 0.15968524, 
  "rotation": -3.1072197, 
  "xCenter": 0.63769305, 
  "yCenter": 0.7227643, 
  "height": 0.19960655
}