{
  "width": 0.17518632, 
  "rotation": 2.6940856, 
  "xCenter": 0.98076093, 
  "yCenter": 0.6824215, 
  "height": 0.21898289
}