{
  "width": 0.1518246, 
  "rotation": -2.9371302, 
  "xCenter": 0.50673527, 
  "yCenter": 0.6671564, 
  "height": 0.18978074
}