{
  "width": 0.21211678, 
  "rotation": 2.938286, 
  "xCenter": 0.86811817, 
  "yCenter": 0.7562169, 
  "height": 0.265146
}