{
  "width": 0.184228, 
  "rotation": -2.9754055, 
  "xCenter": 0.8404075, 
  "yCenter": 0.7536013, 
  "height": 0.230285
}