{
  "width": 0.19364582, 
  "rotation": -2.9923055, 
  "xCenter": 0.6685938, 
  "yCenter": 0.7531208, 
  "height": 0.24205726
}