{
  "width": 0.18754937, 
  "rotation": 3.1213226, 
  "xCenter": 0.84050435, 
  "yCenter": 0.77295935, 
  "height": 0.2344367
}