{
  "width": 0.0962511, 
  "rotation": 2.4864826, 
  "xCenter": 0.42364734, 
  "yCenter": 0.1826426, 
  "height": 0.120313875
}