{
  "width": 0.19385177, 
  "rotation": 3.0775228, 
  "xCenter": 0.84851336, 
  "yCenter": 0.78496534, 
  "height": 0.24231471
}