{
  "width": 0.18496954, 
  "rotation": -2.9908812, 
  "xCenter": 0.85168076, 
  "yCenter": 0.7154408, 
  "height": 0.23121193
}