{
  "width": 0.13939676, 
  "rotation": 2.998352, 
  "xCenter": 0.61453605, 
  "yCenter": 0.7348522, 
  "height": 0.17424595
}