{
  "width": 0.161707, 
  "rotation": 3.09161, 
  "xCenter": 0.6338286, 
  "yCenter": 0.7488086, 
  "height": 0.20213376
}