{
  "width": 0.1609887, 
  "rotation": -2.7958145, 
  "xCenter": 0.457805, 
  "yCenter": 0.6728521, 
  "height": 0.20123589
}