{
  "width": 0.15631288, 
  "rotation": -2.9440043, 
  "xCenter": 0.82765436, 
  "yCenter": 0.68389386, 
  "height": 0.19539112
}