{
  "width": 0.173945, 
  "rotation": 2.9288812, 
  "xCenter": 0.6355008, 
  "yCenter": 0.68312997, 
  "height": 0.21743123
}