{
  "width": 0.2103016, 
  "rotation": 2.867055, 
  "xCenter": 0.6897358, 
  "yCenter": 0.7208578, 
  "height": 0.262877
}