{
  "width": 0.1486145, 
  "rotation": -2.8395321, 
  "xCenter": 0.61135566, 
  "yCenter": 0.7296962, 
  "height": 0.18576813
}