{
  "width": 0.16667385, 
  "rotation": -2.9742281, 
  "xCenter": 0.8939641, 
  "yCenter": 0.69256884, 
  "height": 0.20834231
}