{
  "width": 0.1570036, 
  "rotation": -3.1165478, 
  "xCenter": 0.6172052, 
  "yCenter": 0.7466601, 
  "height": 0.1962545
}