{
  "width": 0.18489268, 
  "rotation": -3.0987775, 
  "xCenter": 0.87670916, 
  "yCenter": 0.73450655, 
  "height": 0.23111585
}