{
  "width": 0.11042527, 
  "rotation": -1.4943956, 
  "xCenter": 0.6093138, 
  "yCenter": 0.20397697, 
  "height": 0.13803159
}