{
  "width": 0.1368518, 
  "rotation": 3.120317, 
  "xCenter": 0.5957177, 
  "yCenter": 0.7210689, 
  "height": 0.17106476
}