{
  "width": 0.1735337, 
  "rotation": 2.9253783, 
  "xCenter": 0.8923761, 
  "yCenter": 0.69972086, 
  "height": 0.21691711
}