{
  "width": 0.14335862, 
  "rotation": 2.899662, 
  "xCenter": 0.5794437, 
  "yCenter": 0.68555087, 
  "height": 0.17919828
}