{
  "width": 0.20067628, 
  "rotation": 2.8170261, 
  "xCenter": 0.8738107, 
  "yCenter": 0.7722472, 
  "height": 0.25084534
}