{
  "width": 0.18997204, 
  "rotation": 2.7623184, 
  "xCenter": 0.7012294, 
  "yCenter": 0.73371243, 
  "height": 0.23746505
}