{
  "width": 0.20361997, 
  "rotation": -3.0962167, 
  "xCenter": 0.8589097, 
  "yCenter": 0.7592438, 
  "height": 0.25452498
}