{
  "width": 0.16706795, 
  "rotation": -2.9964354, 
  "xCenter": 0.8899102, 
  "yCenter": 0.69233197, 
  "height": 0.20883493
}