{
  "width": 0.19515152, 
  "rotation": 2.9357553, 
  "xCenter": 0.8834732, 
  "yCenter": 0.70822704, 
  "height": 0.2439394
}