{
  "width": 0.18856102, 
  "rotation": 3.1013043, 
  "xCenter": 0.68046516, 
  "yCenter": 0.7224961, 
  "height": 0.23570128
}