{
  "width": 0.20164981, 
  "rotation": -2.9893847, 
  "xCenter": 0.8461123, 
  "yCenter": 0.70069635, 
  "height": 0.25206226
}