{
  "width": 0.13889109, 
  "rotation": 2.9414809, 
  "xCenter": 0.6237143, 
  "yCenter": 0.7440767, 
  "height": 0.17361386
}