{
  "width": 0.18641962, 
  "rotation": -3.0445666, 
  "xCenter": 0.6328201, 
  "yCenter": 0.73080057, 
  "height": 0.23302452
}