{
  "width": 0.15294333, 
  "rotation": 2.8793342, 
  "xCenter": 0.6296191, 
  "yCenter": 0.7575917, 
  "height": 0.19117917
}