{
  "width": 0.10879148, 
  "rotation": -1.8537678, 
  "xCenter": 0.1675612, 
  "yCenter": 0.31551376, 
  "height": 0.13598935
}