{
  "width": 0.13339764, 
  "rotation": 3.0789938, 
  "xCenter": 0.624009, 
  "yCenter": 0.73745716, 
  "height": 0.16674705
}