{
  "width": 0.20049, 
  "rotation": 2.8763032, 
  "xCenter": 0.8859089, 
  "yCenter": 0.7571475, 
  "height": 0.2506125
}