{
  "width": 0.20865439, 
  "rotation": 2.8859558, 
  "xCenter": 0.6931663, 
  "yCenter": 0.71520644, 
  "height": 0.260818
}