{
  "width": 0.2021217, 
  "rotation": 2.8432317, 
  "xCenter": 0.8692194, 
  "yCenter": 0.77396387, 
  "height": 0.25265214
}