{
  "width": 0.21911626, 
  "rotation": 3.0736666, 
  "xCenter": 0.88260025, 
  "yCenter": 0.7252011, 
  "height": 0.27389532
}