{
  "width": 0.11751114, 
  "rotation": 2.7462957, 
  "xCenter": 0.81148237, 
  "yCenter": 0.42035463, 
  "height": 0.14688893
}