{
  "width": 0.17568812, 
  "rotation": 2.7395663, 
  "xCenter": 0.907612, 
  "yCenter": 0.6920696, 
  "height": 0.21961014
}