{
  "width": 0.15721421, 
  "rotation": -2.9854083, 
  "xCenter": 0.8043032, 
  "yCenter": 0.77170175, 
  "height": 0.19651777
}