{
  "width": 0.16286929, 
  "rotation": 3.136287, 
  "xCenter": 0.62463975, 
  "yCenter": 0.74286467, 
  "height": 0.20358661
}