{
  "width": 0.19626856, 
  "rotation": 2.816206, 
  "xCenter": 0.6809437, 
  "yCenter": 0.7473517, 
  "height": 0.2453357
}