{
  "width": 0.17579474, 
  "rotation": -3.0099137, 
  "xCenter": 0.6110629, 
  "yCenter": 0.71044457, 
  "height": 0.21974342
}