{
  "width": 0.15933779, 
  "rotation": 2.9670768, 
  "xCenter": 0.62329346, 
  "yCenter": 0.76017547, 
  "height": 0.19917224
}