{
  "width": 0.14681403, 
  "rotation": 2.9519567, 
  "xCenter": 0.9059241, 
  "yCenter": 0.69736266, 
  "height": 0.18351755
}