{
  "width": 0.20653422, 
  "rotation": 2.9168978, 
  "xCenter": 0.692604, 
  "yCenter": 0.71780455, 
  "height": 0.25816777
}