{
  "width": 0.12484752, 
  "rotation": 3.0490718, 
  "xCenter": 0.6236507, 
  "yCenter": 0.755474, 
  "height": 0.1560594
}