{
  "width": 0.15976295, 
  "rotation": 1.879649, 
  "xCenter": 0.3776485, 
  "yCenter": 0.22559558, 
  "height": 0.1997037
}