{
  "width": 0.17086151, 
  "rotation": 2.9651966, 
  "xCenter": 0.6340007, 
  "yCenter": 0.67847764, 
  "height": 0.21357688
}