{
  "width": 0.20189653, 
  "rotation": 2.8962522, 
  "xCenter": 0.6738562, 
  "yCenter": 0.73471856, 
  "height": 0.25237066
}