{
  "width": 0.1913544, 
  "rotation": -2.99131, 
  "xCenter": 0.66971916, 
  "yCenter": 0.7561548, 
  "height": 0.23919299
}