{
  "width": 0.16767707, 
  "rotation": -2.8005722, 
  "xCenter": 0.494555, 
  "yCenter": 0.6868365, 
  "height": 0.20959634
}