{
  "width": 0.19619603, 
  "rotation": 2.981571, 
  "xCenter": 0.8735283, 
  "yCenter": 0.71094054, 
  "height": 0.24524504
}