{
  "width": 0.16269882, 
  "rotation": 2.955206, 
  "xCenter": 0.5854807, 
  "yCenter": 0.70217794, 
  "height": 0.20337352
}