{
  "width": 0.13737929, 
  "rotation": -3.0542593, 
  "xCenter": 0.49823853, 
  "yCenter": 0.6866057, 
  "height": 0.17172411
}