{
  "width": 0.12806532, 
  "rotation": -2.8729508, 
  "xCenter": 0.86830205, 
  "yCenter": 0.6711764, 
  "height": 0.16008164
}