{
  "width": 0.4590131, 
  "rotation": -1.7283281, 
  "xCenter": 0.7229695, 
  "yCenter": 0.56741095, 
  "height": 0.57376635
}