{
  "width": 0.18331972, 
  "rotation": -3.0924308, 
  "xCenter": 0.6342895, 
  "yCenter": 0.77083737, 
  "height": 0.22914964
}