{
  "width": 0.19697416, 
  "rotation": -2.983725, 
  "xCenter": 0.66895205, 
  "yCenter": 0.75299555, 
  "height": 0.24621768
}