{
  "width": 0.15621309, 
  "rotation": -3.061505, 
  "xCenter": 0.63691103, 
  "yCenter": 0.7250885, 
  "height": 0.19526637
}