{
  "width": 0.15499903, 
  "rotation": -1.6447495, 
  "xCenter": 0.5996014, 
  "yCenter": 0.45049116, 
  "height": 0.1937488
}