{
  "width": 0.1598822, 
  "rotation": 3.0338047, 
  "xCenter": 0.7999548, 
  "yCenter": 0.762984, 
  "height": 0.19985276
}