{
  "width": 0.20072456, 
  "rotation": -1.9774631, 
  "xCenter": 0.5294554, 
  "yCenter": 0.44741526, 
  "height": 0.2509057
}