{
  "width": 0.19129753, 
  "rotation": 2.9956803, 
  "xCenter": 0.85122794, 
  "yCenter": 0.7823665, 
  "height": 0.2391219
}