{
  "width": 0.13763969, 
  "rotation": 2.985087, 
  "xCenter": 0.6189421, 
  "yCenter": 0.7377115, 
  "height": 0.17204961
}