{
  "width": 0.20402043, 
  "rotation": 2.8676977, 
  "xCenter": 0.8947562, 
  "yCenter": 0.7395764, 
  "height": 0.25502554
}