{
  "width": 0.20166112, 
  "rotation": 3.054686, 
  "xCenter": 0.8562493, 
  "yCenter": 0.77310604, 
  "height": 0.25207642
}