{
  "width": 0.16235727, 
  "rotation": -2.9112813, 
  "xCenter": 0.8254803, 
  "yCenter": 0.6856201, 
  "height": 0.20294659
}