{
  "width": 0.1985671, 
  "rotation": -2.9944952, 
  "xCenter": 0.6687686, 
  "yCenter": 0.75523734, 
  "height": 0.24820888
}