{
  "width": 0.18473011, 
  "rotation": 3.0684204, 
  "xCenter": 0.8456544, 
  "yCenter": 0.7743844, 
  "height": 0.23091264
}