{
  "width": 0.22446851, 
  "rotation": -2.992481, 
  "xCenter": 0.85635996, 
  "yCenter": 0.7389122, 
  "height": 0.28058565
}