{
  "width": 0.16031814, 
  "rotation": -2.9650815, 
  "xCenter": 0.5382686, 
  "yCenter": 0.6865798, 
  "height": 0.20039769
}