{
  "width": 0.17760698, 
  "rotation": 3.042828, 
  "xCenter": 0.63335335, 
  "yCenter": 0.7021022, 
  "height": 0.22200872
}