{
  "width": 0.08953899, 
  "rotation": 2.651536, 
  "xCenter": 0.4328788, 
  "yCenter": 0.4913319, 
  "height": 0.11192373
}