{
  "width": 0.16771233, 
  "rotation": 3.0403152, 
  "xCenter": 0.81855506, 
  "yCenter": 0.76154864, 
  "height": 0.2096404
}