{
  "width": 0.21872076, 
  "rotation": -3.0969346, 
  "xCenter": 0.8746705, 
  "yCenter": 0.7519357, 
  "height": 0.27340096
}