{
  "width": 0.20659435, 
  "rotation": 2.8606915, 
  "xCenter": 0.896405, 
  "yCenter": 0.74056435, 
  "height": 0.25824293
}