{
  "width": 0.21839377, 
  "rotation": -3.0065548, 
  "xCenter": 0.85735095, 
  "yCenter": 0.7399737, 
  "height": 0.27299222
}