{
  "width": 0.18329802, 
  "rotation": 3.0605788, 
  "xCenter": 0.6355374, 
  "yCenter": 0.6915427, 
  "height": 0.22912252
}