{
  "width": 0.1636426, 
  "rotation": -2.9259183, 
  "xCenter": 0.8263789, 
  "yCenter": 0.68619704, 
  "height": 0.20455325
}