{
  "width": 0.32948324, 
  "rotation": 2.1731458, 
  "xCenter": 0.6587587, 
  "yCenter": 0.60296535, 
  "height": 0.41185406
}