{
  "width": 0.1662122, 
  "rotation": -3.078119, 
  "xCenter": 0.61868155, 
  "yCenter": 0.7525065, 
  "height": 0.20776524
}