{
  "width": 0.22524199, 
  "rotation": -3.0052342, 
  "xCenter": 0.8476435, 
  "yCenter": 0.72749877, 
  "height": 0.2815525
}