{
  "width": 0.21183954, 
  "rotation": -3.1320689, 
  "xCenter": 0.8781157, 
  "yCenter": 0.75289637, 
  "height": 0.26479942
}