{
  "width": 0.17256528, 
  "rotation": 3.02428, 
  "xCenter": 0.6833598, 
  "yCenter": 0.74366015, 
  "height": 0.21570659
}