{
  "width": 0.21834634, 
  "rotation": 2.9094493, 
  "xCenter": 0.90085226, 
  "yCenter": 0.71610904, 
  "height": 0.27293295
}