{
  "width": 0.18234448, 
  "rotation": -3.0221193, 
  "xCenter": 0.87336814, 
  "yCenter": 0.6856868, 
  "height": 0.22793059
}