{
  "width": 0.10956444, 
  "rotation": 2.5990725, 
  "xCenter": 0.8179258, 
  "yCenter": 0.41902962, 
  "height": 0.13695554
}