{
  "width": 0.08094792, 
  "rotation": 2.3518858, 
  "xCenter": 0.43637696, 
  "yCenter": 0.19398375, 
  "height": 0.1011849
}