{
  "width": 0.16078663, 
  "rotation": 2.996829, 
  "xCenter": 0.862996, 
  "yCenter": 0.71514827, 
  "height": 0.20098329
}