{
  "width": 0.17335734, 
  "rotation": 3.1083007, 
  "xCenter": 0.65081316, 
  "yCenter": 0.7690205, 
  "height": 0.21669666
}