{
  "width": 0.20016131, 
  "rotation": 3.0534453, 
  "xCenter": 0.8576623, 
  "yCenter": 0.7710488, 
  "height": 0.25020164
}