{
  "width": 0.1611522, 
  "rotation": -3.068155, 
  "xCenter": 0.61729664, 
  "yCenter": 0.742767, 
  "height": 0.20144026
}