{
  "width": 0.18966629, 
  "rotation": 2.822549, 
  "xCenter": 0.6893724, 
  "yCenter": 0.7407077, 
  "height": 0.23708285
}