{
  "width": 0.18653725, 
  "rotation": 2.7880034, 
  "xCenter": 0.68763757, 
  "yCenter": 0.74565846, 
  "height": 0.23317155
}