{
  "width": 0.14789233, 
  "rotation": 2.8781548, 
  "xCenter": 0.80268604, 
  "yCenter": 0.73032093, 
  "height": 0.18486542
}