{
  "width": 0.15785176, 
  "rotation": 2.720924, 
  "xCenter": 0.60191905, 
  "yCenter": 0.6930374, 
  "height": 0.19731471
}