{
  "width": 0.19839323, 
  "rotation": 2.93938, 
  "xCenter": 0.6638565, 
  "yCenter": 0.73689467, 
  "height": 0.24799153
}