{
  "width": 0.17012043, 
  "rotation": -2.9939954, 
  "xCenter": 0.6263724, 
  "yCenter": 0.76129663, 
  "height": 0.21265054
}