{
  "width": 0.16437453, 
  "rotation": -2.9884765, 
  "xCenter": 0.89325774, 
  "yCenter": 0.69308037, 
  "height": 0.20546816
}