{
  "width": 0.21858563, 
  "rotation": -3.117604, 
  "xCenter": 0.87588966, 
  "yCenter": 0.7506601, 
  "height": 0.27323204
}