{
  "width": 0.17411128, 
  "rotation": 2.9643815, 
  "xCenter": 0.6347716, 
  "yCenter": 0.67537093, 
  "height": 0.21763909
}