{
  "width": 0.16009313, 
  "rotation": -2.9360428, 
  "xCenter": 0.50395256, 
  "yCenter": 0.67848545, 
  "height": 0.20011641
}