{
  "width": 0.19829002, 
  "rotation": 3.036041, 
  "xCenter": 0.8629489, 
  "yCenter": 0.72735435, 
  "height": 0.24786252
}