{
  "width": 0.14744012, 
  "rotation": -2.9085753, 
  "xCenter": 0.500236, 
  "yCenter": 0.68306243, 
  "height": 0.18430015
}