{
  "width": 0.22071199, 
  "rotation": -3.0282898, 
  "xCenter": 0.85826534, 
  "yCenter": 0.7422569, 
  "height": 0.27589
}