{
  "width": 0.18929575, 
  "rotation": -3.076633, 
  "xCenter": 0.6240013, 
  "yCenter": 0.7084637, 
  "height": 0.23661968
}