{
  "width": 0.19862926, 
  "rotation": 2.8164105, 
  "xCenter": 0.87234175, 
  "yCenter": 0.7715777, 
  "height": 0.24828656
}