{
  "width": 0.19766347, 
  "rotation": -2.9668398, 
  "xCenter": 0.8440716, 
  "yCenter": 0.6946596, 
  "height": 0.24707933
}