{
  "width": 0.19697276, 
  "rotation": -2.9325488, 
  "xCenter": 0.8453543, 
  "yCenter": 0.6942167, 
  "height": 0.24621594
}