{
  "width": 0.0771013, 
  "rotation": 2.5277805, 
  "xCenter": 0.5061825, 
  "yCenter": 0.34935328, 
  "height": 0.09637662
}