{
  "width": 0.20970728, 
  "rotation": 2.8513312, 
  "xCenter": 0.8884826, 
  "yCenter": 0.71410763, 
  "height": 0.2621341
}