{
  "width": 0.13609926, 
  "rotation": -2.1809423, 
  "xCenter": 0.6202685, 
  "yCenter": 0.57780224, 
  "height": 0.17012408
}