{
  "width": 0.15709612, 
  "rotation": 2.9289672, 
  "xCenter": 0.5960096, 
  "yCenter": 0.702355, 
  "height": 0.19637015
}