{
  "width": 0.17556739, 
  "rotation": -2.9843442, 
  "xCenter": 0.6096221, 
  "yCenter": 0.7081406, 
  "height": 0.21945924
}