{
  "width": 0.16464001, 
  "rotation": -2.8697083, 
  "xCenter": 0.45705396, 
  "yCenter": 0.67621195, 
  "height": 0.2058
}