{
  "width": 0.22061995, 
  "rotation": 2.9491334, 
  "xCenter": 0.86652786, 
  "yCenter": 0.75902843, 
  "height": 0.27577493
}