{
  "width": 0.1787169, 
  "rotation": 2.7331777, 
  "xCenter": 0.90788436, 
  "yCenter": 0.6942702, 
  "height": 0.22339611
}