{
  "width": 0.17831366, 
  "rotation": 2.7720394, 
  "xCenter": 0.88162297, 
  "yCenter": 0.6736957, 
  "height": 0.22289206
}