{
  "width": 0.16046676, 
  "rotation": -2.7879212, 
  "xCenter": 0.45792943, 
  "yCenter": 0.6727979, 
  "height": 0.20058346
}