{
  "width": 0.22161579, 
  "rotation": -3.1089487, 
  "xCenter": 0.8744409, 
  "yCenter": 0.7518287, 
  "height": 0.27701974
}