{
  "width": 0.180267, 
  "rotation": 1.993684, 
  "xCenter": 0.4126077, 
  "yCenter": 0.26645753, 
  "height": 0.22533375
}