{
  "width": 0.19780326, 
  "rotation": 2.8329256, 
  "xCenter": 0.6893638, 
  "yCenter": 0.744354, 
  "height": 0.24725406
}