{
  "width": 0.16436261, 
  "rotation": -2.9725232, 
  "xCenter": 0.5962432, 
  "yCenter": 0.7150017, 
  "height": 0.20545325
}