{
  "width": 0.16036014, 
  "rotation": -2.934809, 
  "xCenter": 0.50381625, 
  "yCenter": 0.6786475, 
  "height": 0.20045018
}