{
  "width": 0.099647366, 
  "rotation": -0.69188297, 
  "xCenter": 0.45025268, 
  "yCenter": 0.2805162, 
  "height": 0.12455921
}