{
  "width": 0.1540413, 
  "rotation": 2.9215367, 
  "xCenter": 0.79925317, 
  "yCenter": 0.72999007, 
  "height": 0.19255164
}