{
  "width": 0.16784157, 
  "rotation": 2.7831964, 
  "xCenter": 0.86107045, 
  "yCenter": 0.6676415, 
  "height": 0.20980196
}