{
  "width": 0.14722408, 
  "rotation": 2.927133, 
  "xCenter": 0.5144752, 
  "yCenter": 0.67959756, 
  "height": 0.18403012
}