{
  "width": 0.19250305, 
  "rotation": 2.7920442, 
  "xCenter": 0.6856051, 
  "yCenter": 0.74576837, 
  "height": 0.24062881
}