{
  "width": 0.1859141, 
  "rotation": 2.8396902, 
  "xCenter": 0.84433305, 
  "yCenter": 0.7820962, 
  "height": 0.23239262
}