{
  "width": 0.13162902, 
  "rotation": -2.8577993, 
  "xCenter": 0.4991839, 
  "yCenter": 0.66983575, 
  "height": 0.16453627
}