{
  "width": 0.1999318, 
  "rotation": -3.067631, 
  "xCenter": 0.8716838, 
  "yCenter": 0.7464576, 
  "height": 0.24991474
}