{
  "width": 0.194624, 
  "rotation": 3.0831714, 
  "xCenter": 0.6759299, 
  "yCenter": 0.72151315, 
  "height": 0.24328
}