{
  "width": 0.2009213, 
  "rotation": 2.854146, 
  "xCenter": 0.6911061, 
  "yCenter": 0.7174661, 
  "height": 0.25115162
}