{
  "width": 0.19813272, 
  "rotation": 2.7881885, 
  "xCenter": 0.8972449, 
  "yCenter": 0.706576, 
  "height": 0.2476659
}