{
  "width": 0.22709483, 
  "rotation": -2.9921372, 
  "xCenter": 0.85606986, 
  "yCenter": 0.73284984, 
  "height": 0.28386855
}