{
  "width": 0.11513588, 
  "rotation": 2.0675392, 
  "xCenter": 0.102239, 
  "yCenter": 0.1671993, 
  "height": 0.14391986
}