{
  "width": 0.20815864, 
  "rotation": 2.8901973, 
  "xCenter": 0.68824244, 
  "yCenter": 0.7284494, 
  "height": 0.2601983
}