{
  "width": 0.20290959, 
  "rotation": 3.0355263, 
  "xCenter": 0.6688812, 
  "yCenter": 0.7587528, 
  "height": 0.253637
}