{
  "width": 0.21500608, 
  "rotation": 2.9674966, 
  "xCenter": 0.8897159, 
  "yCenter": 0.76029336, 
  "height": 0.2687576
}