{
  "width": 0.15975711, 
  "rotation": -3.0620806, 
  "xCenter": 0.50106794, 
  "yCenter": 0.68338066, 
  "height": 0.19969638
}