{
  "width": 0.15068151, 
  "rotation": -2.8122096, 
  "xCenter": 0.5100662, 
  "yCenter": 0.6585403, 
  "height": 0.1883519
}