{
  "width": 0.16920026, 
  "rotation": -3.074962, 
  "xCenter": 0.8647471, 
  "yCenter": 0.7166001, 
  "height": 0.21150032
}