{
  "width": 0.17052615, 
  "rotation": 2.891768, 
  "xCenter": 0.636328, 
  "yCenter": 0.6821622, 
  "height": 0.21315768
}