{
  "width": 0.13400774, 
  "rotation": 2.91782, 
  "xCenter": 0.8416719, 
  "yCenter": 0.69401824, 
  "height": 0.16750968
}