{
  "width": 0.16019835, 
  "rotation": -3.0886033, 
  "xCenter": 0.6306492, 
  "yCenter": 0.69114804, 
  "height": 0.20024794
}