{
  "width": 0.16471966, 
  "rotation": -3.0792644, 
  "xCenter": 0.8151446, 
  "yCenter": 0.7774403, 
  "height": 0.20589957
}