{
  "width": 0.2043313, 
  "rotation": -3.020744, 
  "xCenter": 0.8690056, 
  "yCenter": 0.74746144, 
  "height": 0.25541413
}