{
  "width": 0.15274651, 
  "rotation": -2.9920177, 
  "xCenter": 0.7883026, 
  "yCenter": 0.72712284, 
  "height": 0.19093315
}