{
  "width": 0.14609039, 
  "rotation": 2.9976683, 
  "xCenter": 0.5150382, 
  "yCenter": 0.68264997, 
  "height": 0.18261299
}