{
  "width": 0.20608279, 
  "rotation": 2.8789327, 
  "xCenter": 0.68473065, 
  "yCenter": 0.71423185, 
  "height": 0.2576035
}