{
  "width": 0.16043746, 
  "rotation": -3.1071236, 
  "xCenter": 0.86634296, 
  "yCenter": 0.7116685, 
  "height": 0.20054685
}