{
  "width": 0.18262358, 
  "rotation": 2.8782005, 
  "xCenter": 0.6578989, 
  "yCenter": 0.76046747, 
  "height": 0.22827947
}