{
  "width": 0.18304232, 
  "rotation": 2.9539027, 
  "xCenter": 0.63931507, 
  "yCenter": 0.7686918, 
  "height": 0.22880289
}