{
  "width": 0.17285554, 
  "rotation": -3.05319, 
  "xCenter": 0.6163724, 
  "yCenter": 0.7523383, 
  "height": 0.21606942
}