{
  "width": 0.21921544, 
  "rotation": 2.8702612, 
  "xCenter": 0.69320905, 
  "yCenter": 0.7178571, 
  "height": 0.2740193
}