{
  "width": 0.13670334, 
  "rotation": 3.0857294, 
  "xCenter": 0.56446415, 
  "yCenter": 0.68276924, 
  "height": 0.17087919
}