{
  "width": 0.170855, 
  "rotation": 3.077015, 
  "xCenter": 0.6529897, 
  "yCenter": 0.7679203, 
  "height": 0.21356875
}