{
  "width": 0.06906726, 
  "rotation": 2.4951997, 
  "xCenter": 0.49061093, 
  "yCenter": 0.33138314, 
  "height": 0.08633408
}