{
  "width": 0.18074083, 
  "rotation": -3.0727742, 
  "xCenter": 0.6373415, 
  "yCenter": 0.725513, 
  "height": 0.22592603
}