{
  "width": 0.21501414, 
  "rotation": -3.120845, 
  "xCenter": 0.87532914, 
  "yCenter": 0.75110096, 
  "height": 0.26876768
}