{
  "width": 0.19051492, 
  "rotation": -3.0587912, 
  "xCenter": 0.87207353, 
  "yCenter": 0.7417976, 
  "height": 0.23814364
}