{
  "width": 0.20203911, 
  "rotation": -2.9188426, 
  "xCenter": 0.8432333, 
  "yCenter": 0.6918298, 
  "height": 0.25254887
}