{
  "width": 0.16955975, 
  "rotation": 3.0644345, 
  "xCenter": 0.8091844, 
  "yCenter": 0.75612366, 
  "height": 0.21194968
}