{
  "width": 0.21800913, 
  "rotation": -3.1354795, 
  "xCenter": 0.8776609, 
  "yCenter": 0.7521918, 
  "height": 0.27251142
}