{
  "width": 0.17186992, 
  "rotation": -3.0805645, 
  "xCenter": 0.88529277, 
  "yCenter": 0.70190644, 
  "height": 0.21483739
}