{
  "width": 0.21894191, 
  "rotation": -3.0073745, 
  "xCenter": 0.85651577, 
  "yCenter": 0.73272514, 
  "height": 0.27367738
}