{
  "width": 0.1600708, 
  "rotation": -2.8104799, 
  "xCenter": 0.45494622, 
  "yCenter": 0.67341727, 
  "height": 0.20008852
}