{
  "width": 0.17041364, 
  "rotation": 2.969759, 
  "xCenter": 0.6337909, 
  "yCenter": 0.6795314, 
  "height": 0.21301705
}