{
  "width": 0.19441773, 
  "rotation": -3.071562, 
  "xCenter": 0.8723789, 
  "yCenter": 0.7447522, 
  "height": 0.24302216
}