{
  "width": 0.08914334, 
  "rotation": 2.6126904, 
  "xCenter": 0.43257457, 
  "yCenter": 0.4901179, 
  "height": 0.11142918
}