{
  "width": 0.17779465, 
  "rotation": 2.9899821, 
  "xCenter": 0.87230694, 
  "yCenter": 0.7211784, 
  "height": 0.22224331
}