{
  "width": 0.14851516, 
  "rotation": -2.9720364, 
  "xCenter": 0.7918362, 
  "yCenter": 0.73894, 
  "height": 0.18564396
}