{
  "width": 0.114422075, 
  "rotation": -3.135904, 
  "xCenter": 0.614744, 
  "yCenter": 0.75758654, 
  "height": 0.1430276
}