{
  "width": 0.08651079, 
  "rotation": 2.5075686, 
  "xCenter": 0.39697427, 
  "yCenter": 0.15250418, 
  "height": 0.108138494
}