{
  "width": 0.08218455, 
  "rotation": -0.50026286, 
  "xCenter": 0.42453986, 
  "yCenter": 0.28250524, 
  "height": 0.10273069
}