{
  "width": 0.20227265, 
  "rotation": 2.8482213, 
  "xCenter": 0.6912323, 
  "yCenter": 0.7174, 
  "height": 0.25284082
}