{
  "width": 0.1765073, 
  "rotation": 3.02985, 
  "xCenter": 0.8203804, 
  "yCenter": 0.76867235, 
  "height": 0.22063412
}