{
  "width": 0.17269963, 
  "rotation": 3.1252425, 
  "xCenter": 0.6014056, 
  "yCenter": 0.7207553, 
  "height": 0.21587454
}