{
  "width": 0.1974135, 
  "rotation": 2.7547002, 
  "xCenter": 0.7035795, 
  "yCenter": 0.7009151, 
  "height": 0.24676687
}