{
  "width": 0.17263485, 
  "rotation": 3.0705326, 
  "xCenter": 0.65060043, 
  "yCenter": 0.7711322, 
  "height": 0.21579356
}