{
  "width": 0.1860308, 
  "rotation": 2.9628053, 
  "xCenter": 0.63641375, 
  "yCenter": 0.6843098, 
  "height": 0.23253849
}