{
  "width": 0.19487965, 
  "rotation": 2.9819846, 
  "xCenter": 0.8580675, 
  "yCenter": 0.74849993, 
  "height": 0.24359956
}