{
  "width": 0.11693154, 
  "rotation": 3.1075475, 
  "xCenter": 0.6163391, 
  "yCenter": 0.7603337, 
  "height": 0.14616443
}