{
  "width": 0.17535292, 
  "rotation": 2.8319418, 
  "xCenter": 0.8697856, 
  "yCenter": 0.6709622, 
  "height": 0.21919113
}