{
  "width": 0.2050268, 
  "rotation": 2.8716636, 
  "xCenter": 0.6902773, 
  "yCenter": 0.72340155, 
  "height": 0.25628352
}