{
  "width": 0.22025143, 
  "rotation": 2.936277, 
  "xCenter": 0.89365554, 
  "yCenter": 0.762607, 
  "height": 0.27531427
}