{
  "width": 0.19522499, 
  "rotation": -2.9823134, 
  "xCenter": 0.6617571, 
  "yCenter": 0.74515384, 
  "height": 0.24403122
}