{
  "width": 0.21039055, 
  "rotation": 2.8703823, 
  "xCenter": 0.6895403, 
  "yCenter": 0.7210731, 
  "height": 0.26298818
}