{
  "width": 0.22296405, 
  "rotation": -3.018551, 
  "xCenter": 0.8445439, 
  "yCenter": 0.7322566, 
  "height": 0.27870506
}