{
  "width": 0.21964855, 
  "rotation": -1.6856111, 
  "xCenter": 0.692278, 
  "yCenter": 0.44101477, 
  "height": 0.2745607
}