{
  "width": 0.13697517, 
  "rotation": 2.8154216, 
  "xCenter": 0.871922, 
  "yCenter": 0.502663, 
  "height": 0.17121896
}