{
  "width": 0.20426342, 
  "rotation": -3.039098, 
  "xCenter": 0.8533244, 
  "yCenter": 0.7464067, 
  "height": 0.25532928
}