{
  "width": 0.16723347, 
  "rotation": -2.912647, 
  "xCenter": 0.4873406, 
  "yCenter": 0.6839209, 
  "height": 0.20904182
}