{
  "width": 0.19690101, 
  "rotation": -2.9764707, 
  "xCenter": 0.8447496, 
  "yCenter": 0.69467926, 
  "height": 0.24612625
}