{
  "width": 0.22237624, 
  "rotation": -3.0211964, 
  "xCenter": 0.8462066, 
  "yCenter": 0.7367531, 
  "height": 0.2779703
}