{
  "width": 0.201305, 
  "rotation": 3.135051, 
  "xCenter": 0.6710732, 
  "yCenter": 0.7457309, 
  "height": 0.25163126
}