{
  "width": 0.18505974, 
  "rotation": -2.994472, 
  "xCenter": 0.85199624, 
  "yCenter": 0.71531767, 
  "height": 0.23132467
}