{
  "width": 0.17568812, 
  "rotation": -3.0506647, 
  "xCenter": 0.636537, 
  "yCenter": 0.72649014, 
  "height": 0.21961014
}