{
  "width": 0.1570814, 
  "rotation": 2.9270487, 
  "xCenter": 0.9010924, 
  "yCenter": 0.69986033, 
  "height": 0.19635175
}