{
  "width": 0.14133003, 
  "rotation": 3.049304, 
  "xCenter": 0.61367863, 
  "yCenter": 0.7355596, 
  "height": 0.17666255
}