{
  "width": 0.2035741, 
  "rotation": 2.7390451, 
  "xCenter": 0.7179811, 
  "yCenter": 0.70247453, 
  "height": 0.25446764
}