{
  "width": 0.18544206, 
  "rotation": -3.1219923, 
  "xCenter": 0.62719035, 
  "yCenter": 0.70517033, 
  "height": 0.23180257
}