{
  "width": 0.1548687, 
  "rotation": -3.0379872, 
  "xCenter": 0.54661906, 
  "yCenter": 0.6099407, 
  "height": 0.19358589
}