{
  "width": 0.17639804, 
  "rotation": 2.7044654, 
  "xCenter": 0.8576306, 
  "yCenter": 0.6758158, 
  "height": 0.22049755
}