{
  "width": 0.1746729, 
  "rotation": -3.059559, 
  "xCenter": 0.9171899, 
  "yCenter": 0.6845013, 
  "height": 0.21834111
}