{
  "width": 0.14125022, 
  "rotation": 2.9708114, 
  "xCenter": 0.51544356, 
  "yCenter": 0.68143845, 
  "height": 0.17656279
}