{
  "width": 0.20405622, 
  "rotation": 2.8468714, 
  "xCenter": 0.68917304, 
  "yCenter": 0.7139452, 
  "height": 0.25507027
}