{
  "width": 0.18869662, 
  "rotation": 2.7927427, 
  "xCenter": 0.89940035, 
  "yCenter": 0.7076174, 
  "height": 0.23587078
}