{
  "width": 0.19009665, 
  "rotation": 2.9861226, 
  "xCenter": 0.8631302, 
  "yCenter": 0.7190756, 
  "height": 0.2376208
}