{
  "width": 0.20220539, 
  "rotation": -3.1300044, 
  "xCenter": 0.85784435, 
  "yCenter": 0.748945, 
  "height": 0.25275674
}