{
  "width": 0.17618263, 
  "rotation": -3.0272036, 
  "xCenter": 0.6027344, 
  "yCenter": 0.71893734, 
  "height": 0.22022828
}