{
  "width": 0.19005418, 
  "rotation": 3.0810595, 
  "xCenter": 0.67829907, 
  "yCenter": 0.74947494, 
  "height": 0.23756772
}