{
  "width": 0.15639332, 
  "rotation": 2.7834916, 
  "xCenter": 0.8116971, 
  "yCenter": 0.7248952, 
  "height": 0.19549166
}