{
  "width": 0.1850024, 
  "rotation": -3.0217187, 
  "xCenter": 0.8538054, 
  "yCenter": 0.6943559, 
  "height": 0.231253
}