{
  "width": 0.1527631, 
  "rotation": 2.848002, 
  "xCenter": 0.8093174, 
  "yCenter": 0.7222119, 
  "height": 0.19095388
}