{
  "width": 0.14238313, 
  "rotation": -2.9356916, 
  "xCenter": 0.49790552, 
  "yCenter": 0.687459, 
  "height": 0.1779789
}