{
  "width": 0.14132291, 
  "rotation": -3.0816326, 
  "xCenter": 0.7877982, 
  "yCenter": 0.7506062, 
  "height": 0.17665364
}