{
  "width": 0.16227947, 
  "rotation": 2.954493, 
  "xCenter": 0.89252996, 
  "yCenter": 0.7042682, 
  "height": 0.20284934
}