{
  "width": 0.19988221, 
  "rotation": -3.0571558, 
  "xCenter": 0.8573568, 
  "yCenter": 0.7560779, 
  "height": 0.24985275
}