{
  "width": 0.094500884, 
  "rotation": -1.4777871, 
  "xCenter": 0.5518117, 
  "yCenter": 0.20768942, 
  "height": 0.1181261
}