{
  "width": 0.45704052, 
  "rotation": -1.7080945, 
  "xCenter": 0.73444766, 
  "yCenter": 0.55964833, 
  "height": 0.5713007
}