{
  "width": 0.16627806, 
  "rotation": 2.982315, 
  "xCenter": 0.6327292, 
  "yCenter": 0.7591658, 
  "height": 0.20784757
}