{
  "width": 0.15657169, 
  "rotation": -2.8654897, 
  "xCenter": 0.47094947, 
  "yCenter": 0.6778841, 
  "height": 0.19571462
}