{
  "width": 0.21689953, 
  "rotation": -3.0298207, 
  "xCenter": 0.85905427, 
  "yCenter": 0.74061847, 
  "height": 0.27112442
}