{
  "width": 0.1298883, 
  "rotation": -2.9770792, 
  "xCenter": 0.6007389, 
  "yCenter": 0.65025, 
  "height": 0.16236037
}