{
  "width": 0.1982959, 
  "rotation": 3.1114244, 
  "xCenter": 0.84956634, 
  "yCenter": 0.7718531, 
  "height": 0.24786988
}