{
  "width": 0.15050484, 
  "rotation": -2.9740367, 
  "xCenter": 0.79008526, 
  "yCenter": 0.7369135, 
  "height": 0.18813106
}