{
  "width": 0.13764402, 
  "rotation": -2.8194833, 
  "xCenter": 0.60942817, 
  "yCenter": 0.71917534, 
  "height": 0.17205504
}