{
  "width": 0.1545955, 
  "rotation": 3.0284524, 
  "xCenter": 0.89944017, 
  "yCenter": 0.7223125, 
  "height": 0.19324437
}