{
  "width": 0.16903502, 
  "rotation": 3.0567293, 
  "xCenter": 0.81744266, 
  "yCenter": 0.7647898, 
  "height": 0.21129376
}