{
  "width": 0.17270924, 
  "rotation": -3.0817664, 
  "xCenter": 0.9185198, 
  "yCenter": 0.6854572, 
  "height": 0.21588655
}