{
  "width": 0.13398916, 
  "rotation": 3.0941792, 
  "xCenter": 0.6267504, 
  "yCenter": 0.7380647, 
  "height": 0.16748646
}