{
  "width": 0.15082254, 
  "rotation": -3.0769436, 
  "xCenter": 0.6369648, 
  "yCenter": 0.72715425, 
  "height": 0.18852818
}