{
  "width": 0.16098437, 
  "rotation": 3.1395066, 
  "xCenter": 0.8978125, 
  "yCenter": 0.70773447, 
  "height": 0.20123047
}