{
  "width": 0.1894986, 
  "rotation": 2.8141298, 
  "xCenter": 0.6790899, 
  "yCenter": 0.7553707, 
  "height": 0.23687325
}