{
  "width": 0.18974486, 
  "rotation": 2.7914257, 
  "xCenter": 0.67663723, 
  "yCenter": 0.73031074, 
  "height": 0.23718107
}