{
  "width": 0.212401, 
  "rotation": 2.8647964, 
  "xCenter": 0.69290906, 
  "yCenter": 0.72200227, 
  "height": 0.26550126
}