{
  "width": 0.115221344, 
  "rotation": 3.0754902, 
  "xCenter": 0.49899033, 
  "yCenter": 0.4909904, 
  "height": 0.14402668
}