{
  "width": 0.13026038, 
  "rotation": -2.9663684, 
  "xCenter": 0.61346024, 
  "yCenter": 0.71008873, 
  "height": 0.16282548
}