{
  "width": 0.17485964, 
  "rotation": -3.088429, 
  "xCenter": 0.64508045, 
  "yCenter": 0.77184904, 
  "height": 0.21857454
}