{
  "width": 0.6544433, 
  "rotation": -0.70705664, 
  "xCenter": 0.26574302, 
  "yCenter": 0.34835118, 
  "height": 0.81805414
}