{
  "width": 0.14451192, 
  "rotation": 3.0159502, 
  "xCenter": 0.55510217, 
  "yCenter": 0.6804981, 
  "height": 0.18063991
}