{
  "width": 0.17004527, 
  "rotation": -3.1158946, 
  "xCenter": 0.9047169, 
  "yCenter": 0.7109723, 
  "height": 0.21255659
}