{
  "width": 0.17108685, 
  "rotation": 2.7703524, 
  "xCenter": 0.8570036, 
  "yCenter": 0.67081034, 
  "height": 0.21385854
}