{
  "width": 0.07894815, 
  "rotation": -1.9221715, 
  "xCenter": 0.5544976, 
  "yCenter": 0.20348005, 
  "height": 0.09868518
}