{
  "width": 0.17773235, 
  "rotation": -2.6975672, 
  "xCenter": 0.48842716, 
  "yCenter": 0.68436766, 
  "height": 0.22216544
}