{
  "width": 0.14595161, 
  "rotation": 2.7966871, 
  "xCenter": 0.584252, 
  "yCenter": 0.6850329, 
  "height": 0.18243952
}