{
  "width": 0.19113016, 
  "rotation": 3.0595202, 
  "xCenter": 0.6648494, 
  "yCenter": 0.7793714, 
  "height": 0.23891269
}