{
  "width": 0.09379615, 
  "rotation": 2.1407545, 
  "xCenter": 0.28912693, 
  "yCenter": 0.36064607, 
  "height": 0.11724518
}