{
  "width": 0.20981188, 
  "rotation": 2.9146855, 
  "xCenter": 0.87244564, 
  "yCenter": 0.77265847, 
  "height": 0.26226485
}