{
  "width": 0.4406665, 
  "rotation": -3.1292841, 
  "xCenter": 0.5593935, 
  "yCenter": 0.36771187, 
  "height": 0.5508331
}