{
  "width": 0.20675474, 
  "rotation": 2.8934326, 
  "xCenter": 0.688028, 
  "yCenter": 0.7290199, 
  "height": 0.25844344
}