{
  "width": 0.17835642, 
  "rotation": 2.9781742, 
  "xCenter": 0.652906, 
  "yCenter": 0.7648275, 
  "height": 0.22294553
}