{
  "width": 0.14201765, 
  "rotation": 2.987655, 
  "xCenter": 0.51437014, 
  "yCenter": 0.68152887, 
  "height": 0.17752206
}