{
  "width": 0.06412234, 
  "rotation": -2.9959633, 
  "xCenter": 0.4364987, 
  "yCenter": 0.4214183, 
  "height": 0.08015293
}