{
  "width": 0.12834074, 
  "rotation": 3.043647, 
  "xCenter": 0.56278825, 
  "yCenter": 0.65763044, 
  "height": 0.16042593
}