{
  "width": 0.17069584, 
  "rotation": -3.0650923, 
  "xCenter": 0.6176367, 
  "yCenter": 0.74755603, 
  "height": 0.2133698
}