{
  "width": 0.20086999, 
  "rotation": 2.7764838, 
  "xCenter": 0.68351585, 
  "yCenter": 0.7204172, 
  "height": 0.2510875
}