{
  "width": 0.15725, 
  "rotation": 2.9673686, 
  "xCenter": 0.8062241, 
  "yCenter": 0.7426252, 
  "height": 0.19656251
}