{
  "width": 0.16113338, 
  "rotation": -2.8473423, 
  "xCenter": 0.49723086, 
  "yCenter": 0.68272495, 
  "height": 0.20141672
}