{
  "width": 0.16355845, 
  "rotation": -3.100022, 
  "xCenter": 0.91266006, 
  "yCenter": 0.6945263, 
  "height": 0.20444806
}