{
  "width": 0.17899026, 
  "rotation": 2.9312053, 
  "xCenter": 0.6397153, 
  "yCenter": 0.7671492, 
  "height": 0.22373782
}