{
  "width": 0.15597504, 
  "rotation": 3.023509, 
  "xCenter": 0.5143026, 
  "yCenter": 0.6851531, 
  "height": 0.19496882
}