{
  "width": 0.081444874, 
  "rotation": 1.0846984, 
  "xCenter": 0.53829634, 
  "yCenter": 0.1983828, 
  "height": 0.10180609
}