{
  "width": 0.19170758, 
  "rotation": -2.97292, 
  "xCenter": 0.8471068, 
  "yCenter": 0.695086, 
  "height": 0.23963447
}