{
  "width": 0.16367127, 
  "rotation": 2.8696077, 
  "xCenter": 0.81112236, 
  "yCenter": 0.7446571, 
  "height": 0.20458908
}