{
  "width": 0.20925398, 
  "rotation": 2.8572097, 
  "xCenter": 0.6853251, 
  "yCenter": 0.7206186, 
  "height": 0.26156747
}