{
  "width": 0.19656673, 
  "rotation": 3.0082762, 
  "xCenter": 0.67362267, 
  "yCenter": 0.7679438, 
  "height": 0.2457084
}