{
  "width": 0.18696713, 
  "rotation": -3.057296, 
  "xCenter": 0.8730328, 
  "yCenter": 0.7367506, 
  "height": 0.23370892
}