{
  "width": 0.17307761, 
  "rotation": 2.799986, 
  "xCenter": 0.85587716, 
  "yCenter": 0.67146087, 
  "height": 0.21634701
}