{
  "width": 0.1709032, 
  "rotation": 2.8148308, 
  "xCenter": 0.89668435, 
  "yCenter": 0.6984486, 
  "height": 0.21362899
}