{
  "width": 0.19756538, 
  "rotation": 2.77288, 
  "xCenter": 0.88406044, 
  "yCenter": 0.70867896, 
  "height": 0.2469567
}