{
  "width": 0.15586656, 
  "rotation": -3.0956213, 
  "xCenter": 0.53314364, 
  "yCenter": 0.6730197, 
  "height": 0.19483322
}