{
  "width": 0.16359347, 
  "rotation": 2.998666, 
  "xCenter": 0.64315146, 
  "yCenter": 0.7578784, 
  "height": 0.20449184
}