{
  "width": 0.16074726, 
  "rotation": 3.0588527, 
  "xCenter": 0.6344642, 
  "yCenter": 0.7483419, 
  "height": 0.20093408
}