{
  "width": 0.20004338, 
  "rotation": 2.879161, 
  "xCenter": 0.70734733, 
  "yCenter": 0.7145164, 
  "height": 0.2500542
}