{
  "width": 0.17659904, 
  "rotation": 2.6853628, 
  "xCenter": 0.8577711, 
  "yCenter": 0.6761929, 
  "height": 0.2207488
}