{
  "width": 0.19938567, 
  "rotation": 2.9765735, 
  "xCenter": 0.87511605, 
  "yCenter": 0.709477, 
  "height": 0.24923208
}