{
  "width": 0.19086795, 
  "rotation": 2.944116, 
  "xCenter": 0.7004259, 
  "yCenter": 0.7043448, 
  "height": 0.23858492
}