{
  "width": 0.23204185, 
  "rotation": -3.0483718, 
  "xCenter": 0.8592204, 
  "yCenter": 0.73864365, 
  "height": 0.29005232
}