{
  "width": 0.17266585, 
  "rotation": 2.800242, 
  "xCenter": 0.8555378, 
  "yCenter": 0.6714763, 
  "height": 0.21583231
}