{
  "width": 0.19336145, 
  "rotation": 2.8426728, 
  "xCenter": 0.6825381, 
  "yCenter": 0.7565473, 
  "height": 0.2417018
}