{
  "width": 0.14638972, 
  "rotation": -3.1241229, 
  "xCenter": 0.5991381, 
  "yCenter": 0.72453624, 
  "height": 0.18298715
}