{
  "width": 0.15892603, 
  "rotation": -2.8362021, 
  "xCenter": 0.45652616, 
  "yCenter": 0.67296964, 
  "height": 0.19865754
}