{
  "width": 0.19051538, 
  "rotation": -2.9741302, 
  "xCenter": 0.8599096, 
  "yCenter": 0.6908423, 
  "height": 0.23814422
}