{
  "width": 0.1865505, 
  "rotation": 2.4804735, 
  "xCenter": 0.08106992, 
  "yCenter": 0.36537373, 
  "height": 0.23318812
}