{
  "width": 0.16273114, 
  "rotation": -2.85726, 
  "xCenter": 0.49815238, 
  "yCenter": 0.6832305, 
  "height": 0.20341392
}