{
  "width": 0.15668629, 
  "rotation": -2.780894, 
  "xCenter": 0.4571557, 
  "yCenter": 0.6713736, 
  "height": 0.19585787
}