{
  "width": 0.19244958, 
  "rotation": 3.0598612, 
  "xCenter": 0.63459045, 
  "yCenter": 0.6898599, 
  "height": 0.24056198
}