{
  "width": 0.19952592, 
  "rotation": 3.0706563, 
  "xCenter": 0.6717366, 
  "yCenter": 0.7538346, 
  "height": 0.2494074
}