{
  "width": 0.17049353, 
  "rotation": -2.12615, 
  "xCenter": 0.61983347, 
  "yCenter": 0.5266908, 
  "height": 0.21311691
}