{
  "width": 0.19634435, 
  "rotation": 2.7739081, 
  "xCenter": 0.69065225, 
  "yCenter": 0.71394515, 
  "height": 0.24543042
}