{
  "width": 0.19774963, 
  "rotation": -3.041522, 
  "xCenter": 0.6655933, 
  "yCenter": 0.74875546, 
  "height": 0.24718703
}