{
  "width": 0.20733155, 
  "rotation": 2.852149, 
  "xCenter": 0.6845339, 
  "yCenter": 0.73088056, 
  "height": 0.25916445
}