{
  "width": 0.17654853, 
  "rotation": 2.8277097, 
  "xCenter": 0.8990547, 
  "yCenter": 0.6973541, 
  "height": 0.22068565
}