{
  "width": 0.18212333, 
  "rotation": 2.780726, 
  "xCenter": 0.91056615, 
  "yCenter": 0.69651175, 
  "height": 0.22765416
}