{
  "width": 0.16355504, 
  "rotation": -3.0741537, 
  "xCenter": 0.6155045, 
  "yCenter": 0.750974, 
  "height": 0.2044438
}