{
  "width": 0.22291337, 
  "rotation": -3.006439, 
  "xCenter": 0.8435042, 
  "yCenter": 0.72880507, 
  "height": 0.27864173
}