{
  "width": 0.1725456, 
  "rotation": -3.0021493, 
  "xCenter": 0.8880577, 
  "yCenter": 0.6963275, 
  "height": 0.21568199
}