{
  "width": 0.15023519, 
  "rotation": 3.0274296, 
  "xCenter": 0.5925421, 
  "yCenter": 0.69562453, 
  "height": 0.187794
}