{
  "width": 0.09365629, 
  "rotation": -2.587652, 
  "xCenter": 0.43928832, 
  "yCenter": 0.46345535, 
  "height": 0.117070355
}