{
  "width": 0.1807106, 
  "rotation": 3.117218, 
  "xCenter": 0.8871008, 
  "yCenter": 0.6930208, 
  "height": 0.22588825
}