{
  "width": 0.12307738, 
  "rotation": -3.0406423, 
  "xCenter": 0.6088673, 
  "yCenter": 0.63181233, 
  "height": 0.15384673
}