{
  "width": 0.20140791, 
  "rotation": 3.0475812, 
  "xCenter": 0.8592604, 
  "yCenter": 0.7255092, 
  "height": 0.2517599
}