{
  "width": 0.15524203, 
  "rotation": -3.020013, 
  "xCenter": 0.617207, 
  "yCenter": 0.7604513, 
  "height": 0.19405255
}