{
  "width": 0.18552761, 
  "rotation": 3.1286266, 
  "xCenter": 0.8782236, 
  "yCenter": 0.7366423, 
  "height": 0.2319095
}