{
  "width": 0.21698818, 
  "rotation": 2.9865136, 
  "xCenter": 0.89015734, 
  "yCenter": 0.7660909, 
  "height": 0.27123523
}