{
  "width": 0.20573379, 
  "rotation": -3.0480797, 
  "xCenter": 0.8578391, 
  "yCenter": 0.75258976, 
  "height": 0.25716725
}