{
  "width": 0.19708046, 
  "rotation": 2.809178, 
  "xCenter": 0.6939822, 
  "yCenter": 0.7076014, 
  "height": 0.24635057
}