{
  "width": 0.17022102, 
  "rotation": -3.1096666, 
  "xCenter": 0.90438956, 
  "yCenter": 0.7104644, 
  "height": 0.21277626
}