{
  "width": 0.1830544, 
  "rotation": 2.6118107, 
  "xCenter": 0.9467086, 
  "yCenter": 0.68395704, 
  "height": 0.228818
}