{
  "width": 0.13835162, 
  "rotation": 2.928539, 
  "xCenter": 0.6244249, 
  "yCenter": 0.7438243, 
  "height": 0.17293954
}