{
  "width": 0.1996871, 
  "rotation": -2.9569755, 
  "xCenter": 0.65862316, 
  "yCenter": 0.7482068, 
  "height": 0.24960886
}