{
  "width": 0.12938648, 
  "rotation": 3.054306, 
  "xCenter": 0.56247675, 
  "yCenter": 0.65783274, 
  "height": 0.16173312
}