{
  "width": 0.21130504, 
  "rotation": 2.9825678, 
  "xCenter": 0.88832223, 
  "yCenter": 0.7647461, 
  "height": 0.2641313
}