{
  "width": 0.21475936, 
  "rotation": 2.8480117, 
  "xCenter": 0.89035624, 
  "yCenter": 0.7721356, 
  "height": 0.26844922
}