{
  "width": 0.178828, 
  "rotation": -2.9919102, 
  "xCenter": 0.8310405, 
  "yCenter": 0.77179486, 
  "height": 0.223535
}