{
  "width": 0.20078708, 
  "rotation": 2.8841693, 
  "xCenter": 0.8766202, 
  "yCenter": 0.7162947, 
  "height": 0.25098386
}