{
  "width": 0.19627926, 
  "rotation": 2.8776255, 
  "xCenter": 0.891068, 
  "yCenter": 0.74340105, 
  "height": 0.24534906
}