{
  "width": 0.15193927, 
  "rotation": -2.8959494, 
  "xCenter": 0.5190436, 
  "yCenter": 0.6636398, 
  "height": 0.18992409
}