{
  "width": 0.14662528, 
  "rotation": 2.9152405, 
  "xCenter": 0.57834554, 
  "yCenter": 0.6862547, 
  "height": 0.1832816
}