{
  "width": 0.08665341, 
  "rotation": 2.4361794, 
  "xCenter": 0.4276158, 
  "yCenter": 0.47618943, 
  "height": 0.10831676
}