{
  "width": 0.20395595, 
  "rotation": 2.8436544, 
  "xCenter": 0.68984497, 
  "yCenter": 0.71439826, 
  "height": 0.25494495
}