{
  "width": 0.20519356, 
  "rotation": 2.9923115, 
  "xCenter": 0.8643058, 
  "yCenter": 0.77114564, 
  "height": 0.25649196
}