{
  "width": 0.2024972, 
  "rotation": -2.9862, 
  "xCenter": 0.8502092, 
  "yCenter": 0.74742234, 
  "height": 0.2531215
}