{
  "width": 0.20869003, 
  "rotation": 2.8211255, 
  "xCenter": 0.692577, 
  "yCenter": 0.72201705, 
  "height": 0.26086256
}