{
  "width": 0.2154524, 
  "rotation": 2.9840393, 
  "xCenter": 0.88124, 
  "yCenter": 0.7747727, 
  "height": 0.2693155
}