{
  "width": 0.18127362, 
  "rotation": 3.0866418, 
  "xCenter": 0.8776401, 
  "yCenter": 0.72341883, 
  "height": 0.22659202
}