{
  "width": 0.15137424, 
  "rotation": 3.0213537, 
  "xCenter": 0.5539823, 
  "yCenter": 0.68290013, 
  "height": 0.1892178
}