{
  "width": 0.1478824, 
  "rotation": 2.855217, 
  "xCenter": 0.807638, 
  "yCenter": 0.73550284, 
  "height": 0.18485302
}