{
  "width": 0.087313436, 
  "rotation": 2.6109915, 
  "xCenter": 0.4293377, 
  "yCenter": 0.4882504, 
  "height": 0.10914179
}