{
  "width": 0.16212404, 
  "rotation": 3.0740337, 
  "xCenter": 0.63367796, 
  "yCenter": 0.76294047, 
  "height": 0.20265505
}