{
  "width": 0.21550354, 
  "rotation": 3.0378757, 
  "xCenter": 0.8841795, 
  "yCenter": 0.7232339, 
  "height": 0.26937944
}