{
  "width": 0.11236947, 
  "rotation": 2.048877, 
  "xCenter": 0.10074377, 
  "yCenter": 0.16448818, 
  "height": 0.14046185
}