{
  "width": 0.16955572, 
  "rotation": -3.1101172, 
  "xCenter": 0.88352096, 
  "yCenter": 0.70349336, 
  "height": 0.21194464
}