{
  "width": 0.13985533, 
  "rotation": 3.0873895, 
  "xCenter": 0.6097882, 
  "yCenter": 0.72922504, 
  "height": 0.17481916
}