{
  "width": 0.2015931, 
  "rotation": -3.1051495, 
  "xCenter": 0.8736819, 
  "yCenter": 0.75032437, 
  "height": 0.25199136
}