{
  "width": 0.23074597, 
  "rotation": -3.0261648, 
  "xCenter": 0.857627, 
  "yCenter": 0.73645127, 
  "height": 0.28843248
}