{
  "width": 0.17107242, 
  "rotation": -2.9508736, 
  "xCenter": 0.620561, 
  "yCenter": 0.75988907, 
  "height": 0.21384053
}