{
  "width": 0.15567626, 
  "rotation": 2.118887, 
  "xCenter": 0.4666688, 
  "yCenter": 0.31254706, 
  "height": 0.19459534
}