{
  "width": 0.16917898, 
  "rotation": -2.9491694, 
  "xCenter": 0.61178607, 
  "yCenter": 0.70596766, 
  "height": 0.21147372
}