{
  "width": 0.16985124, 
  "rotation": -2.919522, 
  "xCenter": 0.6045985, 
  "yCenter": 0.7486417, 
  "height": 0.21231405
}