{
  "width": 0.18226126, 
  "rotation": -3.1073673, 
  "xCenter": 0.69175565, 
  "yCenter": 0.7211567, 
  "height": 0.22782657
}