{
  "width": 0.20106758, 
  "rotation": 2.7554471, 
  "xCenter": 0.6852117, 
  "yCenter": 0.7220315, 
  "height": 0.2513345
}