{
  "width": 0.17446601, 
  "rotation": 2.9741926, 
  "xCenter": 0.63525045, 
  "yCenter": 0.6770226, 
  "height": 0.2180825
}