{
  "width": 0.1967795, 
  "rotation": -3.1394129, 
  "xCenter": 0.6676518, 
  "yCenter": 0.72482604, 
  "height": 0.24597438
}