{
  "width": 0.15010223, 
  "rotation": -2.7912042, 
  "xCenter": 0.5095905, 
  "yCenter": 0.6592236, 
  "height": 0.18762779
}