{
  "width": 0.21283679, 
  "rotation": 2.987774, 
  "xCenter": 0.88947785, 
  "yCenter": 0.75822, 
  "height": 0.266046
}