{
  "width": 0.17353757, 
  "rotation": 3.0472634, 
  "xCenter": 0.8179272, 
  "yCenter": 0.76472324, 
  "height": 0.21692196
}