{
  "width": 0.1596874, 
  "rotation": 2.8053095, 
  "xCenter": 0.59074956, 
  "yCenter": 0.695384, 
  "height": 0.19960926
}