{
  "width": 0.1445536, 
  "rotation": -2.912223, 
  "xCenter": 0.78292805, 
  "yCenter": 0.7176194, 
  "height": 0.18069202
}