{
  "width": 0.15440798, 
  "rotation": 3.049064, 
  "xCenter": 0.61885715, 
  "yCenter": 0.73504436, 
  "height": 0.19300997
}