{
  "width": 0.18909228, 
  "rotation": 2.9244108, 
  "xCenter": 0.8707781, 
  "yCenter": 0.775437, 
  "height": 0.23636533
}