{
  "width": 0.18113689, 
  "rotation": 2.9275026, 
  "xCenter": 0.676103, 
  "yCenter": 0.69341964, 
  "height": 0.22642112
}