{
  "width": 0.14198247, 
  "rotation": -2.9333553, 
  "xCenter": 0.60955846, 
  "yCenter": 0.6856634, 
  "height": 0.17747809
}