{
  "width": 0.16350833, 
  "rotation": 2.13306, 
  "xCenter": 0.07408297, 
  "yCenter": 0.34140605, 
  "height": 0.2043854
}