{
  "width": 0.07563943, 
  "rotation": -3.0247872, 
  "xCenter": 0.5630983, 
  "yCenter": 0.48325714, 
  "height": 0.09454928
}