{
  "width": 0.19362582, 
  "rotation": 2.9484048, 
  "xCenter": 0.8601511, 
  "yCenter": 0.71966857, 
  "height": 0.24203227
}