{
  "width": 0.1703157, 
  "rotation": 2.9450808, 
  "xCenter": 0.8196496, 
  "yCenter": 0.7593238, 
  "height": 0.21289462
}