{
  "width": 0.19805028, 
  "rotation": 2.954412, 
  "xCenter": 0.68157524, 
  "yCenter": 0.76427567, 
  "height": 0.24756284
}