{
  "width": 0.73854977, 
  "rotation": -1.470157, 
  "xCenter": 0.22945556, 
  "yCenter": 0.5112465, 
  "height": 0.9231872
}