{
  "width": 0.17662074, 
  "rotation": -3.0325024, 
  "xCenter": 0.6044179, 
  "yCenter": 0.7198517, 
  "height": 0.22077592
}