{
  "width": 0.21560892, 
  "rotation": 2.9517334, 
  "xCenter": 0.8667318, 
  "yCenter": 0.7567435, 
  "height": 0.26951116
}