{
  "width": 0.11504879, 
  "rotation": 2.068664, 
  "xCenter": 0.10221881, 
  "yCenter": 0.1672213, 
  "height": 0.14381099
}