{
  "width": 0.16219857, 
  "rotation": -3.0220823, 
  "xCenter": 0.5394533, 
  "yCenter": 0.6787273, 
  "height": 0.20274822
}