{
  "width": 0.14613712, 
  "rotation": 3.0014672, 
  "xCenter": 0.6192843, 
  "yCenter": 0.74543554, 
  "height": 0.1826714
}