{
  "width": 0.19865079, 
  "rotation": -2.8646364, 
  "xCenter": 0.84696573, 
  "yCenter": 0.6895301, 
  "height": 0.24831349
}