{
  "width": 0.14677653, 
  "rotation": 2.8987436, 
  "xCenter": 0.89933985, 
  "yCenter": 0.5596278, 
  "height": 0.18347067
}