{
  "width": 0.20169306, 
  "rotation": 2.955341, 
  "xCenter": 0.6667014, 
  "yCenter": 0.73848337, 
  "height": 0.25211632
}