{
  "width": 0.16962653, 
  "rotation": -2.959615, 
  "xCenter": 0.6128335, 
  "yCenter": 0.70749986, 
  "height": 0.21203317
}