{
  "width": 0.17027509, 
  "rotation": -3.1299598, 
  "xCenter": 0.8844354, 
  "yCenter": 0.70297164, 
  "height": 0.21284387
}