{
  "width": 0.22202632, 
  "rotation": -3.0155673, 
  "xCenter": 0.84894365, 
  "yCenter": 0.732787, 
  "height": 0.2775329
}