{
  "width": 0.096413784, 
  "rotation": -2.4971735, 
  "xCenter": 0.43438074, 
  "yCenter": 0.46763408, 
  "height": 0.120517224
}