{
  "width": 0.18691415, 
  "rotation": 2.6933818, 
  "xCenter": 0.9376041, 
  "yCenter": 0.6938339, 
  "height": 0.23364267
}