{
  "width": 0.1642783, 
  "rotation": 2.9970856, 
  "xCenter": 0.6382419, 
  "yCenter": 0.74927497, 
  "height": 0.20534787
}