{
  "width": 0.22383235, 
  "rotation": -3.011905, 
  "xCenter": 0.84748507, 
  "yCenter": 0.7273613, 
  "height": 0.27979046
}