{
  "width": 0.6422366, 
  "rotation": -0.6310502, 
  "xCenter": 0.2788341, 
  "yCenter": 0.34458014, 
  "height": 0.80279577
}