{
  "width": 0.13383186, 
  "rotation": -1.7994779, 
  "xCenter": 0.08707419, 
  "yCenter": 0.32360187, 
  "height": 0.16728984
}