{
  "width": 0.1620701, 
  "rotation": 3.1248846, 
  "xCenter": 0.62932503, 
  "yCenter": 0.7466007, 
  "height": 0.20258763
}