{
  "width": 0.16511236, 
  "rotation": -2.859973, 
  "xCenter": 0.46458143, 
  "yCenter": 0.68210375, 
  "height": 0.20639044
}