{
  "width": 0.22271207, 
  "rotation": -3.0198267, 
  "xCenter": 0.84464586, 
  "yCenter": 0.7325238, 
  "height": 0.27839008
}