{
  "width": 0.18885888, 
  "rotation": 2.7257857, 
  "xCenter": 0.70089227, 
  "yCenter": 0.69918996, 
  "height": 0.2360736
}