{
  "width": 0.16450495, 
  "rotation": -2.8561113, 
  "xCenter": 0.49420097, 
  "yCenter": 0.68966913, 
  "height": 0.20563118
}