{
  "width": 0.16163278, 
  "rotation": 3.1249638, 
  "xCenter": 0.62976843, 
  "yCenter": 0.7637522, 
  "height": 0.20204097
}