{
  "width": 0.16646045, 
  "rotation": 3.0580127, 
  "xCenter": 0.64224267, 
  "yCenter": 0.7609518, 
  "height": 0.20807557
}