{
  "width": 0.14167601, 
  "rotation": 2.9986098, 
  "xCenter": 0.5137395, 
  "yCenter": 0.6825963, 
  "height": 0.17709501
}