{
  "width": 0.1708347, 
  "rotation": -2.9780326, 
  "xCenter": 0.8434741, 
  "yCenter": 0.70000273, 
  "height": 0.21354337
}