{
  "width": 0.20411867, 
  "rotation": 3.0588074, 
  "xCenter": 0.6711831, 
  "yCenter": 0.75349617, 
  "height": 0.25514835
}