{
  "width": 0.16995168, 
  "rotation": -3.0530417, 
  "xCenter": 0.61191195, 
  "yCenter": 0.74705595, 
  "height": 0.21243958
}