{
  "width": 0.18539092, 
  "rotation": 3.0984535, 
  "xCenter": 0.85264826, 
  "yCenter": 0.78008187, 
  "height": 0.23173864
}