{
  "width": 0.15795141, 
  "rotation": 2.8474412, 
  "xCenter": 0.8048549, 
  "yCenter": 0.71808237, 
  "height": 0.19743927
}