{
  "width": 0.15488142, 
  "rotation": 3.0234475, 
  "xCenter": 0.5434735, 
  "yCenter": 0.68877286, 
  "height": 0.19360177
}