{
  "width": 0.16304147, 
  "rotation": 2.9354475, 
  "xCenter": 0.8929117, 
  "yCenter": 0.70350343, 
  "height": 0.20380183
}