{
  "width": 0.15864134, 
  "rotation": 3.058617, 
  "xCenter": 0.9025493, 
  "yCenter": 0.70190877, 
  "height": 0.19830169
}