{
  "width": 0.1496601, 
  "rotation": -3.0479329, 
  "xCenter": 0.7913402, 
  "yCenter": 0.7327044, 
  "height": 0.18707512
}