{
  "width": 0.22855607, 
  "rotation": -3.0394456, 
  "xCenter": 0.8580547, 
  "yCenter": 0.73716915, 
  "height": 0.28569508
}