{
  "width": 0.17864126, 
  "rotation": 2.8473377, 
  "xCenter": 0.6398262, 
  "yCenter": 0.69321316, 
  "height": 0.22330157
}