{
  "width": 0.2244335, 
  "rotation": -3.0209048, 
  "xCenter": 0.8524236, 
  "yCenter": 0.7320074, 
  "height": 0.28054187
}