{
  "width": 0.15396135, 
  "rotation": -2.8386886, 
  "xCenter": 0.49923748, 
  "yCenter": 0.6889586, 
  "height": 0.19245169
}