{
  "width": 0.14577045, 
  "rotation": -2.8057206, 
  "xCenter": 0.6114779, 
  "yCenter": 0.72753507, 
  "height": 0.18221307
}