{
  "width": 0.1877141, 
  "rotation": 2.848968, 
  "xCenter": 0.6764511, 
  "yCenter": 0.75950193, 
  "height": 0.23464262
}