{
  "width": 0.1503088, 
  "rotation": 2.765285, 
  "xCenter": 0.582135, 
  "yCenter": 0.67795455, 
  "height": 0.18788601
}