{
  "width": 0.1999679, 
  "rotation": 3.049481, 
  "xCenter": 0.85852844, 
  "yCenter": 0.7262319, 
  "height": 0.24995987
}