{
  "width": 0.17886846, 
  "rotation": -2.985502, 
  "xCenter": 0.6075442, 
  "yCenter": 0.7079824, 
  "height": 0.22358556
}