{
  "width": 0.16274717, 
  "rotation": 2.9076548, 
  "xCenter": 0.8483414, 
  "yCenter": 0.6819912, 
  "height": 0.20343396
}