{
  "width": 0.1572339, 
  "rotation": 2.9532335, 
  "xCenter": 0.622679, 
  "yCenter": 0.75070745, 
  "height": 0.19654237
}