{
  "width": 0.08502924, 
  "rotation": 2.3127904, 
  "xCenter": 0.39465296, 
  "yCenter": 0.15261067, 
  "height": 0.10628655
}