{
  "width": 0.16177487, 
  "rotation": -3.1224954, 
  "xCenter": 0.62809056, 
  "yCenter": 0.76366025, 
  "height": 0.2022186
}