{
  "width": 0.09025511, 
  "rotation": -1.078019, 
  "xCenter": 0.552284, 
  "yCenter": 0.1834772, 
  "height": 0.11281889
}