{
  "width": 0.19276883, 
  "rotation": 3.0984383, 
  "xCenter": 0.84361356, 
  "yCenter": 0.78613263, 
  "height": 0.24096103
}