{
  "width": 0.15390292, 
  "rotation": -2.9780483, 
  "xCenter": 0.5057648, 
  "yCenter": 0.67294884, 
  "height": 0.19237866
}