{
  "width": 0.16329035, 
  "rotation": 2.9618862, 
  "xCenter": 0.8923698, 
  "yCenter": 0.70446575, 
  "height": 0.20411293
}