{
  "width": 0.18181324, 
  "rotation": -3.095734, 
  "xCenter": 0.630381, 
  "yCenter": 0.77102435, 
  "height": 0.22726654
}