{
  "width": 0.19382775, 
  "rotation": 2.970656, 
  "xCenter": 0.67952096, 
  "yCenter": 0.75595605, 
  "height": 0.24228469
}