{
  "width": 0.15510875, 
  "rotation": -2.9965816, 
  "xCenter": 0.53474706, 
  "yCenter": 0.67180496, 
  "height": 0.19388595
}