{
  "width": 0.17106096, 
  "rotation": 2.9881842, 
  "xCenter": 0.86488366, 
  "yCenter": 0.72361857, 
  "height": 0.2138262
}