{
  "width": 0.19526419, 
  "rotation": 3.0808556, 
  "xCenter": 0.6632579, 
  "yCenter": 0.76805514, 
  "height": 0.24408023
}