{
  "width": 0.14571528, 
  "rotation": -3.0513701, 
  "xCenter": 0.783561, 
  "yCenter": 0.7507835, 
  "height": 0.1821441
}