{
  "width": 0.4490967, 
  "rotation": 2.7955618, 
  "xCenter": 0.5465955, 
  "yCenter": 0.31114885, 
  "height": 0.56137085
}