{
  "width": 0.18318102, 
  "rotation": 2.8641448, 
  "xCenter": 0.88660824, 
  "yCenter": 0.68782914, 
  "height": 0.22897626
}