{
  "width": 0.17101184, 
  "rotation": 3.0213838, 
  "xCenter": 0.6338724, 
  "yCenter": 0.76767313, 
  "height": 0.21376479
}