{
  "width": 0.19293356, 
  "rotation": 2.983945, 
  "xCenter": 0.68307877, 
  "yCenter": 0.7548141, 
  "height": 0.24116695
}