{
  "width": 0.13455193, 
  "rotation": -1.3510379, 
  "xCenter": 0.5992501, 
  "yCenter": 0.4405843, 
  "height": 0.16818991
}