{
  "width": 0.17063075, 
  "rotation": -3.1042788, 
  "xCenter": 0.64405495, 
  "yCenter": 0.7257642, 
  "height": 0.21328844
}