{
  "width": 0.1667264, 
  "rotation": 2.992913, 
  "xCenter": 0.63225126, 
  "yCenter": 0.759128, 
  "height": 0.20840798
}