{
  "width": 0.17255954, 
  "rotation": 3.0599434, 
  "xCenter": 0.67617136, 
  "yCenter": 0.7387876, 
  "height": 0.21569942
}