{
  "width": 0.14620592, 
  "rotation": -2.8821452, 
  "xCenter": 0.51577747, 
  "yCenter": 0.6603135, 
  "height": 0.1827574
}