{
  "width": 0.15328117, 
  "rotation": -3.0340576, 
  "xCenter": 0.61356175, 
  "yCenter": 0.6790147, 
  "height": 0.19160147
}