{
  "width": 0.14050837, 
  "rotation": 3.1017594, 
  "xCenter": 0.6090984, 
  "yCenter": 0.7294316, 
  "height": 0.17563547
}