{
  "width": 0.185255, 
  "rotation": 3.0970554, 
  "xCenter": 0.6586397, 
  "yCenter": 0.7835383, 
  "height": 0.23156875
}