{
  "width": 0.18421592, 
  "rotation": 2.7831388, 
  "xCenter": 0.88911945, 
  "yCenter": 0.6861191, 
  "height": 0.2302699
}