{
  "width": 0.13400562, 
  "rotation": 2.9185739, 
  "xCenter": 0.84770083, 
  "yCenter": 0.6831028, 
  "height": 0.16750702
}