{
  "width": 0.14180301, 
  "rotation": 2.9862428, 
  "xCenter": 0.5145062, 
  "yCenter": 0.68099695, 
  "height": 0.17725377
}