{
  "width": 0.1743803, 
  "rotation": 3.137452, 
  "xCenter": 0.6328745, 
  "yCenter": 0.7080007, 
  "height": 0.21797538
}