{
  "width": 0.18388118, 
  "rotation": 2.9117098, 
  "xCenter": 0.8637131, 
  "yCenter": 0.7148637, 
  "height": 0.22985147
}