{
  "width": 0.12914674, 
  "rotation": -2.0730283, 
  "xCenter": 0.6401998, 
  "yCenter": 0.6321984, 
  "height": 0.16143343
}