{
  "width": 0.16959183, 
  "rotation": 2.7391484, 
  "xCenter": 0.97098726, 
  "yCenter": 0.68135685, 
  "height": 0.21198978
}