{
  "width": 0.19467561, 
  "rotation": 3.0958996, 
  "xCenter": 0.63183326, 
  "yCenter": 0.6847043, 
  "height": 0.2433445
}