{
  "width": 0.1325067, 
  "rotation": 2.4026384, 
  "xCenter": 0.7204448, 
  "yCenter": 0.6320541, 
  "height": 0.16563338
}