{
  "width": 0.21238783, 
  "rotation": -3.0159185, 
  "xCenter": 0.8566285, 
  "yCenter": 0.7362906, 
  "height": 0.26548478
}