{
  "width": 0.16083235, 
  "rotation": 2.9808054, 
  "xCenter": 0.63223237, 
  "yCenter": 0.75851154, 
  "height": 0.20104043
}