{
  "width": 0.1352993, 
  "rotation": -3.0101447, 
  "xCenter": 0.5373881, 
  "yCenter": 0.56360495, 
  "height": 0.16912413
}