{
  "width": 0.14517257, 
  "rotation": -3.0969534, 
  "xCenter": 0.59144896, 
  "yCenter": 0.71610844, 
  "height": 0.18146572
}