{
  "width": 0.22039337, 
  "rotation": 2.9076915, 
  "xCenter": 0.8960461, 
  "yCenter": 0.7646485, 
  "height": 0.2754917
}