{
  "width": 0.20296475, 
  "rotation": -3.0013025, 
  "xCenter": 0.8675487, 
  "yCenter": 0.74675506, 
  "height": 0.25370595
}