{
  "width": 0.16737217, 
  "rotation": -2.9937484, 
  "xCenter": 0.89033663, 
  "yCenter": 0.69338465, 
  "height": 0.2092152
}