{
  "width": 0.7483009, 
  "rotation": -1.5178918, 
  "xCenter": 0.22618301, 
  "yCenter": 0.5178748, 
  "height": 0.93537617
}