{
  "width": 0.16296414, 
  "rotation": -2.9052231, 
  "xCenter": 0.6270271, 
  "yCenter": 0.7536771, 
  "height": 0.20370516
}