{
  "width": 0.16865316, 
  "rotation": 2.908524, 
  "xCenter": 0.8868659, 
  "yCenter": 0.69811094, 
  "height": 0.21081644
}