{
  "width": 0.19072692, 
  "rotation": 2.9551482, 
  "xCenter": 0.6832735, 
  "yCenter": 0.76530164, 
  "height": 0.23840864
}