{
  "width": 0.19893703, 
  "rotation": 2.8338828, 
  "xCenter": 0.69597316, 
  "yCenter": 0.7446438, 
  "height": 0.24867128
}