{
  "width": 0.15865964, 
  "rotation": 3.098375, 
  "xCenter": 0.61080766, 
  "yCenter": 0.73771137, 
  "height": 0.19832455
}