{
  "width": 0.16002756, 
  "rotation": 3.1378508, 
  "xCenter": 0.89781696, 
  "yCenter": 0.7082461, 
  "height": 0.20003447
}