{
  "width": 0.1817868, 
  "rotation": 3.0721028, 
  "xCenter": 0.8853532, 
  "yCenter": 0.69381213, 
  "height": 0.2272335
}