{
  "width": 0.11517642, 
  "rotation": 2.0642939, 
  "xCenter": 0.10217111, 
  "yCenter": 0.1671569, 
  "height": 0.14397052
}