{
  "width": 0.1546564, 
  "rotation": -2.8515785, 
  "xCenter": 0.47359577, 
  "yCenter": 0.67581606, 
  "height": 0.1933205
}