{
  "width": 0.19906348, 
  "rotation": 2.8788376, 
  "xCenter": 0.67888516, 
  "yCenter": 0.72943425, 
  "height": 0.24882935
}