{
  "width": 0.16468602, 
  "rotation": -2.9637444, 
  "xCenter": 0.613863, 
  "yCenter": 0.75726205, 
  "height": 0.20585753
}