{
  "width": 0.15137222, 
  "rotation": 2.989581, 
  "xCenter": 0.5150001, 
  "yCenter": 0.683515, 
  "height": 0.18921529
}