{
  "width": 0.14317808, 
  "rotation": 2.7016926, 
  "xCenter": 0.5881095, 
  "yCenter": 0.683233, 
  "height": 0.1789726
}