{
  "width": 0.19169673, 
  "rotation": 2.9414232, 
  "xCenter": 0.8644696, 
  "yCenter": 0.71351814, 
  "height": 0.23962091
}