{
  "width": 0.2071569, 
  "rotation": -3.021159, 
  "xCenter": 0.8446175, 
  "yCenter": 0.7220642, 
  "height": 0.25894612
}