{
  "width": 0.20212899, 
  "rotation": -3.0217905, 
  "xCenter": 0.85191774, 
  "yCenter": 0.7437917, 
  "height": 0.25266123
}