{
  "width": 0.12940648, 
  "rotation": 3.053103, 
  "xCenter": 0.5625409, 
  "yCenter": 0.65783906, 
  "height": 0.16175811
}