{
  "width": 0.14521348, 
  "rotation": -2.9534805, 
  "xCenter": 0.5417755, 
  "yCenter": 0.6841531, 
  "height": 0.18151686
}