{
  "width": 0.20630828, 
  "rotation": -2.9326618, 
  "xCenter": 0.84374446, 
  "yCenter": 0.6935527, 
  "height": 0.25788534
}