{
  "width": 0.16946599, 
  "rotation": -2.9098203, 
  "xCenter": 0.77721244, 
  "yCenter": 0.71821797, 
  "height": 0.21183248
}