{
  "width": 0.16718712, 
  "rotation": -3.060356, 
  "xCenter": 0.6068351, 
  "yCenter": 0.74806523, 
  "height": 0.2089839
}