{
  "width": 0.16315243, 
  "rotation": -2.9288146, 
  "xCenter": 0.82594067, 
  "yCenter": 0.6858783, 
  "height": 0.20394053
}