{
  "width": 0.19391625, 
  "rotation": -2.9984283, 
  "xCenter": 0.85969967, 
  "yCenter": 0.7411832, 
  "height": 0.2423953
}