{
  "width": 0.21554677, 
  "rotation": 3.0639648, 
  "xCenter": 0.87629193, 
  "yCenter": 0.7698346, 
  "height": 0.26943347
}