{
  "width": 0.16568513, 
  "rotation": 2.7854757, 
  "xCenter": 0.5937914, 
  "yCenter": 0.7016216, 
  "height": 0.20710641
}