{
  "width": 0.17127188, 
  "rotation": 3.1356444, 
  "xCenter": 0.6476216, 
  "yCenter": 0.7710367, 
  "height": 0.21408984
}