{
  "width": 0.22298652, 
  "rotation": -3.0351527, 
  "xCenter": 0.8567278, 
  "yCenter": 0.73799956, 
  "height": 0.27873316
}