{
  "width": 0.15757498, 
  "rotation": -3.115332, 
  "xCenter": 0.50994813, 
  "yCenter": 0.6776073, 
  "height": 0.19696873
}