{
  "width": 0.15972057, 
  "rotation": 3.020105, 
  "xCenter": 0.6403319, 
  "yCenter": 0.7592643, 
  "height": 0.19965072
}