{
  "width": 0.11695665, 
  "rotation": -1.7317852, 
  "xCenter": 0.12948501, 
  "yCenter": 0.3140172, 
  "height": 0.14619581
}