{
  "width": 0.1747225, 
  "rotation": -3.0408058, 
  "xCenter": 0.83351934, 
  "yCenter": 0.76022387, 
  "height": 0.2184031
}