{
  "width": 0.16377309, 
  "rotation": -3.0172813, 
  "xCenter": 0.62609494, 
  "yCenter": 0.7594397, 
  "height": 0.20471635
}