{
  "width": 0.1543181, 
  "rotation": 3.112798, 
  "xCenter": 0.62807363, 
  "yCenter": 0.75778973, 
  "height": 0.19289762
}