{
  "width": 0.2001779, 
  "rotation": -3.0908186, 
  "xCenter": 0.847723, 
  "yCenter": 0.7624361, 
  "height": 0.25022236
}