{
  "width": 0.18591797, 
  "rotation": 2.7973704, 
  "xCenter": 0.90125245, 
  "yCenter": 0.6931262, 
  "height": 0.23239747
}