{
  "width": 0.19736809, 
  "rotation": -3.043522, 
  "xCenter": 0.6655648, 
  "yCenter": 0.748676, 
  "height": 0.2467101
}