{
  "width": 0.21035537, 
  "rotation": 2.8746963, 
  "xCenter": 0.8876168, 
  "yCenter": 0.71462923, 
  "height": 0.26294422
}