{
  "width": 0.16963227, 
  "rotation": -2.9034941, 
  "xCenter": 0.49973157, 
  "yCenter": 0.6894392, 
  "height": 0.21204033
}