{
  "width": 0.15197676, 
  "rotation": -2.9826148, 
  "xCenter": 0.7967438, 
  "yCenter": 0.74226743, 
  "height": 0.18997097
}