{
  "width": 0.7597817, 
  "rotation": -1.4192492, 
  "xCenter": 0.22006384, 
  "yCenter": 0.49068996, 
  "height": 0.9497271
}