{
  "width": 0.1528395, 
  "rotation": 2.864245, 
  "xCenter": 0.6301875, 
  "yCenter": 0.75730443, 
  "height": 0.19104938
}