{
  "width": 0.17319772, 
  "rotation": -3.0615613, 
  "xCenter": 0.91746366, 
  "yCenter": 0.68417275, 
  "height": 0.21649714
}