{
  "width": 0.1976771, 
  "rotation": -3.0823472, 
  "xCenter": 0.67450184, 
  "yCenter": 0.75403106, 
  "height": 0.24709637
}