{
  "width": 0.21659423, 
  "rotation": 2.9479575, 
  "xCenter": 0.8676409, 
  "yCenter": 0.7572807, 
  "height": 0.2707428
}