{
  "width": 0.18657553, 
  "rotation": 2.9069736, 
  "xCenter": 0.8411294, 
  "yCenter": 0.7831233, 
  "height": 0.2332194
}