{
  "width": 0.20237523, 
  "rotation": -3.1095483, 
  "xCenter": 0.8715868, 
  "yCenter": 0.74951875, 
  "height": 0.25296906
}