{
  "width": 0.14149596, 
  "rotation": -2.833004, 
  "xCenter": 0.5029667, 
  "yCenter": 0.68845636, 
  "height": 0.17686994
}