{
  "width": 0.17340136, 
  "rotation": 2.8599854, 
  "xCenter": 0.8486252, 
  "yCenter": 0.68626136, 
  "height": 0.21675168
}