{
  "width": 0.14637716, 
  "rotation": 3.0843782, 
  "xCenter": 0.5531758, 
  "yCenter": 0.6825493, 
  "height": 0.18297146
}