{
  "width": 0.17424145, 
  "rotation": -2.9594991, 
  "xCenter": 0.8184429, 
  "yCenter": 0.7633575, 
  "height": 0.21780181
}