{
  "width": 0.14795959, 
  "rotation": -3.020849, 
  "xCenter": 0.7824825, 
  "yCenter": 0.7510322, 
  "height": 0.18494949
}