{
  "width": 0.07597351, 
  "rotation": 2.5061476, 
  "xCenter": 0.49453065, 
  "yCenter": 0.20315176, 
  "height": 0.09496689
}