{
  "width": 0.1451408, 
  "rotation": 3.043953, 
  "xCenter": 0.6156918, 
  "yCenter": 0.74016404, 
  "height": 0.181426
}