{
  "width": 0.19575359, 
  "rotation": 2.9782915, 
  "xCenter": 0.8822411, 
  "yCenter": 0.710194, 
  "height": 0.24469198
}