{
  "width": 0.15889084, 
  "rotation": -3.1122997, 
  "xCenter": 0.51020354, 
  "yCenter": 0.68014956, 
  "height": 0.19861357
}