{
  "width": 0.18792161, 
  "rotation": 2.7943814, 
  "xCenter": 0.9102322, 
  "yCenter": 0.6914351, 
  "height": 0.23490201
}