{
  "width": 0.121865, 
  "rotation": -1.0356504, 
  "xCenter": 0.356792, 
  "yCenter": 0.35697782, 
  "height": 0.15233125
}