{
  "width": 0.15259278, 
  "rotation": 2.927709, 
  "xCenter": 0.8131408, 
  "yCenter": 0.74359477, 
  "height": 0.19074099
}