{
  "width": 0.17624044, 
  "rotation": 3.0518973, 
  "xCenter": 0.6508978, 
  "yCenter": 0.7692776, 
  "height": 0.22030054
}