{
  "width": 0.170358, 
  "rotation": -2.9618208, 
  "xCenter": 0.5057847, 
  "yCenter": 0.69328266, 
  "height": 0.2129475
}