{
  "width": 0.15586053, 
  "rotation": -3.0436647, 
  "xCenter": 0.54676306, 
  "yCenter": 0.61010396, 
  "height": 0.19482566
}