{
  "width": 0.17490149, 
  "rotation": 2.9980738, 
  "xCenter": 0.63364697, 
  "yCenter": 0.6795809, 
  "height": 0.21862684
}