{
  "width": 0.2195246, 
  "rotation": 2.9899545, 
  "xCenter": 0.8619931, 
  "yCenter": 0.7595504, 
  "height": 0.27440575
}