{
  "width": 0.15685359, 
  "rotation": 2.9898467, 
  "xCenter": 0.9056403, 
  "yCenter": 0.70095384, 
  "height": 0.19606699
}