{
  "width": 0.17949903, 
  "rotation": 2.7419617, 
  "xCenter": 0.8550328, 
  "yCenter": 0.67830944, 
  "height": 0.22437379
}