{
  "width": 0.14258848, 
  "rotation": 2.9955614, 
  "xCenter": 0.5133163, 
  "yCenter": 0.682458, 
  "height": 0.1782356
}