{
  "width": 0.16648556, 
  "rotation": -2.9960506, 
  "xCenter": 0.61384237, 
  "yCenter": 0.756138, 
  "height": 0.20810695
}