{
  "width": 0.15274853, 
  "rotation": 3.1299093, 
  "xCenter": 0.6271652, 
  "yCenter": 0.75206006, 
  "height": 0.19093567
}