{
  "width": 0.15854077, 
  "rotation": -2.7880037, 
  "xCenter": 0.4862571, 
  "yCenter": 0.67499596, 
  "height": 0.19817597
}