{
  "width": 0.17357802, 
  "rotation": -3.0991652, 
  "xCenter": 0.64402366, 
  "yCenter": 0.72808444, 
  "height": 0.21697251
}