{
  "width": 0.1906082, 
  "rotation": 2.9263725, 
  "xCenter": 0.6757815, 
  "yCenter": 0.7162098, 
  "height": 0.23826025
}