{
  "width": 0.1628448, 
  "rotation": -2.974027, 
  "xCenter": 0.6050991, 
  "yCenter": 0.7414453, 
  "height": 0.203556
}