{
  "width": 0.18384384, 
  "rotation": 3.0679855, 
  "xCenter": 0.65813893, 
  "yCenter": 0.76816285, 
  "height": 0.22980478
}