{
  "width": 0.09096109, 
  "rotation": 2.1186614, 
  "xCenter": 0.28944325, 
  "yCenter": 0.36281845, 
  "height": 0.11370136
}