{
  "width": 0.18672879, 
  "rotation": 3.107595, 
  "xCenter": 0.84729517, 
  "yCenter": 0.7720669, 
  "height": 0.23341098
}