{
  "width": 0.18572474, 
  "rotation": 3.1084433, 
  "xCenter": 0.67291677, 
  "yCenter": 0.7426969, 
  "height": 0.2321559
}