{
  "width": 0.11104504, 
  "rotation": -1.8959864, 
  "xCenter": 0.14567474, 
  "yCenter": 0.31607792, 
  "height": 0.1388063
}