{
  "width": 0.18664433, 
  "rotation": -3.0572784, 
  "xCenter": 0.63276273, 
  "yCenter": 0.7288817, 
  "height": 0.23330541
}