{
  "width": 0.19437078, 
  "rotation": 2.8066235, 
  "xCenter": 0.6898036, 
  "yCenter": 0.7465134, 
  "height": 0.24296346
}