{
  "width": 0.19638495, 
  "rotation": -3.0957315, 
  "xCenter": 0.662808, 
  "yCenter": 0.726264, 
  "height": 0.24548118
}