{
  "width": 0.18255834, 
  "rotation": 2.9089804, 
  "xCenter": 0.65162975, 
  "yCenter": 0.7580509, 
  "height": 0.22819792
}