{
  "width": 0.13303763, 
  "rotation": 3.0174966, 
  "xCenter": 0.6257362, 
  "yCenter": 0.7382268, 
  "height": 0.16629705
}