{
  "width": 0.15831095, 
  "rotation": -2.7996883, 
  "xCenter": 0.48687693, 
  "yCenter": 0.6751794, 
  "height": 0.19788869
}