{
  "width": 0.2159666, 
  "rotation": -3.1290586, 
  "xCenter": 0.87646276, 
  "yCenter": 0.74917555, 
  "height": 0.26995826
}