{
  "width": 0.18135884, 
  "rotation": 2.8210096, 
  "xCenter": 0.864548, 
  "yCenter": 0.73681635, 
  "height": 0.22669855
}