{
  "width": 0.16509236, 
  "rotation": 2.9852626, 
  "xCenter": 0.6327354, 
  "yCenter": 0.7565024, 
  "height": 0.20636545
}