{
  "width": 0.1543528, 
  "rotation": 2.9424772, 
  "xCenter": 0.6314877, 
  "yCenter": 0.7569162, 
  "height": 0.19294101
}