{
  "width": 0.204607, 
  "rotation": 2.9873366, 
  "xCenter": 0.8966865, 
  "yCenter": 0.70371336, 
  "height": 0.25575873
}