{
  "width": 0.16975191, 
  "rotation": -3.0002367, 
  "xCenter": 0.8898672, 
  "yCenter": 0.6933414, 
  "height": 0.21218988
}