{
  "width": 0.21021403, 
  "rotation": -2.9737294, 
  "xCenter": 0.8484649, 
  "yCenter": 0.7571589, 
  "height": 0.26276755
}