{
  "width": 0.184365, 
  "rotation": 2.9978704, 
  "xCenter": 0.65239596, 
  "yCenter": 0.77027565, 
  "height": 0.23045625
}