{
  "width": 0.19031748, 
  "rotation": -2.9731066, 
  "xCenter": 0.8384815, 
  "yCenter": 0.7580281, 
  "height": 0.23789684
}