{
  "width": 0.1502217, 
  "rotation": 2.8365383, 
  "xCenter": 0.7980023, 
  "yCenter": 0.7081756, 
  "height": 0.18777715
}