{
  "width": 0.14704727, 
  "rotation": 2.804977, 
  "xCenter": 0.8007636, 
  "yCenter": 0.71051365, 
  "height": 0.18380909
}