{
  "width": 0.20698921, 
  "rotation": 2.8610396, 
  "xCenter": 0.6888154, 
  "yCenter": 0.72814673, 
  "height": 0.25873652
}