{
  "width": 0.20006135, 
  "rotation": 2.9329228, 
  "xCenter": 0.8717643, 
  "yCenter": 0.7192283, 
  "height": 0.25007668
}