{
  "width": 0.13247292, 
  "rotation": 2.4515717, 
  "xCenter": 0.51732236, 
  "yCenter": 0.35534582, 
  "height": 0.16559115
}