{
  "width": 0.16906771, 
  "rotation": 3.0697055, 
  "xCenter": 0.6383162, 
  "yCenter": 0.7594769, 
  "height": 0.21133463
}