{
  "width": 0.17982246, 
  "rotation": 3.123745, 
  "xCenter": 0.87806344, 
  "yCenter": 0.7342612, 
  "height": 0.22477807
}