{
  "width": 0.1895279, 
  "rotation": 2.7800746, 
  "xCenter": 0.6972138, 
  "yCenter": 0.73412174, 
  "height": 0.23690987
}