{
  "width": 0.19095689, 
  "rotation": 2.909471, 
  "xCenter": 0.8655387, 
  "yCenter": 0.77522683, 
  "height": 0.23869611
}