{
  "width": 0.21115844, 
  "rotation": 2.8743405, 
  "xCenter": 0.68884826, 
  "yCenter": 0.7199439, 
  "height": 0.26394805
}