{
  "width": 0.21580543, 
  "rotation": 2.9353385, 
  "xCenter": 0.86974865, 
  "yCenter": 0.7576646, 
  "height": 0.2697568
}