{
  "width": 0.22251107, 
  "rotation": -3.013719, 
  "xCenter": 0.85601026, 
  "yCenter": 0.739185, 
  "height": 0.27813885
}