{
  "width": 0.19717437, 
  "rotation": -2.9763114, 
  "xCenter": 0.8447577, 
  "yCenter": 0.69473565, 
  "height": 0.24646796
}