{
  "width": 0.14009987, 
  "rotation": 3.040521, 
  "xCenter": 0.61302257, 
  "yCenter": 0.7336101, 
  "height": 0.17512484
}