{
  "width": 0.09072189, 
  "rotation": 2.4247491, 
  "xCenter": 0.39155066, 
  "yCenter": 0.44159633, 
  "height": 0.11340236
}