{
  "width": 0.13002528, 
  "rotation": -2.932257, 
  "xCenter": 0.5041769, 
  "yCenter": 0.66995394, 
  "height": 0.16253161
}