{
  "width": 0.1396458, 
  "rotation": 2.9371042, 
  "xCenter": 0.61812806, 
  "yCenter": 0.73832864, 
  "height": 0.17455725
}