{
  "width": 0.20094639, 
  "rotation": 3.067944, 
  "xCenter": 0.67168784, 
  "yCenter": 0.7548422, 
  "height": 0.251183
}