{
  "width": 0.1617803, 
  "rotation": 2.9518018, 
  "xCenter": 0.8926274, 
  "yCenter": 0.7040187, 
  "height": 0.20222539
}