{
  "width": 0.15369014, 
  "rotation": -3.0864093, 
  "xCenter": 0.53345084, 
  "yCenter": 0.67386943, 
  "height": 0.19211268
}