{
  "width": 0.18160588, 
  "rotation": 2.7812548, 
  "xCenter": 0.8887049, 
  "yCenter": 0.6873615, 
  "height": 0.22700734
}