{
  "width": 0.1627233, 
  "rotation": -3.0588136, 
  "xCenter": 0.614413, 
  "yCenter": 0.7497804, 
  "height": 0.20340413
}