{
  "width": 0.17048602, 
  "rotation": 2.920915, 
  "xCenter": 0.6590205, 
  "yCenter": 0.7601516, 
  "height": 0.21310751
}