{
  "width": 0.13719398, 
  "rotation": -1.2436672, 
  "xCenter": 0.44209936, 
  "yCenter": 0.27905533, 
  "height": 0.17149249
}