{
  "width": 0.1774362, 
  "rotation": -3.0158641, 
  "xCenter": 0.86849385, 
  "yCenter": 0.68499404, 
  "height": 0.22179525
}