{
  "width": 0.13880585, 
  "rotation": 3.0573566, 
  "xCenter": 0.56406343, 
  "yCenter": 0.6801543, 
  "height": 0.17350732
}