{
  "width": 0.15047152, 
  "rotation": -2.9439852, 
  "xCenter": 0.7896711, 
  "yCenter": 0.7376965, 
  "height": 0.18808942
}