{
  "width": 0.15716493, 
  "rotation": -3.1343095, 
  "xCenter": 0.5071665, 
  "yCenter": 0.6841478, 
  "height": 0.19645616
}