{
  "width": 0.17132984, 
  "rotation": 2.9238539, 
  "xCenter": 0.8879805, 
  "yCenter": 0.7003189, 
  "height": 0.21416229
}