{
  "width": 0.18979275, 
  "rotation": 2.7578182, 
  "xCenter": 0.70138156, 
  "yCenter": 0.7348295, 
  "height": 0.23724093
}