{
  "width": 0.15737212, 
  "rotation": 3.1195085, 
  "xCenter": 0.6183772, 
  "yCenter": 0.74532485, 
  "height": 0.19671516
}