{
  "width": 0.1904664, 
  "rotation": -3.0158093, 
  "xCenter": 0.6704961, 
  "yCenter": 0.7557078, 
  "height": 0.238083
}