{
  "width": 0.15930416, 
  "rotation": -3.1174905, 
  "xCenter": 0.6180951, 
  "yCenter": 0.7502384, 
  "height": 0.1991302
}