{
  "width": 0.1408662, 
  "rotation": 2.7292194, 
  "xCenter": 0.5867738, 
  "yCenter": 0.68159485, 
  "height": 0.17608276
}