{
  "width": 0.1138383, 
  "rotation": -0.6342865, 
  "xCenter": 0.45282483, 
  "yCenter": 0.27670127, 
  "height": 0.14229788
}