{
  "width": 0.095674485, 
  "rotation": 2.2390828, 
  "xCenter": 0.27679563, 
  "yCenter": 0.35952783, 
  "height": 0.119593106
}