{
  "width": 0.16801034, 
  "rotation": -3.123115, 
  "xCenter": 0.88357776, 
  "yCenter": 0.70467305, 
  "height": 0.21001291
}