{
  "width": 0.08105737, 
  "rotation": 2.253367, 
  "xCenter": 0.5180487, 
  "yCenter": 0.19649236, 
  "height": 0.10132171
}