{
  "width": 0.15865374, 
  "rotation": 2.9323912, 
  "xCenter": 0.6221982, 
  "yCenter": 0.75134087, 
  "height": 0.19831719
}