{
  "width": 0.16130298, 
  "rotation": -2.9997168, 
  "xCenter": 0.60645586, 
  "yCenter": 0.7384865, 
  "height": 0.20162874
}