{
  "width": 0.16051403, 
  "rotation": -3.1289575, 
  "xCenter": 0.59949195, 
  "yCenter": 0.72235924, 
  "height": 0.20064254
}