{
  "width": 0.16457662, 
  "rotation": -2.9697382, 
  "xCenter": 0.59641683, 
  "yCenter": 0.71542203, 
  "height": 0.20572077
}