{
  "width": 0.15554392, 
  "rotation": 3.0115895, 
  "xCenter": 0.80509317, 
  "yCenter": 0.73837644, 
  "height": 0.1944299
}