{
  "width": 0.16262056, 
  "rotation": -2.9917443, 
  "xCenter": 0.89386445, 
  "yCenter": 0.6927484, 
  "height": 0.2032757
}