{
  "width": 0.20348205, 
  "rotation": 3.0310926, 
  "xCenter": 0.66888845, 
  "yCenter": 0.7587415, 
  "height": 0.25435257
}