{
  "width": 0.18255323, 
  "rotation": 3.1051977, 
  "xCenter": 0.65605867, 
  "yCenter": 0.7814904, 
  "height": 0.22819152
}