{
  "width": 0.20111996, 
  "rotation": 2.8826227, 
  "xCenter": 0.89253867, 
  "yCenter": 0.73933583, 
  "height": 0.25139996
}