{
  "width": 0.18358225, 
  "rotation": 2.9776082, 
  "xCenter": 0.64339864, 
  "yCenter": 0.7528746, 
  "height": 0.2294778
}