{
  "width": 0.15585758, 
  "rotation": -2.934711, 
  "xCenter": 0.79619545, 
  "yCenter": 0.7451234, 
  "height": 0.19482198
}