{
  "width": 0.19169782, 
  "rotation": 3.015668, 
  "xCenter": 0.67702675, 
  "yCenter": 0.71966565, 
  "height": 0.23962227
}