{
  "width": 0.16149732, 
  "rotation": 2.920898, 
  "xCenter": 0.9019769, 
  "yCenter": 0.6996722, 
  "height": 0.20187165
}