{
  "width": 0.1651153, 
  "rotation": -2.9053137, 
  "xCenter": 0.6254513, 
  "yCenter": 0.75612473, 
  "height": 0.20639412
}