{
  "width": 0.18421577, 
  "rotation": 2.8593192, 
  "xCenter": 0.661799, 
  "yCenter": 0.7585684, 
  "height": 0.2302697
}