{
  "width": 0.17827414, 
  "rotation": 3.041524, 
  "xCenter": 0.6933209, 
  "yCenter": 0.7039499, 
  "height": 0.22284266
}