{
  "width": 0.19340654, 
  "rotation": 3.038756, 
  "xCenter": 0.8634018, 
  "yCenter": 0.723985, 
  "height": 0.24175817
}