{
  "width": 0.08274222, 
  "rotation": 2.8934913, 
  "xCenter": 0.43270248, 
  "yCenter": 0.4858563, 
  "height": 0.103427775
}