{
  "width": 0.1644046, 
  "rotation": -2.9802582, 
  "xCenter": 0.8916226, 
  "yCenter": 0.69196904, 
  "height": 0.20550574
}