{
  "width": 0.16979988, 
  "rotation": 2.0224702, 
  "xCenter": 0.4754432, 
  "yCenter": 0.31744862, 
  "height": 0.21224985
}