{
  "width": 0.13870527, 
  "rotation": 2.9513168, 
  "xCenter": 0.56273955, 
  "yCenter": 0.6702276, 
  "height": 0.1733816
}