{
  "width": 0.14844543, 
  "rotation": 2.8790996, 
  "xCenter": 0.79633915, 
  "yCenter": 0.7074272, 
  "height": 0.18555678
}