{
  "width": 0.20164935, 
  "rotation": -2.9857192, 
  "xCenter": 0.66071266, 
  "yCenter": 0.748245, 
  "height": 0.2520617
}