{
  "width": 0.15440704, 
  "rotation": 2.9460406, 
  "xCenter": 0.6312792, 
  "yCenter": 0.75682676, 
  "height": 0.19300881
}