{
  "width": 0.20658226, 
  "rotation": 2.845849, 
  "xCenter": 0.89604867, 
  "yCenter": 0.73926246, 
  "height": 0.25822783
}