{
  "width": 0.1915406, 
  "rotation": 2.132284, 
  "xCenter": 0.7277697, 
  "yCenter": 0.4683943, 
  "height": 0.23942575
}