{
  "width": 0.16603863, 
  "rotation": -3.0070946, 
  "xCenter": 0.89152086, 
  "yCenter": 0.6937367, 
  "height": 0.20754828
}