{
  "width": 0.07795351, 
  "rotation": 1.9083722, 
  "xCenter": 0.51267254, 
  "yCenter": 0.19306932, 
  "height": 0.09744189
}