{
  "width": 0.22716829, 
  "rotation": 2.9833903, 
  "xCenter": 0.8651572, 
  "yCenter": 0.75657594, 
  "height": 0.28396037
}