{
  "width": 0.14816755, 
  "rotation": 2.9974508, 
  "xCenter": 0.892063, 
  "yCenter": 0.6955854, 
  "height": 0.18520945
}