{
  "width": 0.16887198, 
  "rotation": -3.1124268, 
  "xCenter": 0.9113046, 
  "yCenter": 0.7014562, 
  "height": 0.21108997
}