{
  "width": 0.19902892, 
  "rotation": 2.8288684, 
  "xCenter": 0.8998129, 
  "yCenter": 0.7130993, 
  "height": 0.24878615
}