{
  "width": 0.21864916, 
  "rotation": -3.0093215, 
  "xCenter": 0.84344804, 
  "yCenter": 0.7262441, 
  "height": 0.27331147
}