{
  "width": 0.124752365, 
  "rotation": -3.1021466, 
  "xCenter": 0.60412127, 
  "yCenter": 0.6485441, 
  "height": 0.15594046
}