{
  "width": 0.18578099, 
  "rotation": 2.9196858, 
  "xCenter": 0.68353033, 
  "yCenter": 0.71913195, 
  "height": 0.23222622
}