{
  "width": 0.15950315, 
  "rotation": -3.1092088, 
  "xCenter": 0.63782954, 
  "yCenter": 0.72325265, 
  "height": 0.19937894
}