{
  "width": 0.18155102, 
  "rotation": 3.062903, 
  "xCenter": 0.6494529, 
  "yCenter": 0.7749797, 
  "height": 0.22693877
}