{
  "width": 0.19788569, 
  "rotation": -3.1148453, 
  "xCenter": 0.87402153, 
  "yCenter": 0.7487541, 
  "height": 0.24735712
}