{
  "width": 0.21474697, 
  "rotation": 2.9670682, 
  "xCenter": 0.868073, 
  "yCenter": 0.7562116, 
  "height": 0.26843372
}