{
  "width": 0.1630407, 
  "rotation": 3.0930743, 
  "xCenter": 0.63024557, 
  "yCenter": 0.74608266, 
  "height": 0.20380086
}