{
  "width": 0.14308563, 
  "rotation": 2.7752771, 
  "xCenter": 0.88943505, 
  "yCenter": 0.53284746, 
  "height": 0.17885704
}