{
  "width": 0.22317357, 
  "rotation": 2.9187565, 
  "xCenter": 0.90244824, 
  "yCenter": 0.7178775, 
  "height": 0.27896696
}