{
  "width": 0.19701368, 
  "rotation": -2.9769733, 
  "xCenter": 0.8447469, 
  "yCenter": 0.69453424, 
  "height": 0.24626708
}