{
  "width": 0.1488423, 
  "rotation": 3.0697465, 
  "xCenter": 0.84281725, 
  "yCenter": 0.69377583, 
  "height": 0.18605289
}