{
  "width": 0.15277767, 
  "rotation": 2.8739545, 
  "xCenter": 0.8041258, 
  "yCenter": 0.721693, 
  "height": 0.19097209
}