{
  "width": 0.21432358, 
  "rotation": 2.812773, 
  "xCenter": 0.69315714, 
  "yCenter": 0.7260657, 
  "height": 0.2679045
}