{
  "width": 0.11067486, 
  "rotation": 2.6738937, 
  "xCenter": 0.8167497, 
  "yCenter": 0.41862762, 
  "height": 0.13834357
}