{
  "width": 0.18129005, 
  "rotation": 2.7807674, 
  "xCenter": 0.88853323, 
  "yCenter": 0.6873455, 
  "height": 0.22661255
}