{
  "width": 0.1918786, 
  "rotation": 2.9662402, 
  "xCenter": 0.8913123, 
  "yCenter": 0.69371223, 
  "height": 0.23984826
}