{
  "width": 0.19809785, 
  "rotation": -2.9278283, 
  "xCenter": 0.8419943, 
  "yCenter": 0.6918738, 
  "height": 0.24762231
}