{
  "width": 0.18787187, 
  "rotation": -3.0175707, 
  "xCenter": 0.85189646, 
  "yCenter": 0.69601244, 
  "height": 0.23483983
}