{
  "width": 0.17335625, 
  "rotation": 2.940617, 
  "xCenter": 0.6523151, 
  "yCenter": 0.7626378, 
  "height": 0.21669531
}