{
  "width": 0.15346885, 
  "rotation": 2.8317065, 
  "xCenter": 0.8150441, 
  "yCenter": 0.7316806, 
  "height": 0.19183606
}