{
  "width": 0.15605548, 
  "rotation": -3.0418594, 
  "xCenter": 0.6142539, 
  "yCenter": 0.7400309, 
  "height": 0.19506936
}