{
  "width": 0.1726905, 
  "rotation": -3.09925, 
  "xCenter": 0.899818, 
  "yCenter": 0.70773065, 
  "height": 0.21586311
}