{
  "width": 0.15842128, 
  "rotation": 2.8283882, 
  "xCenter": 0.8052768, 
  "yCenter": 0.71817195, 
  "height": 0.19802661
}