{
  "width": 0.16784963, 
  "rotation": 2.021306, 
  "xCenter": 0.4934672, 
  "yCenter": 0.323655, 
  "height": 0.20981203
}