{
  "width": 0.064921975, 
  "rotation": -1.9116267, 
  "xCenter": 0.55734843, 
  "yCenter": 0.20232868, 
  "height": 0.08115247
}