{
  "width": 0.21247183, 
  "rotation": -3.0239966, 
  "xCenter": 0.8544291, 
  "yCenter": 0.7292007, 
  "height": 0.26558977
}