{
  "width": 0.21064873, 
  "rotation": 2.9992957, 
  "xCenter": 0.88616097, 
  "yCenter": 0.76769024, 
  "height": 0.2633109
}