{
  "width": 0.12439595, 
  "rotation": -2.1956146, 
  "xCenter": 0.5029694, 
  "yCenter": 0.3182569, 
  "height": 0.15549494
}