{
  "width": 0.2076962, 
  "rotation": 3.0228562, 
  "xCenter": 0.8845793, 
  "yCenter": 0.70305073, 
  "height": 0.25962025
}