{
  "width": 0.15867776, 
  "rotation": -2.9239364, 
  "xCenter": 0.5028126, 
  "yCenter": 0.67647976, 
  "height": 0.19834721
}