{
  "width": 0.15236768, 
  "rotation": -2.906679, 
  "xCenter": 0.4987376, 
  "yCenter": 0.6872848, 
  "height": 0.19045961
}