{
  "width": 0.08915298, 
  "rotation": -1.7846078, 
  "xCenter": 0.55171144, 
  "yCenter": 0.20474465, 
  "height": 0.11144122
}