{
  "width": 0.15348062, 
  "rotation": -2.7943997, 
  "xCenter": 0.47226527, 
  "yCenter": 0.67555606, 
  "height": 0.19185078
}