{
  "width": 0.16399191, 
  "rotation": -3.045505, 
  "xCenter": 0.8090434, 
  "yCenter": 0.7564019, 
  "height": 0.20498988
}