{
  "width": 0.21695362, 
  "rotation": 2.8174405, 
  "xCenter": 0.692658, 
  "yCenter": 0.72738224, 
  "height": 0.271192
}