{
  "width": 0.18103899, 
  "rotation": 2.7682004, 
  "xCenter": 0.9036473, 
  "yCenter": 0.69042814, 
  "height": 0.22629873
}