{
  "width": 0.20616601, 
  "rotation": 2.8028283, 
  "xCenter": 0.87671, 
  "yCenter": 0.7685795, 
  "height": 0.2577075
}