{
  "width": 0.16311182, 
  "rotation": 3.006085, 
  "xCenter": 0.6333866, 
  "yCenter": 0.6884294, 
  "height": 0.20388977
}