{
  "width": 0.16002649, 
  "rotation": -3.1299825, 
  "xCenter": 0.8982295, 
  "yCenter": 0.69937813, 
  "height": 0.20003311
}