{
  "width": 0.18631285, 
  "rotation": 2.7875712, 
  "xCenter": 0.68709, 
  "yCenter": 0.7453871, 
  "height": 0.23289105
}