{
  "width": 0.18063018, 
  "rotation": 2.9828959, 
  "xCenter": 0.675103, 
  "yCenter": 0.71468884, 
  "height": 0.22578771
}