{
  "width": 0.12738976, 
  "rotation": 2.4398742, 
  "xCenter": 0.5178119, 
  "yCenter": 0.35284448, 
  "height": 0.15923719
}