{
  "width": 0.20143871, 
  "rotation": -1.2773637, 
  "xCenter": 0.72484934, 
  "yCenter": 0.47978467, 
  "height": 0.2517984
}