{
  "width": 0.15473527, 
  "rotation": 2.8760886, 
  "xCenter": 0.8008512, 
  "yCenter": 0.7145893, 
  "height": 0.1934191
}