{
  "width": 0.18467309, 
  "rotation": 2.837782, 
  "xCenter": 0.67207307, 
  "yCenter": 0.7493595, 
  "height": 0.23084135
}