{
  "width": 0.08541882, 
  "rotation": 2.677352, 
  "xCenter": 0.43256447, 
  "yCenter": 0.48912868, 
  "height": 0.106773525
}