{
  "width": 0.14778554, 
  "rotation": -3.004955, 
  "xCenter": 0.78218067, 
  "yCenter": 0.7509657, 
  "height": 0.18473195
}