{
  "width": 0.20820296, 
  "rotation": -2.999546, 
  "xCenter": 0.8539207, 
  "yCenter": 0.70713186, 
  "height": 0.2602537
}