{
  "width": 0.19875973, 
  "rotation": 2.9758246, 
  "xCenter": 0.6718009, 
  "yCenter": 0.77520454, 
  "height": 0.24844967
}