{
  "width": 0.16223824, 
  "rotation": -3.1007638, 
  "xCenter": 0.6287336, 
  "yCenter": 0.7463916, 
  "height": 0.20279782
}