{
  "width": 0.17581488, 
  "rotation": 2.531209, 
  "xCenter": 0.9701639, 
  "yCenter": 0.6834778, 
  "height": 0.2197686
}