{
  "width": 0.16861582, 
  "rotation": 2.784037, 
  "xCenter": 0.86130947, 
  "yCenter": 0.6680674, 
  "height": 0.21076976
}