{
  "width": 0.152517, 
  "rotation": -2.821019, 
  "xCenter": 0.5099447, 
  "yCenter": 0.65934634, 
  "height": 0.19064626
}