{
  "width": 0.15259294, 
  "rotation": 3.0774117, 
  "xCenter": 0.80231744, 
  "yCenter": 0.73815095, 
  "height": 0.19074118
}