{
  "width": 0.1591013, 
  "rotation": -3.1080492, 
  "xCenter": 0.63775843, 
  "yCenter": 0.7246825, 
  "height": 0.19887663
}