{
  "width": 0.23105189, 
  "rotation": -2.9857092, 
  "xCenter": 0.8547986, 
  "yCenter": 0.7330184, 
  "height": 0.28881487
}