{
  "width": 0.20091152, 
  "rotation": 3.0122933, 
  "xCenter": 0.66297144, 
  "yCenter": 0.74053186, 
  "height": 0.2511394
}