{
  "width": 0.19947897, 
  "rotation": 2.9876652, 
  "xCenter": 0.8784455, 
  "yCenter": 0.72546273, 
  "height": 0.2493487
}