{
  "width": 0.101393916, 
  "rotation": 2.596485, 
  "xCenter": 0.5089443, 
  "yCenter": 0.34691355, 
  "height": 0.1267424
}