{
  "width": 0.11180268, 
  "rotation": 2.1140401, 
  "xCenter": 0.10207919, 
  "yCenter": 0.16672938, 
  "height": 0.13975334
}