{
  "width": 0.16627061, 
  "rotation": 2.9542203, 
  "xCenter": 0.63477176, 
  "yCenter": 0.7604484, 
  "height": 0.20783827
}