{
  "width": 0.08347524, 
  "rotation": 2.6478286, 
  "xCenter": 0.43383324, 
  "yCenter": 0.4885534, 
  "height": 0.10434405
}