{
  "width": 0.1856164, 
  "rotation": 3.0600371, 
  "xCenter": 0.64702755, 
  "yCenter": 0.7717948, 
  "height": 0.2320205
}