{
  "width": 0.17099324, 
  "rotation": -2.8985913, 
  "xCenter": 0.50625443, 
  "yCenter": 0.68917745, 
  "height": 0.21374154
}