{
  "width": 0.15414762, 
  "rotation": 2.8188195, 
  "xCenter": 0.92278093, 
  "yCenter": 0.60508925, 
  "height": 0.19268453
}