{
  "width": 0.20341681, 
  "rotation": -2.9530492, 
  "xCenter": 0.8454581, 
  "yCenter": 0.6963491, 
  "height": 0.254271
}