{
  "width": 0.087570995, 
  "rotation": 2.5190878, 
  "xCenter": 0.44871986, 
  "yCenter": 0.19733031, 
  "height": 0.109463744
}