{
  "width": 0.16984257, 
  "rotation": -2.959228, 
  "xCenter": 0.6128287, 
  "yCenter": 0.70758843, 
  "height": 0.2123032
}