{
  "width": 0.13224, 
  "rotation": -3.074065, 
  "xCenter": 0.52447945, 
  "yCenter": 0.5363447, 
  "height": 0.1653
}