{
  "width": 0.15151596, 
  "rotation": 3.1243992, 
  "xCenter": 0.5230973, 
  "yCenter": 0.6849241, 
  "height": 0.18939495
}