{
  "width": 0.14234757, 
  "rotation": 2.7082667, 
  "xCenter": 0.58770126, 
  "yCenter": 0.68206155, 
  "height": 0.17793448
}