{
  "width": 0.19056869, 
  "rotation": 2.9391322, 
  "xCenter": 0.86589766, 
  "yCenter": 0.7184676, 
  "height": 0.23821086
}