{
  "width": 0.17121485, 
  "rotation": 2.9460702, 
  "xCenter": 0.6373287, 
  "yCenter": 0.7665969, 
  "height": 0.21401855
}