{
  "width": 0.2077461, 
  "rotation": 2.9017663, 
  "xCenter": 0.8956426, 
  "yCenter": 0.7388782, 
  "height": 0.25968263
}