{
  "width": 0.156603, 
  "rotation": 3.042808, 
  "xCenter": 0.543264, 
  "yCenter": 0.6895752, 
  "height": 0.19575375
}