{
  "width": 0.19225882, 
  "rotation": 2.7445621, 
  "xCenter": 0.702962, 
  "yCenter": 0.6974389, 
  "height": 0.24032351
}