{
  "width": 0.1522193, 
  "rotation": 3.1375155, 
  "xCenter": 0.7926184, 
  "yCenter": 0.75992423, 
  "height": 0.19027413
}