{
  "width": 0.19557266, 
  "rotation": 1.19642, 
  "xCenter": 0.72546524, 
  "yCenter": 0.43117753, 
  "height": 0.24446583
}