{
  "width": 0.14667393, 
  "rotation": 2.7601924, 
  "xCenter": 0.5812682, 
  "yCenter": 0.6777294, 
  "height": 0.18334243
}