{
  "width": 0.19591078, 
  "rotation": 2.9940968, 
  "xCenter": 0.8916939, 
  "yCenter": 0.6943908, 
  "height": 0.24488848
}