{
  "width": 0.17939442, 
  "rotation": 2.857551, 
  "xCenter": 0.8498993, 
  "yCenter": 0.6926817, 
  "height": 0.22424303
}