{
  "width": 0.17004372, 
  "rotation": 2.868761, 
  "xCenter": 0.8947801, 
  "yCenter": 0.69507295, 
  "height": 0.21255465
}