{
  "width": 0.19254397, 
  "rotation": 2.8385801, 
  "xCenter": 0.84018874, 
  "yCenter": 0.7677556, 
  "height": 0.24067995
}