{
  "width": 0.19461563, 
  "rotation": -2.990258, 
  "xCenter": 0.8588668, 
  "yCenter": 0.74113595, 
  "height": 0.24326953
}