{
  "width": 0.23090157, 
  "rotation": -3.025009, 
  "xCenter": 0.8575679, 
  "yCenter": 0.7362023, 
  "height": 0.28862697
}