{
  "width": 0.14351855, 
  "rotation": 3.0289998, 
  "xCenter": 0.61197805, 
  "yCenter": 0.73530036, 
  "height": 0.1793982
}