{
  "width": 0.1638839, 
  "rotation": 3.119277, 
  "xCenter": 0.808164, 
  "yCenter": 0.75963813, 
  "height": 0.20485486
}