{
  "width": 0.20472415, 
  "rotation": 1.2495608, 
  "xCenter": 0.7188851, 
  "yCenter": 0.42815104, 
  "height": 0.25590518
}