{
  "width": 0.185752, 
  "rotation": 2.938407, 
  "xCenter": 0.83748084, 
  "yCenter": 0.7795582, 
  "height": 0.23219
}