{
  "width": 0.19921009, 
  "rotation": 2.849298, 
  "xCenter": 0.6775729, 
  "yCenter": 0.729079, 
  "height": 0.2490126
}