{
  "width": 0.16503023, 
  "rotation": 2.9636135, 
  "xCenter": 0.6338793, 
  "yCenter": 0.7570113, 
  "height": 0.20628777
}