{
  "width": 0.16909948, 
  "rotation": -2.9981341, 
  "xCenter": 0.88969374, 
  "yCenter": 0.692824, 
  "height": 0.21137434
}