{
  "width": 0.18782197, 
  "rotation": 2.991023, 
  "xCenter": 0.66395336, 
  "yCenter": 0.77112806, 
  "height": 0.23477745
}