{
  "width": 0.19869915, 
  "rotation": -2.9528525, 
  "xCenter": 0.6600965, 
  "yCenter": 0.7532036, 
  "height": 0.24837393
}