{
  "width": 0.74373347, 
  "rotation": -1.4117261, 
  "xCenter": 0.21895877, 
  "yCenter": 0.49649245, 
  "height": 0.92966676
}