{
  "width": 0.19695276, 
  "rotation": 2.9803028, 
  "xCenter": 0.6828796, 
  "yCenter": 0.7578963, 
  "height": 0.24619095
}