{
  "width": 0.15288366, 
  "rotation": -2.8405974, 
  "xCenter": 0.45642936, 
  "yCenter": 0.6761757, 
  "height": 0.19110459
}