{
  "width": 0.16701573, 
  "rotation": 2.82041, 
  "xCenter": 0.59472257, 
  "yCenter": 0.6972519, 
  "height": 0.20876965
}