{
  "width": 0.2287115, 
  "rotation": -3.0110996, 
  "xCenter": 0.85082036, 
  "yCenter": 0.7320726, 
  "height": 0.2858894
}