{
  "width": 0.16529104, 
  "rotation": 3.0708923, 
  "xCenter": 0.8017823, 
  "yCenter": 0.7624149, 
  "height": 0.2066138
}