{
  "width": 0.16696924, 
  "rotation": 2.03372, 
  "xCenter": 0.3798048, 
  "yCenter": 0.23899361, 
  "height": 0.20871153
}