{
  "width": 0.14009614, 
  "rotation": 3.094665, 
  "xCenter": 0.609513, 
  "yCenter": 0.7293242, 
  "height": 0.17512019
}