{
  "width": 0.17914167, 
  "rotation": 2.7019405, 
  "xCenter": 0.8590748, 
  "yCenter": 0.67672324, 
  "height": 0.22392708
}