{
  "width": 0.15432614, 
  "rotation": 2.9447265, 
  "xCenter": 0.63142174, 
  "yCenter": 0.7569152, 
  "height": 0.19290769
}