{
  "width": 0.21892641, 
  "rotation": -3.0681484, 
  "xCenter": 0.862591, 
  "yCenter": 0.74242467, 
  "height": 0.273658
}