{
  "width": 0.12465225, 
  "rotation": 1.8420439, 
  "xCenter": 0.7267098, 
  "yCenter": 0.6179536, 
  "height": 0.15581532
}