{
  "width": 0.19780418, 
  "rotation": -2.933267, 
  "xCenter": 0.8423101, 
  "yCenter": 0.6916721, 
  "height": 0.24725522
}