{
  "width": 0.11203923, 
  "rotation": -3.1055636, 
  "xCenter": 0.48588347, 
  "yCenter": 0.48548168, 
  "height": 0.14004904
}