{
  "width": 0.13540924, 
  "rotation": -3.00862, 
  "xCenter": 0.5051199, 
  "yCenter": 0.6896476, 
  "height": 0.16926154
}