{
  "width": 0.17374213, 
  "rotation": -3.032595, 
  "xCenter": 0.6075681, 
  "yCenter": 0.7139219, 
  "height": 0.21717766
}