{
  "width": 0.09097178, 
  "rotation": 2.476139, 
  "xCenter": 0.44406116, 
  "yCenter": 0.1964482, 
  "height": 0.113714725
}