{
  "width": 0.16771728, 
  "rotation": -3.1338184, 
  "xCenter": 0.905747, 
  "yCenter": 0.711542, 
  "height": 0.2096466
}