{
  "width": 0.14181633, 
  "rotation": -3.0916336, 
  "xCenter": 0.7876968, 
  "yCenter": 0.7516126, 
  "height": 0.17727043
}