{
  "width": 0.18492508, 
  "rotation": 3.0045238, 
  "xCenter": 0.8298369, 
  "yCenter": 0.773787, 
  "height": 0.23115633
}