{
  "width": 0.21964316, 
  "rotation": 2.8344512, 
  "xCenter": 0.69124043, 
  "yCenter": 0.72640496, 
  "height": 0.27455395
}