{
  "width": 0.18481396, 
  "rotation": -3.0679324, 
  "xCenter": 0.63371915, 
  "yCenter": 0.72761047, 
  "height": 0.23101744
}