{
  "width": 0.16376224, 
  "rotation": -2.9859622, 
  "xCenter": 0.8319754, 
  "yCenter": 0.69190305, 
  "height": 0.2047028
}