{
  "width": 0.2109063, 
  "rotation": 2.7229576, 
  "xCenter": 0.7216642, 
  "yCenter": 0.7110786, 
  "height": 0.26363286
}