{
  "width": 0.20172079, 
  "rotation": 2.7767766, 
  "xCenter": 0.71676284, 
  "yCenter": 0.70709884, 
  "height": 0.25215098
}