{
  "width": 0.19970477, 
  "rotation": -2.9834158, 
  "xCenter": 0.66075504, 
  "yCenter": 0.74689674, 
  "height": 0.24963094
}