{
  "width": 0.22013457, 
  "rotation": 2.9877987, 
  "xCenter": 0.862324, 
  "yCenter": 0.75951034, 
  "height": 0.2751682
}