{
  "width": 0.19337772, 
  "rotation": -2.9841106, 
  "xCenter": 0.84761995, 
  "yCenter": 0.69872963, 
  "height": 0.24172214
}