{
  "width": 0.086332306, 
  "rotation": 3.0919185, 
  "xCenter": 0.43328717, 
  "yCenter": 0.47873122, 
  "height": 0.10791538
}