{
  "width": 0.17550045, 
  "rotation": 2.7170281, 
  "xCenter": 0.97176874, 
  "yCenter": 0.6841806, 
  "height": 0.21937555
}