{
  "width": 0.17303546, 
  "rotation": -3.0502307, 
  "xCenter": 0.88540274, 
  "yCenter": 0.7042977, 
  "height": 0.21629432
}