{
  "width": 0.18755835, 
  "rotation": -3.1028283, 
  "xCenter": 0.6548414, 
  "yCenter": 0.72438866, 
  "height": 0.23444794
}