{
  "width": 0.16712944, 
  "rotation": -3.091323, 
  "xCenter": 0.86481386, 
  "yCenter": 0.71577525, 
  "height": 0.2089118
}