{
  "width": 0.1724024, 
  "rotation": -3.0221913, 
  "xCenter": 0.89001125, 
  "yCenter": 0.69857067, 
  "height": 0.21550299
}