{
  "width": 0.21315448, 
  "rotation": -2.9833238, 
  "xCenter": 0.854909, 
  "yCenter": 0.7354852, 
  "height": 0.2664431
}