{
  "width": 0.17886272, 
  "rotation": -2.9974225, 
  "xCenter": 0.8314204, 
  "yCenter": 0.77088535, 
  "height": 0.2235784
}