{
  "width": 0.15855843, 
  "rotation": 3.027427, 
  "xCenter": 0.5139609, 
  "yCenter": 0.6855886, 
  "height": 0.19819805
}