{
  "width": 0.21102175, 
  "rotation": -3.046825, 
  "xCenter": 0.85577995, 
  "yCenter": 0.74256915, 
  "height": 0.2637772
}