{
  "width": 0.18083629, 
  "rotation": -3.0486317, 
  "xCenter": 0.8552885, 
  "yCenter": 0.69517994, 
  "height": 0.22604536
}