{
  "width": 0.18387747, 
  "rotation": 2.899364, 
  "xCenter": 0.83905196, 
  "yCenter": 0.78233135, 
  "height": 0.22984682
}