{
  "width": 0.18651183, 
  "rotation": 3.0424604, 
  "xCenter": 0.68038595, 
  "yCenter": 0.74833584, 
  "height": 0.23313978
}