{
  "width": 0.19147234, 
  "rotation": -2.9554627, 
  "xCenter": 0.8597903, 
  "yCenter": 0.69079196, 
  "height": 0.23934041
}