{
  "width": 0.2230358, 
  "rotation": 3.051671, 
  "xCenter": 0.8677264, 
  "yCenter": 0.75176305, 
  "height": 0.27879477
}