{
  "width": 0.16064297, 
  "rotation": -3.1018362, 
  "xCenter": 0.61765397, 
  "yCenter": 0.75259626, 
  "height": 0.20080371
}