{
  "width": 0.15296224, 
  "rotation": 2.8331425, 
  "xCenter": 0.7964023, 
  "yCenter": 0.70773625, 
  "height": 0.1912028
}