{
  "width": 0.21837626, 
  "rotation": -3.0051534, 
  "xCenter": 0.8570164, 
  "yCenter": 0.7405416, 
  "height": 0.27297032
}