{
  "width": 0.4469416, 
  "rotation": -1.8534545, 
  "xCenter": 0.7489511, 
  "yCenter": 0.58055514, 
  "height": 0.558677
}