{
  "width": 0.2307559, 
  "rotation": -3.0250845, 
  "xCenter": 0.8576849, 
  "yCenter": 0.73645896, 
  "height": 0.28844488
}