{
  "width": 0.17728758, 
  "rotation": 2.876216, 
  "xCenter": 0.6450443, 
  "yCenter": 0.75230324, 
  "height": 0.22160947
}