{
  "width": 0.19437419, 
  "rotation": -2.9930031, 
  "xCenter": 0.8563062, 
  "yCenter": 0.71077263, 
  "height": 0.24296772
}