{
  "width": 0.16191086, 
  "rotation": -2.9075208, 
  "xCenter": 0.49743786, 
  "yCenter": 0.68782175, 
  "height": 0.20238858
}