{
  "width": 0.16493228, 
  "rotation": -2.9163046, 
  "xCenter": 0.5112007, 
  "yCenter": 0.68829817, 
  "height": 0.20616534
}