{
  "width": 0.18742663, 
  "rotation": 2.872281, 
  "xCenter": 0.66524404, 
  "yCenter": 0.75150776, 
  "height": 0.23428328
}