{
  "width": 0.1816595, 
  "rotation": 3.0555825, 
  "xCenter": 0.81778836, 
  "yCenter": 0.7631741, 
  "height": 0.22707437
}