{
  "width": 0.18857048, 
  "rotation": 2.8604202, 
  "xCenter": 0.6610665, 
  "yCenter": 0.7424645, 
  "height": 0.2357131
}