{
  "width": 0.17517734, 
  "rotation": -3.0503302, 
  "xCenter": 0.6477644, 
  "yCenter": 0.72307074, 
  "height": 0.21897165
}