{
  "width": 0.1725039, 
  "rotation": 2.9656773, 
  "xCenter": 0.65905035, 
  "yCenter": 0.7627912, 
  "height": 0.21562988
}