{
  "width": 0.16392814, 
  "rotation": -2.0225327, 
  "xCenter": 0.6924628, 
  "yCenter": 0.45214683, 
  "height": 0.20491017
}