{
  "width": 0.15708643, 
  "rotation": -2.8153915, 
  "xCenter": 0.48643246, 
  "yCenter": 0.67476094, 
  "height": 0.19635804
}