{
  "width": 0.08891615, 
  "rotation": 2.5640378, 
  "xCenter": 0.39210656, 
  "yCenter": 0.15019484, 
  "height": 0.11114519
}