{
  "width": 0.19295108, 
  "rotation": 2.918768, 
  "xCenter": 0.863643, 
  "yCenter": 0.7184214, 
  "height": 0.24118884
}