{
  "width": 0.1522974, 
  "rotation": 2.8379946, 
  "xCenter": 0.8050252, 
  "yCenter": 0.7172278, 
  "height": 0.19037177
}