{
  "width": 0.16358867, 
  "rotation": -2.9190676, 
  "xCenter": 0.51115143, 
  "yCenter": 0.68898743, 
  "height": 0.20448583
}