{
  "width": 0.1625251, 
  "rotation": -2.8533413, 
  "xCenter": 0.4980438, 
  "yCenter": 0.6830723, 
  "height": 0.20315637
}