{
  "width": 0.20228396, 
  "rotation": -2.914428, 
  "xCenter": 0.84294367, 
  "yCenter": 0.6912535, 
  "height": 0.25285494
}