{
  "width": 0.11505126, 
  "rotation": 2.7444663, 
  "xCenter": 0.81237805, 
  "yCenter": 0.4203574, 
  "height": 0.14381409
}