{
  "width": 0.16100328, 
  "rotation": -3.0947487, 
  "xCenter": 0.616413, 
  "yCenter": 0.74831617, 
  "height": 0.2012541
}