{
  "width": 0.18011475, 
  "rotation": 3.0609174, 
  "xCenter": 0.817194, 
  "yCenter": 0.7623392, 
  "height": 0.22514342
}