{
  "width": 0.20100266, 
  "rotation": 2.8309119, 
  "xCenter": 0.69181675, 
  "yCenter": 0.746177, 
  "height": 0.2512533
}