{
  "width": 0.14883967, 
  "rotation": -3.0020378, 
  "xCenter": 0.7868123, 
  "yCenter": 0.72487056, 
  "height": 0.1860496
}