{
  "width": 0.18547446, 
  "rotation": -3.0282786, 
  "xCenter": 0.841915, 
  "yCenter": 0.76748335, 
  "height": 0.23184305
}