{
  "width": 0.21239527, 
  "rotation": -2.9957354, 
  "xCenter": 0.855509, 
  "yCenter": 0.73596686, 
  "height": 0.26549408
}