{
  "width": 0.13318424, 
  "rotation": 3.0588942, 
  "xCenter": 0.62602586, 
  "yCenter": 0.7370431, 
  "height": 0.1664803
}