{
  "width": 0.15017328, 
  "rotation": 1.8446271, 
  "xCenter": 0.34601068, 
  "yCenter": 0.21476014, 
  "height": 0.1877166
}