{
  "width": 0.1921601, 
  "rotation": 2.7454653, 
  "xCenter": 0.7028936, 
  "yCenter": 0.69728565, 
  "height": 0.24020012
}