{
  "width": 0.074533924, 
  "rotation": 2.1431255, 
  "xCenter": 0.09920637, 
  "yCenter": 0.14925346, 
  "height": 0.09316741
}