{
  "width": 0.15228257, 
  "rotation": 2.9881845, 
  "xCenter": 0.8920428, 
  "yCenter": 0.7009396, 
  "height": 0.19035321
}