{
  "width": 0.15263517, 
  "rotation": 1.813491, 
  "xCenter": 0.33962128, 
  "yCenter": 0.2106406, 
  "height": 0.19079396
}