{
  "width": 0.1543838, 
  "rotation": 2.840422, 
  "xCenter": 0.8126168, 
  "yCenter": 0.7249157, 
  "height": 0.19297975
}