{
  "width": 0.17528287, 
  "rotation": -3.1261337, 
  "xCenter": 0.64735866, 
  "yCenter": 0.7741963, 
  "height": 0.21910357
}