{
  "width": 0.21213058, 
  "rotation": 3.0072808, 
  "xCenter": 0.88509303, 
  "yCenter": 0.76803076, 
  "height": 0.2651632
}