{
  "width": 0.17886195, 
  "rotation": 2.9492974, 
  "xCenter": 0.8231562, 
  "yCenter": 0.7609457, 
  "height": 0.22357742
}