{
  "width": 0.1984374, 
  "rotation": 2.806581, 
  "xCenter": 0.69715995, 
  "yCenter": 0.70611024, 
  "height": 0.24804674
}