{
  "width": 0.22256143, 
  "rotation": 2.9876757, 
  "xCenter": 0.8683195, 
  "yCenter": 0.75125206, 
  "height": 0.2782018
}