{
  "width": 0.16958834, 
  "rotation": -2.7004416, 
  "xCenter": 0.47805145, 
  "yCenter": 0.67733914, 
  "height": 0.21198542
}