{
  "width": 0.17538856, 
  "rotation": -2.968517, 
  "xCenter": 0.816466, 
  "yCenter": 0.76596147, 
  "height": 0.21923569
}