{
  "width": 0.18859357, 
  "rotation": 2.863639, 
  "xCenter": 0.670569, 
  "yCenter": 0.7356814, 
  "height": 0.23574196
}