{
  "width": 0.16289982, 
  "rotation": -3.0658286, 
  "xCenter": 0.5075929, 
  "yCenter": 0.6908997, 
  "height": 0.20362477
}