{
  "width": 0.16664937, 
  "rotation": 2.8645973, 
  "xCenter": 0.9105768, 
  "yCenter": 0.7048383, 
  "height": 0.2083117
}