{
  "width": 0.21475627, 
  "rotation": -3.1119764, 
  "xCenter": 0.8748233, 
  "yCenter": 0.7504034, 
  "height": 0.26844534
}