{
  "width": 0.14877552, 
  "rotation": 2.9912052, 
  "xCenter": 0.808484, 
  "yCenter": 0.7415897, 
  "height": 0.1859694
}