{
  "width": 0.17185411, 
  "rotation": -3.0102673, 
  "xCenter": 0.8905317, 
  "yCenter": 0.69639367, 
  "height": 0.21481763
}