{
  "width": 0.18159318, 
  "rotation": 2.812156, 
  "xCenter": 0.8554443, 
  "yCenter": 0.67874575, 
  "height": 0.22699146
}