{
  "width": 0.14715838, 
  "rotation": 3.0850267, 
  "xCenter": 0.54879713, 
  "yCenter": 0.68347335, 
  "height": 0.18394798
}