{
  "width": 0.21592708, 
  "rotation": 2.9702241, 
  "xCenter": 0.8684065, 
  "yCenter": 0.75528866, 
  "height": 0.26990885
}