{
  "width": 0.15324119, 
  "rotation": -3.0594304, 
  "xCenter": 0.790914, 
  "yCenter": 0.7318405, 
  "height": 0.19155149
}