{
  "width": 0.1667002, 
  "rotation": 2.9341147, 
  "xCenter": 0.9015415, 
  "yCenter": 0.70023316, 
  "height": 0.20837525
}