{
  "width": 0.19009137, 
  "rotation": 2.9923093, 
  "xCenter": 0.8619691, 
  "yCenter": 0.71460116, 
  "height": 0.23761421
}