{
  "width": 0.15361312, 
  "rotation": 2.8731303, 
  "xCenter": 0.5857187, 
  "yCenter": 0.6948387, 
  "height": 0.19201641
}