{
  "width": 0.13715777, 
  "rotation": -1.456859, 
  "xCenter": 0.60513866, 
  "yCenter": 0.44104567, 
  "height": 0.17144722
}