{
  "width": 0.20661186, 
  "rotation": 3.0244498, 
  "xCenter": 0.87745875, 
  "yCenter": 0.77200115, 
  "height": 0.25826484
}