{
  "width": 0.1693205, 
  "rotation": -3.0686882, 
  "xCenter": 0.86475205, 
  "yCenter": 0.71682215, 
  "height": 0.21165061
}