{
  "width": 0.12599927, 
  "rotation": -2.992049, 
  "xCenter": 0.5037273, 
  "yCenter": 0.66264015, 
  "height": 0.15749909
}