{
  "width": 0.15647173, 
  "rotation": 3.1012616, 
  "xCenter": 0.617256, 
  "yCenter": 0.7362211, 
  "height": 0.19558968
}