{
  "width": 0.16134809, 
  "rotation": -3.0750258, 
  "xCenter": 0.61460763, 
  "yCenter": 0.74944997, 
  "height": 0.20168512
}