{
  "width": 0.16674995, 
  "rotation": 2.9503531, 
  "xCenter": 0.86245126, 
  "yCenter": 0.71927536, 
  "height": 0.20843743
}