{
  "width": 0.22642861, 
  "rotation": 2.8616018, 
  "xCenter": 0.9049828, 
  "yCenter": 0.71602476, 
  "height": 0.28303576
}