{
  "width": 0.2026466, 
  "rotation": -2.939635, 
  "xCenter": 0.84495795, 
  "yCenter": 0.6959159, 
  "height": 0.25330824
}