{
  "width": 0.13728273, 
  "rotation": -2.9233444, 
  "xCenter": 0.86251825, 
  "yCenter": 0.65529925, 
  "height": 0.17160341
}