{
  "width": 0.09412293, 
  "rotation": -3.0312755, 
  "xCenter": 0.50662327, 
  "yCenter": 0.48342234, 
  "height": 0.11765367
}