{
  "width": 0.20854266, 
  "rotation": 2.854506, 
  "xCenter": 0.6890492, 
  "yCenter": 0.71762455, 
  "height": 0.26067832
}