{
  "width": 0.17767377, 
  "rotation": -3.1077929, 
  "xCenter": 0.83931756, 
  "yCenter": 0.7491444, 
  "height": 0.22209221
}