{
  "width": 0.15780962, 
  "rotation": -3.0207202, 
  "xCenter": 0.508148, 
  "yCenter": 0.6683593, 
  "height": 0.19726202
}