{
  "width": 0.17212112, 
  "rotation": 2.9930518, 
  "xCenter": 0.8644258, 
  "yCenter": 0.7237197, 
  "height": 0.2151514
}