{
  "width": 0.18447147, 
  "rotation": 2.793497, 
  "xCenter": 0.90163726, 
  "yCenter": 0.6933623, 
  "height": 0.23058933
}