{
  "width": 0.20231201, 
  "rotation": 2.8456607, 
  "xCenter": 0.8864433, 
  "yCenter": 0.77495366, 
  "height": 0.25289002
}