{
  "width": 0.2085515, 
  "rotation": 2.7510328, 
  "xCenter": 0.6929262, 
  "yCenter": 0.7152399, 
  "height": 0.26068938
}