{
  "width": 0.14223352, 
  "rotation": -3.1042101, 
  "xCenter": 0.59199756, 
  "yCenter": 0.7170056, 
  "height": 0.17779191
}