{
  "width": 0.18949427, 
  "rotation": 2.9205222, 
  "xCenter": 0.84054387, 
  "yCenter": 0.7708674, 
  "height": 0.23686783
}