{
  "width": 0.1977907, 
  "rotation": 2.731935, 
  "xCenter": 0.7031306, 
  "yCenter": 0.6984672, 
  "height": 0.24723837
}