{
  "width": 0.17377949, 
  "rotation": -2.9969113, 
  "xCenter": 0.81860906, 
  "yCenter": 0.76158875, 
  "height": 0.21722434
}