{
  "width": 0.1501395, 
  "rotation": 2.9421973, 
  "xCenter": 0.84621483, 
  "yCenter": 0.68030256, 
  "height": 0.18767437
}