{
  "width": 0.091272965, 
  "rotation": 2.352849, 
  "xCenter": 0.113537244, 
  "yCenter": 0.30101135, 
  "height": 0.1140912
}