{
  "width": 0.17407098, 
  "rotation": 2.9768038, 
  "xCenter": 0.6342041, 
  "yCenter": 0.6980683, 
  "height": 0.21758872
}