{
  "width": 0.2145658, 
  "rotation": 2.8998797, 
  "xCenter": 0.6925742, 
  "yCenter": 0.7167022, 
  "height": 0.26820725
}