{
  "width": 0.17535943, 
  "rotation": 2.8673654, 
  "xCenter": 0.6527853, 
  "yCenter": 0.7486101, 
  "height": 0.21919927
}