{
  "width": 0.17901707, 
  "rotation": 2.944418, 
  "xCenter": 0.8615613, 
  "yCenter": 0.72578305, 
  "height": 0.22377133
}