{
  "width": 0.18214302, 
  "rotation": 3.1260886, 
  "xCenter": 0.87808496, 
  "yCenter": 0.7354924, 
  "height": 0.22767876
}