{
  "width": 0.154359, 
  "rotation": -2.7276573, 
  "xCenter": 0.4734493, 
  "yCenter": 0.6757011, 
  "height": 0.19294876
}