{
  "width": 0.16465116, 
  "rotation": -2.8946497, 
  "xCenter": 0.51151806, 
  "yCenter": 0.685514, 
  "height": 0.20581394
}