{
  "width": 0.17170037, 
  "rotation": -3.0282388, 
  "xCenter": 0.8857415, 
  "yCenter": 0.70231164, 
  "height": 0.21462546
}