{
  "width": 0.17890875, 
  "rotation": 2.7336195, 
  "xCenter": 0.9785647, 
  "yCenter": 0.6829597, 
  "height": 0.22363593
}