{
  "width": 0.087695055, 
  "rotation": 2.544269, 
  "xCenter": 0.448073, 
  "yCenter": 0.19740564, 
  "height": 0.10961881
}