{
  "width": 0.15951143, 
  "rotation": -2.8804073, 
  "xCenter": 0.498497, 
  "yCenter": 0.68234175, 
  "height": 0.1993893
}