{
  "width": 0.14892367, 
  "rotation": -2.9997013, 
  "xCenter": 0.7874634, 
  "yCenter": 0.7266118, 
  "height": 0.18615459
}