{
  "width": 0.1715702, 
  "rotation": 2.9193802, 
  "xCenter": 0.89325583, 
  "yCenter": 0.6999287, 
  "height": 0.21446274
}