{
  "width": 0.1994833, 
  "rotation": 2.8630438, 
  "xCenter": 0.69033456, 
  "yCenter": 0.7173193, 
  "height": 0.24935412
}