{
  "width": 0.16821505, 
  "rotation": -2.9744637, 
  "xCenter": 0.6250863, 
  "yCenter": 0.75718313, 
  "height": 0.21026881
}