{
  "width": 0.22344415, 
  "rotation": -3.021136, 
  "xCenter": 0.84457976, 
  "yCenter": 0.7324136, 
  "height": 0.2793052
}