{
  "width": 0.22796609, 
  "rotation": 2.903336, 
  "xCenter": 0.89630914, 
  "yCenter": 0.76417136, 
  "height": 0.28495762
}