{
  "width": 0.19632575, 
  "rotation": -2.9390285, 
  "xCenter": 0.8427169, 
  "yCenter": 0.6925445, 
  "height": 0.24540718
}