{
  "width": 0.1735664, 
  "rotation": 3.015255, 
  "xCenter": 0.6839943, 
  "yCenter": 0.74311996, 
  "height": 0.21695799
}