{
  "width": 0.17539181, 
  "rotation": 2.8603463, 
  "xCenter": 0.8982902, 
  "yCenter": 0.6979053, 
  "height": 0.21923976
}