{
  "width": 0.16080181, 
  "rotation": -3.0130918, 
  "xCenter": 0.81387585, 
  "yCenter": 0.77578783, 
  "height": 0.20100227
}