{
  "width": 0.17262386, 
  "rotation": 3.096038, 
  "xCenter": 0.65170306, 
  "yCenter": 0.77442294, 
  "height": 0.21577981
}