{
  "width": 0.12962034, 
  "rotation": 3.1356025, 
  "xCenter": 0.6010688, 
  "yCenter": 0.64024913, 
  "height": 0.16202544
}