{
  "width": 0.19608337, 
  "rotation": 2.7719529, 
  "xCenter": 0.69709486, 
  "yCenter": 0.70326054, 
  "height": 0.24510421
}