{
  "width": 0.19492991, 
  "rotation": 2.9738622, 
  "xCenter": 0.86751765, 
  "yCenter": 0.71478724, 
  "height": 0.24366239
}