{
  "width": 0.19523877, 
  "rotation": 2.8566127, 
  "xCenter": 0.671529, 
  "yCenter": 0.72755945, 
  "height": 0.24404846
}