{
  "width": 0.21931152, 
  "rotation": -3.0010645, 
  "xCenter": 0.84682107, 
  "yCenter": 0.71879363, 
  "height": 0.2741394
}