{
  "width": 0.1863192, 
  "rotation": 2.9737911, 
  "xCenter": 0.6358666, 
  "yCenter": 0.6819532, 
  "height": 0.232899
}