{
  "width": 0.21955203, 
  "rotation": 2.9848282, 
  "xCenter": 0.8679578, 
  "yCenter": 0.7502099, 
  "height": 0.27444005
}