{
  "width": 0.13202643, 
  "rotation": 3.0385542, 
  "xCenter": 0.56324536, 
  "yCenter": 0.64895016, 
  "height": 0.16503306
}