{
  "width": 0.17587781, 
  "rotation": -2.9889445, 
  "xCenter": 0.8191027, 
  "yCenter": 0.7640307, 
  "height": 0.21984725
}