{
  "width": 0.09233399, 
  "rotation": 2.5755763, 
  "xCenter": 0.38763678, 
  "yCenter": 0.14030783, 
  "height": 0.11541748
}