{
  "width": 0.19949198, 
  "rotation": 3.070044, 
  "xCenter": 0.8537613, 
  "yCenter": 0.72743255, 
  "height": 0.24936497
}