{
  "width": 0.16600919, 
  "rotation": -2.9488666, 
  "xCenter": 0.8264615, 
  "yCenter": 0.68777055, 
  "height": 0.20751147
}