{
  "width": 0.15977745, 
  "rotation": 2.8831153, 
  "xCenter": 0.588214, 
  "yCenter": 0.6996907, 
  "height": 0.19972181
}