{
  "width": 0.17261425, 
  "rotation": 3.0561066, 
  "xCenter": 0.81752425, 
  "yCenter": 0.7643843, 
  "height": 0.2157678
}