{
  "width": 0.22877674, 
  "rotation": 2.9112964, 
  "xCenter": 0.8995284, 
  "yCenter": 0.7233563, 
  "height": 0.28597093
}