{
  "width": 0.21000575, 
  "rotation": 2.8672585, 
  "xCenter": 0.8957235, 
  "yCenter": 0.7399885, 
  "height": 0.2625072
}