{
  "width": 0.1119543, 
  "rotation": 1.9459724, 
  "xCenter": 0.09747714, 
  "yCenter": 0.16071524, 
  "height": 0.13994288
}