{
  "width": 0.18219244, 
  "rotation": -3.0880163, 
  "xCenter": 0.8429003, 
  "yCenter": 0.76004773, 
  "height": 0.22774056
}