{
  "width": 0.17010617, 
  "rotation": -2.8273628, 
  "xCenter": 0.49306053, 
  "yCenter": 0.68533134, 
  "height": 0.21263272
}