{
  "width": 0.09721708, 
  "rotation": 2.1408176, 
  "xCenter": 0.28905827, 
  "yCenter": 0.36354694, 
  "height": 0.121521346
}