{
  "width": 0.14642087, 
  "rotation": 2.99753, 
  "xCenter": 0.89183646, 
  "yCenter": 0.69505197, 
  "height": 0.18302609
}