{
  "width": 0.20368986, 
  "rotation": 3.0668128, 
  "xCenter": 0.67113566, 
  "yCenter": 0.7549755, 
  "height": 0.25461233
}