{
  "width": 0.17237341, 
  "rotation": -3.1124403, 
  "xCenter": 0.9048988, 
  "yCenter": 0.7089218, 
  "height": 0.21546677
}