{
  "width": 0.19803262, 
  "rotation": 2.9496725, 
  "xCenter": 0.6632647, 
  "yCenter": 0.7374812, 
  "height": 0.24754076
}