{
  "width": 0.19633955, 
  "rotation": 2.9705653, 
  "xCenter": 0.6789194, 
  "yCenter": 0.7673125, 
  "height": 0.24542442
}