{
  "width": 0.08561975, 
  "rotation": 2.620819, 
  "xCenter": 0.42828435, 
  "yCenter": 0.48617178, 
  "height": 0.10702468
}