{
  "width": 0.176763, 
  "rotation": 2.8153434, 
  "xCenter": 0.87831587, 
  "yCenter": 0.6750042, 
  "height": 0.22095375
}