{
  "width": 0.20031643, 
  "rotation": -2.9942377, 
  "xCenter": 0.6615973, 
  "yCenter": 0.75287634, 
  "height": 0.25039554
}