{
  "width": 0.20832369, 
  "rotation": -2.978974, 
  "xCenter": 0.84924835, 
  "yCenter": 0.70879537, 
  "height": 0.26040462
}