{
  "width": 0.18396115, 
  "rotation": -3.0466378, 
  "xCenter": 0.63277173, 
  "yCenter": 0.7291056, 
  "height": 0.22995143
}