{
  "width": 0.1518906, 
  "rotation": -2.8946168, 
  "xCenter": 0.7975831, 
  "yCenter": 0.7459288, 
  "height": 0.18986326
}