{
  "width": 0.1602935, 
  "rotation": -2.8864172, 
  "xCenter": 0.5012877, 
  "yCenter": 0.6785773, 
  "height": 0.20036688
}