{
  "width": 0.1654801, 
  "rotation": -2.9551902, 
  "xCenter": 0.6233082, 
  "yCenter": 0.75784415, 
  "height": 0.20685013
}